path,filename,extension,date_original,create_date,gps_latitude,gps_longitude,make,model,file_type
/home/rich/Pictures/2018/20181013_010142.jpg,20181013_010142.jpg,.jpg,2018:10:13 01:01:42,2018:10:13 01:01:42,,,LG Electronics,LG-M150,JPEG
/home/rich/Pictures/2018/20181013_010148.jpg,20181013_010148.jpg,.jpg,2018:10:13 01:01:48,2018:10:13 01:01:48,,,LG Electronics,LG-M150,JPEG
/home/rich/Pictures/2018/20181013_010200.jpg,20181013_010200.jpg,.jpg,2018:10:13 01:01:59,2018:10:13 01:01:59,,,LG Electronics,LG-M150,JPEG
/home/rich/Pictures/2018/20181013_010226.jpg,20181013_010226.jpg,.jpg,2018:10:13 01:02:25,2018:10:13 01:02:25,,,LG Electronics,LG-M150,JPEG
/home/rich/Pictures/2018/20181013_010248.jpg,20181013_010248.jpg,.jpg,2018:10:13 01:02:48,2018:10:13 01:02:48,,,LG Electronics,LG-M150,JPEG
/home/rich/Pictures/2018/20181013_010251.jpg,20181013_010251.jpg,.jpg,2018:10:13 01:02:51,2018:10:13 01:02:51,,,LG Electronics,LG-M150,JPEG
/home/rich/Pictures/2018/20181013_204017.jpg,20181013_204017.jpg,.jpg,2018:10:13 20:40:17,2018:10:13 20:40:17,,,LG Electronics,LG-M150,JPEG
/home/rich/Pictures/2018/20181013_204022.jpg,20181013_204022.jpg,.jpg,2018:10:13 20:40:22,2018:10:13 20:40:22,,,LG Electronics,LG-M150,JPEG
/home/rich/Pictures/2018/20181013_204034_Burst01.jpg,20181013_204034_Burst01.jpg,.jpg,2018:10:13 20:40:33,2018:10:13 20:40:33,,,LG Electronics,LG-M150,JPEG
/home/rich/Pictures/2018/20181013_204037.jpg,20181013_204037.jpg,.jpg,2018:10:13 20:40:37,2018:10:13 20:40:37,,,LG Electronics,LG-M150,JPEG
/home/rich/Pictures/2018/20181014_182534.jpg,20181014_182534.jpg,.jpg,2018:10:14 18:25:34,2018:10:14 18:25:34,,,LG Electronics,LG-M150,JPEG
/home/rich/Pictures/2018/20181017_150238.jpg,20181017_150238.jpg,.jpg,2018:10:17 15:02:38,2018:10:17 15:02:38,,,LG Electronics,LG-M150,JPEG
/home/rich/Pictures/2018/20181017_150252.jpg,20181017_150252.jpg,.jpg,2018:10:17 15:02:52,2018:10:17 15:02:52,,,LG Electronics,LG-M150,JPEG
/home/rich/Pictures/2018/20181017_150300.jpg,20181017_150300.jpg,.jpg,2018:10:17 15:03:00,2018:10:17 15:03:00,,,LG Electronics,LG-M150,JPEG
/home/rich/Pictures/2018/20181018_192812.jpg,20181018_192812.jpg,.jpg,2018:10:18 19:28:12,2018:10:18 19:28:12,,,LG Electronics,LG-M150,JPEG
/home/rich/Pictures/2018/20181018_193250.jpg,20181018_193250.jpg,.jpg,2018:10:18 19:32:50,2018:10:18 19:32:50,,,LG Electronics,LG-M150,JPEG
/home/rich/Pictures/2018/20181018_193256.jpg,20181018_193256.jpg,.jpg,2018:10:18 19:32:55,2018:10:18 19:32:55,,,LG Electronics,LG-M150,JPEG
/home/rich/Pictures/2018/20181018_193308.jpg,20181018_193308.jpg,.jpg,2018:10:18 19:33:08,2018:10:18 19:33:08,,,LG Electronics,LG-M150,JPEG
/home/rich/Pictures/2018/20181018_193308~2.jpg,20181018_193308~2.jpg,.jpg,2018:10:18 19:33:08,2018:10:18 19:33:08,,,LG Electronics,LG-M150,JPEG
/home/rich/Pictures/2018/20181018_193321.jpg,20181018_193321.jpg,.jpg,2018:10:18 19:33:21,2018:10:18 19:33:21,,,LG Electronics,LG-M150,JPEG
/home/rich/Pictures/2018/20181018_193321~2.jpg,20181018_193321~2.jpg,.jpg,2018:10:18 19:33:21,2018:10:18 19:33:21,,,LG Electronics,LG-M150,JPEG
/home/rich/Pictures/2018/20181019_140406.jpg,20181019_140406.jpg,.jpg,2018:10:19 14:04:06,2018:10:19 14:04:06,,,LG Electronics,LG-M150,JPEG
/home/rich/Pictures/2018/20181019_140408.jpg,20181019_140408.jpg,.jpg,2018:10:19 14:04:08,2018:10:19 14:04:08,,,LG Electronics,LG-M150,JPEG
/home/rich/Pictures/2018/20181019_140439.jpg,20181019_140439.jpg,.jpg,2018:10:19 14:04:39,2018:10:19 14:04:39,,,LG Electronics,LG-M150,JPEG
/home/rich/Pictures/2018/20181019_140506.jpg,20181019_140506.jpg,.jpg,2018:10:19 14:05:06,2018:10:19 14:05:06,,,LG Electronics,LG-M150,JPEG
/home/rich/Pictures/2018/20181019_140518.jpg,20181019_140518.jpg,.jpg,2018:10:19 14:05:18,2018:10:19 14:05:18,,,LG Electronics,LG-M150,JPEG
/home/rich/Pictures/2018/20181019_140826.jpg,20181019_140826.jpg,.jpg,2018:10:19 14:08:26,2018:10:19 14:08:26,,,LG Electronics,LG-M150,JPEG
/home/rich/Pictures/2018/20181019_140829.jpg,20181019_140829.jpg,.jpg,2018:10:19 14:08:29,2018:10:19 14:08:29,,,LG Electronics,LG-M150,JPEG
/home/rich/Pictures/2018/20181019_141205.jpg,20181019_141205.jpg,.jpg,2018:10:19 14:12:05,2018:10:19 14:12:05,,,LG Electronics,LG-M150,JPEG
/home/rich/Pictures/2018/20181019_141208.jpg,20181019_141208.jpg,.jpg,2018:10:19 14:12:07,2018:10:19 14:12:07,,,LG Electronics,LG-M150,JPEG
/home/rich/Pictures/2018/20181019_141211.jpg,20181019_141211.jpg,.jpg,2018:10:19 14:12:11,2018:10:19 14:12:11,,,LG Electronics,LG-M150,JPEG
/home/rich/Pictures/2018/20181019_141214.jpg,20181019_141214.jpg,.jpg,2018:10:19 14:12:14,2018:10:19 14:12:14,,,LG Electronics,LG-M150,JPEG
/home/rich/Pictures/2018/20181021_104729.jpg,20181021_104729.jpg,.jpg,2018:10:21 10:47:29,2018:10:21 10:47:29,,,LG Electronics,LG-M150,JPEG
/home/rich/Pictures/2018/20181021_104735.jpg,20181021_104735.jpg,.jpg,2018:10:21 10:47:35,2018:10:21 10:47:35,,,LG Electronics,LG-M150,JPEG
/home/rich/Pictures/2018/20181021_151129.jpg,20181021_151129.jpg,.jpg,2018:10:21 15:11:29,2018:10:21 15:11:29,,,LG Electronics,LG-M150,JPEG
/home/rich/Pictures/2018/20181021_151138.jpg,20181021_151138.jpg,.jpg,2018:10:21 15:11:38,2018:10:21 15:11:38,,,LG Electronics,LG-M150,JPEG
/home/rich/Pictures/2018/20181021_151147.jpg,20181021_151147.jpg,.jpg,2018:10:21 15:11:47,2018:10:21 15:11:47,,,LG Electronics,LG-M150,JPEG
/home/rich/Pictures/2018/20181021_151159.jpg,20181021_151159.jpg,.jpg,2018:10:21 15:11:59,2018:10:21 15:11:59,,,LG Electronics,LG-M150,JPEG
/home/rich/Pictures/2018/20181021_160628.jpg,20181021_160628.jpg,.jpg,2018:10:21 16:06:28,2018:10:21 16:06:28,,,LG Electronics,LG-M150,JPEG
/home/rich/Pictures/2018/20181021_160628~2.jpg,20181021_160628~2.jpg,.jpg,2018:10:21 16:06:28,2018:10:21 16:06:28,,,LG Electronics,LG-M150,JPEG
/home/rich/Pictures/2018/20181021_205530.jpg,20181021_205530.jpg,.jpg,2018:10:21 20:55:29,2018:10:21 20:55:29,,,LG Electronics,LG-M150,JPEG
/home/rich/Pictures/2018/20181021_215053.jpg,20181021_215053.jpg,.jpg,2018:10:21 21:50:53,2018:10:21 21:50:53,,,LG Electronics,LG-M150,JPEG
/home/rich/Pictures/2018/20181021_215227.jpg,20181021_215227.jpg,.jpg,2018:10:21 21:52:27,2018:10:21 21:52:27,,,LG Electronics,LG-M150,JPEG
/home/rich/Pictures/2018/20181021_215233.jpg,20181021_215233.jpg,.jpg,2018:10:21 21:52:33,2018:10:21 21:52:33,,,LG Electronics,LG-M150,JPEG
/home/rich/Pictures/2018/20181024_180359.jpg,20181024_180359.jpg,.jpg,2018:10:24 18:03:59,2018:10:24 18:03:59,,,LG Electronics,LG-M150,JPEG
/home/rich/Pictures/2018/20181024_180624.jpg,20181024_180624.jpg,.jpg,2018:10:24 18:06:23,2018:10:24 18:06:23,,,LG Electronics,LG-M150,JPEG
/home/rich/Pictures/2018/20181024_180638.jpg,20181024_180638.jpg,.jpg,2018:10:24 18:06:38,2018:10:24 18:06:38,,,LG Electronics,LG-M150,JPEG
/home/rich/Pictures/2018/20181024_182951.jpg,20181024_182951.jpg,.jpg,2018:10:24 18:29:51,2018:10:24 18:29:51,,,LG Electronics,LG-M150,JPEG
/home/rich/Pictures/2018/20181024_183501_Burst01.jpg,20181024_183501_Burst01.jpg,.jpg,2018:10:24 18:35:01,2018:10:24 18:35:01,,,LG Electronics,LG-M150,JPEG
/home/rich/Pictures/2018/20181024_183507.jpg,20181024_183507.jpg,.jpg,2018:10:24 18:35:07,2018:10:24 18:35:07,,,LG Electronics,LG-M150,JPEG
/home/rich/Pictures/2018/20181024_183533.jpg,20181024_183533.jpg,.jpg,2018:10:24 18:35:33,2018:10:24 18:35:33,,,LG Electronics,LG-M150,JPEG
/home/rich/Pictures/2018/20181024_183550.jpg,20181024_183550.jpg,.jpg,2018:10:24 18:35:50,2018:10:24 18:35:50,,,LG Electronics,LG-M150,JPEG
/home/rich/Pictures/2018/20181027_025342.jpg,20181027_025342.jpg,.jpg,2018:10:27 02:53:42,2018:10:27 02:53:42,,,LG Electronics,LG-M150,JPEG
/home/rich/Pictures/2018/20181027_025411_Burst01.jpg,20181027_025411_Burst01.jpg,.jpg,2018:10:27 02:54:11,2018:10:27 02:54:11,,,LG Electronics,LG-M150,JPEG
/home/rich/Pictures/2018/20181027_030125.jpg,20181027_030125.jpg,.jpg,2018:10:27 03:01:25,2018:10:27 03:01:25,,,LG Electronics,LG-M150,JPEG
/home/rich/Pictures/2018/20181027_030147.jpg,20181027_030147.jpg,.jpg,2018:10:27 03:01:47,2018:10:27 03:01:47,,,LG Electronics,LG-M150,JPEG
/home/rich/Pictures/2018/20181104_204439.jpg,20181104_204439.jpg,.jpg,2018:11:04 20:44:39,2018:11:04 20:44:39,,,LG Electronics,LG-M150,JPEG
/home/rich/Pictures/2018/20181104_204447.jpg,20181104_204447.jpg,.jpg,2018:11:04 20:44:47,2018:11:04 20:44:47,,,LG Electronics,LG-M150,JPEG
/home/rich/Pictures/2018/20181104_204548.jpg,20181104_204548.jpg,.jpg,2018:11:04 20:45:48,2018:11:04 20:45:48,,,LG Electronics,LG-M150,JPEG
/home/rich/Pictures/2018/20181104_204553.jpg,20181104_204553.jpg,.jpg,2018:11:04 20:45:53,2018:11:04 20:45:53,,,LG Electronics,LG-M150,JPEG
/home/rich/Pictures/2018/20181104_204701.jpg,20181104_204701.jpg,.jpg,2018:11:04 20:47:01,2018:11:04 20:47:01,,,LG Electronics,LG-M150,JPEG
/home/rich/Pictures/2018/20181104_204706.jpg,20181104_204706.jpg,.jpg,2018:11:04 20:47:06,2018:11:04 20:47:06,,,LG Electronics,LG-M150,JPEG
/home/rich/Pictures/2018/20181107_095106.jpg,20181107_095106.jpg,.jpg,2018:11:07 09:51:06,2018:11:07 09:51:06,,,LG Electronics,LG-M150,JPEG
/home/rich/Pictures/2018/20181107_095121.jpg,20181107_095121.jpg,.jpg,2018:11:07 09:51:21,2018:11:07 09:51:21,,,LG Electronics,LG-M150,JPEG
/home/rich/Pictures/2018/20181107_095143.jpg,20181107_095143.jpg,.jpg,2018:11:07 09:51:43,2018:11:07 09:51:43,,,LG Electronics,LG-M150,JPEG
/home/rich/Pictures/2018/20181107_095151.jpg,20181107_095151.jpg,.jpg,2018:11:07 09:51:51,2018:11:07 09:51:51,,,LG Electronics,LG-M150,JPEG
/home/rich/Pictures/2018/20181107_095155.jpg,20181107_095155.jpg,.jpg,2018:11:07 09:51:54,2018:11:07 09:51:54,,,LG Electronics,LG-M150,JPEG
/home/rich/Pictures/2018/20181107_095157.jpg,20181107_095157.jpg,.jpg,2018:11:07 09:51:57,2018:11:07 09:51:57,,,LG Electronics,LG-M150,JPEG
/home/rich/Pictures/2018/20181107_095201.jpg,20181107_095201.jpg,.jpg,2018:11:07 09:52:01,2018:11:07 09:52:01,,,LG Electronics,LG-M150,JPEG
/home/rich/Pictures/2018/20181107_095217.jpg,20181107_095217.jpg,.jpg,2018:11:07 09:52:17,2018:11:07 09:52:17,,,LG Electronics,LG-M150,JPEG
/home/rich/Pictures/2018/20181107_095229_Burst01.jpg,20181107_095229_Burst01.jpg,.jpg,2018:11:07 09:52:29,2018:11:07 09:52:29,,,LG Electronics,LG-M150,JPEG
/home/rich/Pictures/2018/20181107_095705.jpg,20181107_095705.jpg,.jpg,2018:11:07 09:57:05,2018:11:07 09:57:05,,,LG Electronics,LG-M150,JPEG
/home/rich/Pictures/2018/20181107_095711.jpg,20181107_095711.jpg,.jpg,2018:11:07 09:57:11,2018:11:07 09:57:11,,,LG Electronics,LG-M150,JPEG
/home/rich/Pictures/2018/20181107_095716.jpg,20181107_095716.jpg,.jpg,2018:11:07 09:57:16,2018:11:07 09:57:16,,,LG Electronics,LG-M150,JPEG
/home/rich/Pictures/2018/20181107_103457.jpg,20181107_103457.jpg,.jpg,2018:11:07 10:34:57,2018:11:07 10:34:57,,,LG Electronics,LG-M150,JPEG
/home/rich/Pictures/2018/20181107_103505.jpg,20181107_103505.jpg,.jpg,2018:11:07 10:35:05,2018:11:07 10:35:05,,,LG Electronics,LG-M150,JPEG
/home/rich/Pictures/2018/20181107_103523.jpg,20181107_103523.jpg,.jpg,2018:11:07 10:35:23,2018:11:07 10:35:23,,,LG Electronics,LG-M150,JPEG
/home/rich/Pictures/2018/20181107_103540.jpg,20181107_103540.jpg,.jpg,2018:11:07 10:35:39,2018:11:07 10:35:39,,,LG Electronics,LG-M150,JPEG
/home/rich/Pictures/2018/Copy of 20181107_095229_Burst01.jpg,Copy of 20181107_095229_Burst01.jpg,.jpg,2018:11:07 09:52:29,2018:11:07 09:52:29,,,LG Electronics,LG-M150,JPEG
/home/rich/Pictures/2018/Copy of 20181107_095705.jpg,Copy of 20181107_095705.jpg,.jpg,2018:11:07 09:57:05,2018:11:07 09:57:05,,,LG Electronics,LG-M150,JPEG
/home/rich/Pictures/2018/FB_IMG_1542252984820.jpg,FB_IMG_1542252984820.jpg,.jpg,,,,,,,JPEG
/home/rich/Pictures/2018/FB_IMG_1542252990562.jpg,FB_IMG_1542252990562.jpg,.jpg,,,,,,,JPEG
/home/rich/Pictures/2018/FB_IMG_1542252996978.jpg,FB_IMG_1542252996978.jpg,.jpg,,,,,,,JPEG
/home/rich/Pictures/2018/FB_IMG_1542253011424.jpg,FB_IMG_1542253011424.jpg,.jpg,,,,,,,JPEG
/home/rich/Pictures/2018/FB_IMG_1542253015546.jpg,FB_IMG_1542253015546.jpg,.jpg,,,,,,,JPEG
/home/rich/Pictures/2018/FB_IMG_1542253027383.jpg,FB_IMG_1542253027383.jpg,.jpg,,,,,,,JPEG
/home/rich/Pictures/2018/FB_IMG_1542253032233.jpg,FB_IMG_1542253032233.jpg,.jpg,,,,,,,JPEG
/home/rich/Pictures/2018/FB_IMG_1542253035617.jpg,FB_IMG_1542253035617.jpg,.jpg,,,,,,,JPEG
/home/rich/Pictures/2018/FB_IMG_1542253040590.jpg,FB_IMG_1542253040590.jpg,.jpg,,,,,,,JPEG
/home/rich/Pictures/2018/FB_IMG_1542253044435.jpg,FB_IMG_1542253044435.jpg,.jpg,,,,,,,JPEG
/home/rich/Pictures/2018/FB_IMG_1542253048037.jpg,FB_IMG_1542253048037.jpg,.jpg,,,,,,,JPEG
/home/rich/Pictures/2018/FB_IMG_1542253053920.jpg,FB_IMG_1542253053920.jpg,.jpg,,,,,,,JPEG
/home/rich/Pictures/2019/20190509_091847.jpg,20190509_091847.jpg,.jpg,2019:05:09 09:18:47,2019:05:09 09:18:47,,,LG Electronics,LG-M150,JPEG
/home/rich/Pictures/2019/20190602_222518.jpg,20190602_222518.jpg,.jpg,2019:06:02 22:25:18,2019:06:02 22:25:18,,,LG Electronics,LG-M150,JPEG
/home/rich/Pictures/2019/20190602_222550.jpg,20190602_222550.jpg,.jpg,2019:06:02 22:25:50,2019:06:02 22:25:50,,,LG Electronics,LG-M150,JPEG
/home/rich/Pictures/2019/20190621_180455.jpg,20190621_180455.jpg,.jpg,2019:06:21 18:04:55,2019:06:21 18:04:55,,,LG Electronics,LG-M150,JPEG
/home/rich/Pictures/Camera/Photo from 2025-08-06 01-26-55.102467.jpeg,Photo from 2025-08-06 01-26-55.102467.jpeg,.jpeg,2025:08:06 01:26:55,,,,,Integrated Camera (V4L2),JPEG
/home/rich/Pictures/Camera/Photo from 2025-08-12 13-27-35.682295.jpeg,Photo from 2025-08-12 13-27-35.682295.jpeg,.jpeg,2025:08:12 13:27:35,,,,,Integrated Camera (V4L2),JPEG
/home/rich/Pictures/My Love Samantha R Sprague -1-001/My Love Samantha R Sprague /20170507_154629.jpg,20170507_154629.jpg,.jpg,2017:05:07 15:46:28,2017:05:07 15:46:28,,,samsung,SAMSUNG-SM-J120A,JPEG
/home/rich/Pictures/My Love Samantha R Sprague -1-001/My Love Samantha R Sprague /20170507_154642.jpg,20170507_154642.jpg,.jpg,2017:05:07 15:46:41,2017:05:07 15:46:41,,,samsung,SAMSUNG-SM-J120A,JPEG
/home/rich/Pictures/My Love Samantha R Sprague -1-001/My Love Samantha R Sprague /20170518_094520.jpg,20170518_094520.jpg,.jpg,2017:05:18 09:45:20,2017:05:18 09:45:20,,,samsung,SAMSUNG-SM-J120A,JPEG
/home/rich/Pictures/My Love Samantha R Sprague -1-001/My Love Samantha R Sprague /20170518_094539.jpg,20170518_094539.jpg,.jpg,2017:05:18 09:45:39,2017:05:18 09:45:39,,,samsung,SAMSUNG-SM-J120A,JPEG
/home/rich/Pictures/My Love Samantha R Sprague -1-001/My Love Samantha R Sprague /20170518_094553.jpg,20170518_094553.jpg,.jpg,2017:05:18 09:45:53,2017:05:18 09:45:53,,,samsung,SAMSUNG-SM-J120A,JPEG
/home/rich/Pictures/My Love Samantha R Sprague -1-001/My Love Samantha R Sprague /20170518_095306.jpg,20170518_095306.jpg,.jpg,2017:05:18 09:53:04,2017:05:18 09:53:04,,,samsung,SAMSUNG-SM-J120A,JPEG
/home/rich/Pictures/My Love Samantha R Sprague -1-001/My Love Samantha R Sprague /20170518_095332.jpg,20170518_095332.jpg,.jpg,2017:05:18 09:53:31,2017:05:18 09:53:31,,,samsung,SAMSUNG-SM-J120A,JPEG
/home/rich/Pictures/My Love Samantha R Sprague -1-001/My Love Samantha R Sprague /20170523_124125.jpg,20170523_124125.jpg,.jpg,2017:05:23 12:41:24,2017:05:23 12:41:24,,,samsung,SAMSUNG-SM-J120A,JPEG
/home/rich/Pictures/My Love Samantha R Sprague -1-001/My Love Samantha R Sprague /20170523_124137.jpg,20170523_124137.jpg,.jpg,2017:05:23 12:41:36,2017:05:23 12:41:36,,,samsung,SAMSUNG-SM-J120A,JPEG
/home/rich/Pictures/My Love Samantha R Sprague -1-001/My Love Samantha R Sprague /20170527_190014-COLLAGE.jpg,20170527_190014-COLLAGE.jpg,.jpg,2017:05:27 19:01:30,,,,samsung,SAMSUNG-SM-J120A,JPEG
/home/rich/Pictures/My Love Samantha R Sprague -1-001/My Love Samantha R Sprague /20170527_191858.jpg,20170527_191858.jpg,.jpg,2017:05:27 19:18:57,2017:05:27 19:18:57,,,samsung,SAMSUNG-SM-J120A,JPEG
/home/rich/Pictures/My Love Samantha R Sprague -1-001/My Love Samantha R Sprague /20181024_183533.jpg,20181024_183533.jpg,.jpg,2018:10:24 18:35:33,2018:10:24 18:35:33,,,LG Electronics,LG-M150,JPEG
/home/rich/Pictures/My Love Samantha R Sprague -1-001/My Love Samantha R Sprague /20181024_183550.jpg,20181024_183550.jpg,.jpg,2018:10:24 18:35:50,2018:10:24 18:35:50,,,LG Electronics,LG-M150,JPEG
/home/rich/Pictures/My Love Samantha R Sprague -1-001/My Love Samantha R Sprague /20190716_210737.jpg,20190716_210737.jpg,.jpg,2019:07:16 21:07:37,2019:07:16 21:07:37,,,LG Electronics,LGLS675,JPEG
/home/rich/Pictures/My Love Samantha R Sprague -1-001/My Love Samantha R Sprague /20190731_190919.jpg,20190731_190919.jpg,.jpg,2019:07:31 19:09:19,2019:07:31 19:09:19,,,LG Electronics,LGLS675,JPEG
/home/rich/Pictures/My Love Samantha R Sprague -1-001/My Love Samantha R Sprague /20190731_190930.jpg,20190731_190930.jpg,.jpg,2019:07:31 19:09:29,2019:07:31 19:09:29,,,LG Electronics,LGLS675,JPEG
/home/rich/Pictures/My Love Samantha R Sprague -1-001/My Love Samantha R Sprague /20190731_191021.jpg,20190731_191021.jpg,.jpg,2019:07:31 19:10:21,2019:07:31 19:10:21,,,LG Electronics,LGLS675,JPEG
/home/rich/Pictures/My Love Samantha R Sprague -1-001/My Love Samantha R Sprague /20190826_164059.jpg,20190826_164059.jpg,.jpg,2019:08:26 16:40:59,2019:08:26 16:40:59,,,LG Electronics,LGLS675,JPEG
/home/rich/Pictures/My Love Samantha R Sprague -1-001/My Love Samantha R Sprague /20190827_005008.jpg,20190827_005008.jpg,.jpg,2019:08:27 00:50:08,2019:08:27 00:50:08,,,LG Electronics,LGLS675,JPEG
/home/rich/Pictures/My Love Samantha R Sprague -1-001/My Love Samantha R Sprague /20190827_005051.jpg,20190827_005051.jpg,.jpg,2019:08:27 00:50:51,2019:08:27 00:50:51,,,LG Electronics,LGLS675,JPEG
/home/rich/Pictures/My Love Samantha R Sprague -1-001/My Love Samantha R Sprague /20190903_142025.jpg,20190903_142025.jpg,.jpg,2019:09:03 14:20:24,2019:09:03 14:20:24,"41 deg 3' 10.88"" N","86 deg 13' 37.45"" W",LG Electronics,LGLS675,JPEG
/home/rich/Pictures/My Love Samantha R Sprague -1-001/My Love Samantha R Sprague /20190903_142036.jpg,20190903_142036.jpg,.jpg,2019:09:03 14:20:36,2019:09:03 14:20:36,"41 deg 3' 10.88"" N","86 deg 13' 37.46"" W",LG Electronics,LGLS675,JPEG
/home/rich/Pictures/My Love Samantha R Sprague -1-001/My Love Samantha R Sprague /20190903_142123.jpg,20190903_142123.jpg,.jpg,2019:09:03 14:21:23,2019:09:03 14:21:23,"41 deg 3' 11.08"" N","86 deg 13' 37.53"" W",LG Electronics,LGLS675,JPEG
/home/rich/Pictures/My Love Samantha R Sprague -1-001/My Love Samantha R Sprague /20190903_142132.jpg,20190903_142132.jpg,.jpg,2019:09:03 14:21:31,2019:09:03 14:21:31,"41 deg 3' 11.10"" N","86 deg 13' 37.52"" W",LG Electronics,LGLS675,JPEG
/home/rich/Pictures/My Love Samantha R Sprague -1-001/My Love Samantha R Sprague /20191104_132856.jpg,20191104_132856.jpg,.jpg,2019:11:04 13:28:56,2019:11:04 13:28:56,"41 deg 3' 10.76"" N","86 deg 13' 37.92"" W",LG Electronics,LGLS675,JPEG
/home/rich/Pictures/My Love Samantha R Sprague -1-001/My Love Samantha R Sprague /20191205_184228.jpg,20191205_184228.jpg,.jpg,2019:12:05 18:42:28,2019:12:05 18:42:28,,,LG Electronics,LGLS675,JPEG
/home/rich/Pictures/My Love Samantha R Sprague -1-001/My Love Samantha R Sprague /20191205_200310.jpg,20191205_200310.jpg,.jpg,2019:12:05 20:03:10,2019:12:05 20:03:10,,,LG Electronics,LGLS675,JPEG
/home/rich/Pictures/My Love Samantha R Sprague -1-001/My Love Samantha R Sprague /20191205_200314.jpg,20191205_200314.jpg,.jpg,2019:12:05 20:03:13,2019:12:05 20:03:13,,,LG Electronics,LGLS675,JPEG
/home/rich/Pictures/My Love Samantha R Sprague -1-001/My Love Samantha R Sprague /20191205_200316.jpg,20191205_200316.jpg,.jpg,2019:12:05 20:03:15,2019:12:05 20:03:15,,,LG Electronics,LGLS675,JPEG
/home/rich/Pictures/My Love Samantha R Sprague -1-001/My Love Samantha R Sprague /20191205_200318.jpg,20191205_200318.jpg,.jpg,2019:12:05 20:03:18,2019:12:05 20:03:18,,,LG Electronics,LGLS675,JPEG
/home/rich/Pictures/My Love Samantha R Sprague -1-001/My Love Samantha R Sprague /20191205_200321.jpg,20191205_200321.jpg,.jpg,2019:12:05 20:03:21,2019:12:05 20:03:21,,,LG Electronics,LGLS675,JPEG
/home/rich/Pictures/My Love Samantha R Sprague -1-001/My Love Samantha R Sprague /20191205_204934.jpg,20191205_204934.jpg,.jpg,2019:12:05 20:49:33,2019:12:05 20:49:33,,,LG Electronics,LGLS675,JPEG
/home/rich/Pictures/My Love Samantha R Sprague -1-001/My Love Samantha R Sprague /20191205_204940.jpg,20191205_204940.jpg,.jpg,2019:12:05 20:49:40,2019:12:05 20:49:40,,,LG Electronics,LGLS675,JPEG
/home/rich/Pictures/My Love Samantha R Sprague -1-001/My Love Samantha R Sprague /20191205_204943.jpg,20191205_204943.jpg,.jpg,2019:12:05 20:49:43,2019:12:05 20:49:43,,,LG Electronics,LGLS675,JPEG
/home/rich/Pictures/My Love Samantha R Sprague -1-001/My Love Samantha R Sprague /20191205_205003.jpg,20191205_205003.jpg,.jpg,2019:12:05 20:50:03,2019:12:05 20:50:03,,,LG Electronics,LGLS675,JPEG
/home/rich/Pictures/My Love Samantha R Sprague -1-001/My Love Samantha R Sprague /20191205_205032.jpg,20191205_205032.jpg,.jpg,2019:12:05 20:50:32,2019:12:05 20:50:32,,,LG Electronics,LGLS675,JPEG
/home/rich/Pictures/My Love Samantha R Sprague -1-001/My Love Samantha R Sprague /20191205_205039.jpg,20191205_205039.jpg,.jpg,2019:12:05 20:50:38,2019:12:05 20:50:38,,,LG Electronics,LGLS675,JPEG
/home/rich/Pictures/My Love Samantha R Sprague -1-001/My Love Samantha R Sprague /20191208_183332.jpg,20191208_183332.jpg,.jpg,2019:12:08 18:33:32,2019:12:08 18:33:32,,,LG Electronics,LGLS675,JPEG
/home/rich/Pictures/My Love Samantha R Sprague -1-001/My Love Samantha R Sprague /20191208_183344.jpg,20191208_183344.jpg,.jpg,2019:12:08 18:33:44,2019:12:08 18:33:44,,,LG Electronics,LGLS675,JPEG
/home/rich/Pictures/My Love Samantha R Sprague -1-001/My Love Samantha R Sprague /20200703_211047.jpg,20200703_211047.jpg,.jpg,2020:07:03 21:10:47,2020:07:03 21:10:47,,,LGE,LM-Q730,JPEG
/home/rich/Pictures/My Love Samantha R Sprague -1-001/My Love Samantha R Sprague /20200703_211122.jpg,20200703_211122.jpg,.jpg,2020:07:03 21:11:22,2020:07:03 21:11:22,,,LGE,LM-Q730,JPEG
/home/rich/Pictures/My Love Samantha R Sprague -1-001/My Love Samantha R Sprague /20200704_225951.jpg,20200704_225951.jpg,.jpg,2020:07:04 22:59:51,2020:07:04 22:59:51,,,LGE,LM-Q730,JPEG
/home/rich/Pictures/My Love Samantha R Sprague -1-001/My Love Samantha R Sprague /20200704_225953_Signature.jpg,20200704_225953_Signature.jpg,.jpg,,,"0 deg 0' 0.00"" N","0 deg 0' 0.00"" E",LGE,LM-Q730,JPEG
/home/rich/Pictures/My Love Samantha R Sprague -1-001/My Love Samantha R Sprague /20200704_230011.jpg,20200704_230011.jpg,.jpg,2020:07:04 23:00:11,2020:07:04 23:00:11,,,LGE,LM-Q730,JPEG
/home/rich/Pictures/My Love Samantha R Sprague -1-001/My Love Samantha R Sprague /20200704_230011_Signature.jpg,20200704_230011_Signature.jpg,.jpg,,,"0 deg 0' 0.00"" N","0 deg 0' 0.00"" E",LGE,LM-Q730,JPEG
/home/rich/Pictures/My Love Samantha R Sprague -1-001/My Love Samantha R Sprague /20200704_230015.jpg,20200704_230015.jpg,.jpg,2020:07:04 23:00:15,2020:07:04 23:00:15,,,LGE,LM-Q730,JPEG
/home/rich/Pictures/My Love Samantha R Sprague -1-001/My Love Samantha R Sprague /20200704_230015_Signature.jpg,20200704_230015_Signature.jpg,.jpg,,,"0 deg 0' 0.00"" N","0 deg 0' 0.00"" E",LGE,LM-Q730,JPEG
/home/rich/Pictures/My Love Samantha R Sprague -1-001/My Love Samantha R Sprague /20200704_230030.jpg,20200704_230030.jpg,.jpg,2020:07:04 23:00:30,2020:07:04 23:00:30,,,LGE,LM-Q730,JPEG
/home/rich/Pictures/My Love Samantha R Sprague -1-001/My Love Samantha R Sprague /20200704_230148.jpg,20200704_230148.jpg,.jpg,2020:07:04 23:01:48,2020:07:04 23:01:48,,,LGE,LM-Q730,JPEG
/home/rich/Pictures/My Love Samantha R Sprague -1-001/My Love Samantha R Sprague /20200704_230148_Signature.jpg,20200704_230148_Signature.jpg,.jpg,,,"0 deg 0' 0.00"" N","0 deg 0' 0.00"" E",LGE,LM-Q730,JPEG
/home/rich/Pictures/My Love Samantha R Sprague -1-001/My Love Samantha R Sprague /20200704_230311-edited.jpg,20200704_230311-edited.jpg,.jpg,2020:07:04 23:03:11,2020:07:04 23:03:11,"41 deg 3' 10.86"" N","86 deg 13' 37.85"" W",LGE,LM-Q730,JPEG
/home/rich/Pictures/My Love Samantha R Sprague -1-001/My Love Samantha R Sprague /20200704_230311_Signature.jpg,20200704_230311_Signature.jpg,.jpg,,,"0 deg 0' 0.00"" N","0 deg 0' 0.00"" E",LGE,LM-Q730,JPEG
/home/rich/Pictures/My Love Samantha R Sprague -1-001/My Love Samantha R Sprague /20200704_230313.jpg,20200704_230313.jpg,.jpg,2020:07:04 23:03:13,2020:07:04 23:03:13,,,LGE,LM-Q730,JPEG
/home/rich/Pictures/My Love Samantha R Sprague -1-001/My Love Samantha R Sprague /20200903_194752.jpg,20200903_194752.jpg,.jpg,2020:09:03 19:47:51,2020:09:03 19:47:51,"41 deg 2' 54.61"" N","86 deg 13' 14.67"" W",LGE,LM-Q730,JPEG
/home/rich/Pictures/My Love Samantha R Sprague -1-001/My Love Samantha R Sprague /20200903_194754.jpg,20200903_194754.jpg,.jpg,2020:09:03 19:47:54,2020:09:03 19:47:54,"41 deg 2' 54.61"" N","86 deg 13' 14.67"" W",LGE,LM-Q730,JPEG
/home/rich/Pictures/My Love Samantha R Sprague -1-001/My Love Samantha R Sprague /20200903_194847.jpg,20200903_194847.jpg,.jpg,2020:09:03 19:48:47,2020:09:03 19:48:47,"41 deg 2' 54.61"" N","86 deg 13' 14.67"" W",LGE,LM-Q730,JPEG
/home/rich/Pictures/My Love Samantha R Sprague -1-001/My Love Samantha R Sprague /20200903_194922.jpg,20200903_194922.jpg,.jpg,2020:09:03 19:49:22,2020:09:03 19:49:22,"41 deg 2' 54.87"" N","86 deg 13' 14.37"" W",LGE,LM-Q730,JPEG
/home/rich/Pictures/My Love Samantha R Sprague -1-001/My Love Samantha R Sprague /20200903_195139.jpg,20200903_195139.jpg,.jpg,2020:09:03 19:51:39,2020:09:03 19:51:39,"41 deg 2' 54.77"" N","86 deg 13' 14.48"" W",LGE,LM-Q730,JPEG
/home/rich/Pictures/My Love Samantha R Sprague -1-001/My Love Samantha R Sprague /20200903_195519_HDR.jpg,20200903_195519_HDR.jpg,.jpg,2020:09:03 19:55:19,2020:09:03 19:55:19,"41 deg 2' 54.85"" N","86 deg 13' 14.72"" W",LGE,LM-Q730,JPEG
/home/rich/Pictures/My Love Samantha R Sprague -1-001/My Love Samantha R Sprague /20200921_121525_HDR.jpg,20200921_121525_HDR.jpg,.jpg,2020:09:21 12:15:25,2020:09:21 12:15:25,"40 deg 47' 39.56"" N","85 deg 49' 32.93"" W",LGE,LM-Q730,JPEG
/home/rich/Pictures/My Love Samantha R Sprague -1-001/My Love Samantha R Sprague /20200924_145257_HDR.jpg,20200924_145257_HDR.jpg,.jpg,2020:09:24 14:52:57,2020:09:24 14:52:57,"41 deg 3' 40.84"" N","86 deg 13' 30.52"" W",LGE,LM-Q730,JPEG
/home/rich/Pictures/My Love Samantha R Sprague -1-001/My Love Samantha R Sprague /20200924_145300_HDR.jpg,20200924_145300_HDR.jpg,.jpg,2020:09:24 14:53:00,2020:09:24 14:53:00,"41 deg 3' 40.80"" N","86 deg 13' 30.60"" W",LGE,LM-Q730,JPEG
/home/rich/Pictures/My Love Samantha R Sprague -1-001/My Love Samantha R Sprague /20200924_145315_HDR.jpg,20200924_145315_HDR.jpg,.jpg,2020:09:24 14:53:15,2020:09:24 14:53:15,"41 deg 3' 40.73"" N","86 deg 13' 30.32"" W",LGE,LM-Q730,JPEG
/home/rich/Pictures/My Love Samantha R Sprague -1-001/My Love Samantha R Sprague /20200924_145346_HDR.jpg,20200924_145346_HDR.jpg,.jpg,2020:09:24 14:53:46,2020:09:24 14:53:46,"41 deg 3' 40.62"" N","86 deg 13' 29.55"" W",LGE,LM-Q730,JPEG
/home/rich/Pictures/My Love Samantha R Sprague -1-001/My Love Samantha R Sprague /20200924_145350_HDR.jpg,20200924_145350_HDR.jpg,.jpg,2020:09:24 14:53:50,2020:09:24 14:53:50,"41 deg 3' 40.62"" N","86 deg 13' 29.55"" W",LGE,LM-Q730,JPEG
/home/rich/Pictures/My Love Samantha R Sprague -1-001/My Love Samantha R Sprague /20200924_145623_HDR.jpg,20200924_145623_HDR.jpg,.jpg,2020:09:24 14:56:22,2020:09:24 14:56:22,"41 deg 3' 40.85"" N","86 deg 13' 28.65"" W",LGE,LM-Q730,JPEG
/home/rich/Pictures/My Love Samantha R Sprague -1-001/My Love Samantha R Sprague /20200924_145928_HDR.jpg,20200924_145928_HDR.jpg,.jpg,2020:09:24 14:59:28,2020:09:24 14:59:28,"41 deg 3' 40.96"" N","86 deg 13' 29.61"" W",LGE,LM-Q730,JPEG
/home/rich/Pictures/My Love Samantha R Sprague -1-001/My Love Samantha R Sprague /20200924_145933_HDR.jpg,20200924_145933_HDR.jpg,.jpg,2020:09:24 14:59:33,2020:09:24 14:59:33,"41 deg 3' 40.96"" N","86 deg 13' 29.50"" W",LGE,LM-Q730,JPEG
/home/rich/Pictures/My Love Samantha R Sprague -1-001/My Love Samantha R Sprague /20200924_145935_HDR.jpg,20200924_145935_HDR.jpg,.jpg,2020:09:24 14:59:35,2020:09:24 14:59:35,"41 deg 3' 40.96"" N","86 deg 13' 29.47"" W",LGE,LM-Q730,JPEG
/home/rich/Pictures/My Love Samantha R Sprague -1-001/My Love Samantha R Sprague /20210116_141643.jpg,20210116_141643.jpg,.jpg,2021:01:16 14:16:43,2021:01:16 14:16:43,,,LGE,LM-K300,JPEG
/home/rich/Pictures/My Love Samantha R Sprague -1-001/My Love Samantha R Sprague /20210116_141648.jpg,20210116_141648.jpg,.jpg,2021:01:16 14:16:48,2021:01:16 14:16:48,,,LGE,LM-K300,JPEG
/home/rich/Pictures/My Love Samantha R Sprague -1-001/My Love Samantha R Sprague /20210116_141652.jpg,20210116_141652.jpg,.jpg,2021:01:16 14:16:52,2021:01:16 14:16:52,,,LGE,LM-K300,JPEG
/home/rich/Pictures/My Love Samantha R Sprague -1-001/My Love Samantha R Sprague /20210116_141659.jpg,20210116_141659.jpg,.jpg,2021:01:16 14:16:59,2021:01:16 14:16:59,,,LGE,LM-K300,JPEG
/home/rich/Pictures/My Love Samantha R Sprague -1-001/My Love Samantha R Sprague /20210116_141703.jpg,20210116_141703.jpg,.jpg,2021:01:16 14:17:03,2021:01:16 14:17:03,,,LGE,LM-K300,JPEG
/home/rich/Pictures/My Love Samantha R Sprague -1-001/My Love Samantha R Sprague /20210116_141723.jpg,20210116_141723.jpg,.jpg,2021:01:16 14:17:23,2021:01:16 14:17:23,,,LGE,LM-K300,JPEG
/home/rich/Pictures/My Love Samantha R Sprague -1-001/My Love Samantha R Sprague /20210116_141735.jpg,20210116_141735.jpg,.jpg,2021:01:16 14:17:35,2021:01:16 14:17:35,,,LGE,LM-K300,JPEG
/home/rich/Pictures/My Love Samantha R Sprague -1-001/My Love Samantha R Sprague /20210118_144052.jpg,20210118_144052.jpg,.jpg,2021:01:18 14:40:51,2021:01:18 14:40:51,,,LGE,LM-K300,JPEG
/home/rich/Pictures/My Love Samantha R Sprague -1-001/My Love Samantha R Sprague /20210118_144102.jpg,20210118_144102.jpg,.jpg,2021:01:18 14:41:01,2021:01:18 14:41:01,,,LGE,LM-K300,JPEG
/home/rich/Pictures/My Love Samantha R Sprague -1-001/My Love Samantha R Sprague /20210118_144335.jpg,20210118_144335.jpg,.jpg,2021:01:18 14:43:35,2021:01:18 14:43:35,,,LGE,LM-K300,JPEG
/home/rich/Pictures/My Love Samantha R Sprague -1-001/My Love Samantha R Sprague /20210119_143652.jpg,20210119_143652.jpg,.jpg,2021:01:19 14:36:52,2021:01:19 14:36:52,,,LGE,LM-K300,JPEG
/home/rich/Pictures/My Love Samantha R Sprague -1-001/My Love Samantha R Sprague /20210119_143705.jpg,20210119_143705.jpg,.jpg,2021:01:19 14:37:05,2021:01:19 14:37:05,,,LGE,LM-K300,JPEG
/home/rich/Pictures/My Love Samantha R Sprague -1-001/My Love Samantha R Sprague /20210119_143709.jpg,20210119_143709.jpg,.jpg,2021:01:19 14:37:09,2021:01:19 14:37:09,,,LGE,LM-K300,JPEG
/home/rich/Pictures/My Love Samantha R Sprague -1-001/My Love Samantha R Sprague /20210119_210221.jpg,20210119_210221.jpg,.jpg,2021:01:19 21:02:21,2021:01:19 21:02:21,,,LGE,LM-K300,JPEG
/home/rich/Pictures/My Love Samantha R Sprague -1-001/My Love Samantha R Sprague /20210121_000329.jpg,20210121_000329.jpg,.jpg,2021:01:21 00:03:28,2021:01:21 00:03:28,,,LGE,LM-K300,JPEG
/home/rich/Pictures/My Love Samantha R Sprague -1-001/My Love Samantha R Sprague /20210122_142316.jpg,20210122_142316.jpg,.jpg,2021:01:22 14:23:16,2021:01:22 14:23:16,,,LGE,LM-K300,JPEG
/home/rich/Pictures/My Love Samantha R Sprague -1-001/My Love Samantha R Sprague /20210201_140437.jpg,20210201_140437.jpg,.jpg,2021:02:01 14:04:36,2021:02:01 14:04:36,,,LGE,LM-K300,JPEG
/home/rich/Pictures/My Love Samantha R Sprague -1-001/My Love Samantha R Sprague /20210201_140451.jpg,20210201_140451.jpg,.jpg,2021:02:01 14:04:51,2021:02:01 14:04:51,,,LGE,LM-K300,JPEG
/home/rich/Pictures/My Love Samantha R Sprague -1-001/My Love Samantha R Sprague /20210221_012315.jpg,20210221_012315.jpg,.jpg,2021:02:21 01:23:15,2021:02:21 01:23:15,,,LGE,LM-K300,JPEG
/home/rich/Pictures/My Love Samantha R Sprague -1-001/My Love Samantha R Sprague /20210221_012323.jpg,20210221_012323.jpg,.jpg,2021:02:21 01:23:22,2021:02:21 01:23:22,,,LGE,LM-K300,JPEG
/home/rich/Pictures/My Love Samantha R Sprague -1-001/My Love Samantha R Sprague /20210221_012416.jpg,20210221_012416.jpg,.jpg,2021:02:21 01:24:16,2021:02:21 01:24:16,,,LGE,LM-K300,JPEG
/home/rich/Pictures/My Love Samantha R Sprague -1-001/My Love Samantha R Sprague /20210227_142158-COLLAGE.jpg,20210227_142158-COLLAGE.jpg,.jpg,2021:02:27 14:21:58,,,,LGE,LM-K300,JPEG
/home/rich/Pictures/My Love Samantha R Sprague -1-001/My Love Samantha R Sprague /20210227_142213.jpg,20210227_142213.jpg,.jpg,2021:02:27 14:22:13,2021:02:27 14:22:13,,,LGE,LM-K300,JPEG
/home/rich/Pictures/My Love Samantha R Sprague -1-001/My Love Samantha R Sprague /20210227_154626.jpg,20210227_154626.jpg,.jpg,2021:02:27 15:46:25,2021:02:27 15:46:25,,,LGE,LM-K300,JPEG
/home/rich/Pictures/My Love Samantha R Sprague -1-001/My Love Samantha R Sprague /20210302_154150.jpg,20210302_154150.jpg,.jpg,2021:03:02 15:41:50,2021:03:02 15:41:50,,,LGE,LM-K300,JPEG
/home/rich/Pictures/My Love Samantha R Sprague -1-001/My Love Samantha R Sprague /20210312_140745.jpg,20210312_140745.jpg,.jpg,2021:03:12 14:07:45,2021:03:12 14:07:45,,,LGE,LM-K300,JPEG
/home/rich/Pictures/My Love Samantha R Sprague -1-001/My Love Samantha R Sprague /20210610_000848.jpg,20210610_000848.jpg,.jpg,2021:06:10 00:08:48,2021:06:10 00:08:48,,,LGE,LM-K300,JPEG
/home/rich/Pictures/My Love Samantha R Sprague -1-001/My Love Samantha R Sprague /20210610_000851.jpg,20210610_000851.jpg,.jpg,2021:06:10 00:08:51,2021:06:10 00:08:51,,,LGE,LM-K300,JPEG
/home/rich/Pictures/My Love Samantha R Sprague -1-001/My Love Samantha R Sprague /20210610_000906.jpg,20210610_000906.jpg,.jpg,2021:06:10 00:09:06,2021:06:10 00:09:06,,,LGE,LM-K300,JPEG
/home/rich/Pictures/My Love Samantha R Sprague -1-001/My Love Samantha R Sprague /20210610_000913.jpg,20210610_000913.jpg,.jpg,2021:06:10 00:09:13,2021:06:10 00:09:13,,,LGE,LM-K300,JPEG
/home/rich/Pictures/My Love Samantha R Sprague -1-001/My Love Samantha R Sprague /20210610_000914.jpg,20210610_000914.jpg,.jpg,2021:06:10 00:09:14,2021:06:10 00:09:14,,,LGE,LM-K300,JPEG
/home/rich/Pictures/My Love Samantha R Sprague -1-001/My Love Samantha R Sprague /20210610_000922.jpg,20210610_000922.jpg,.jpg,2021:06:10 00:09:22,2021:06:10 00:09:22,,,LGE,LM-K300,JPEG
/home/rich/Pictures/My Love Samantha R Sprague -1-001/My Love Samantha R Sprague /20210704_183737.jpg,20210704_183737.jpg,.jpg,2021:07:04 18:37:37,2021:07:04 18:37:37,"40 deg 48' 44.27"" N","85 deg 49' 22.24"" W",LGE,LM-Q730,JPEG
/home/rich/Pictures/My Love Samantha R Sprague -1-001/My Love Samantha R Sprague /20210704_183744.jpg,20210704_183744.jpg,.jpg,2021:07:04 18:37:43,2021:07:04 18:37:43,"40 deg 48' 44.22"" N","85 deg 49' 22.02"" W",LGE,LM-Q730,JPEG
/home/rich/Pictures/My Love Samantha R Sprague -1-001/My Love Samantha R Sprague /20210704_185251_HDR.jpg,20210704_185251_HDR.jpg,.jpg,2021:07:04 18:52:51,2021:07:04 18:52:51,"40 deg 48' 46.28"" N","85 deg 49' 22.19"" W",LGE,LM-Q730,JPEG
/home/rich/Pictures/My Love Samantha R Sprague -1-001/My Love Samantha R Sprague /20210704_213031.jpg,20210704_213031.jpg,.jpg,2021:07:04 21:30:31,2021:07:04 21:30:31,"40 deg 48' 44.93"" N","85 deg 49' 22.22"" W",LGE,LM-Q730,JPEG
/home/rich/Pictures/My Love Samantha R Sprague -1-001/My Love Samantha R Sprague /20210704_213034.jpg,20210704_213034.jpg,.jpg,2021:07:04 21:30:34,2021:07:04 21:30:34,"40 deg 48' 44.60"" N","85 deg 49' 22.38"" W",LGE,LM-Q730,JPEG
/home/rich/Pictures/My Love Samantha R Sprague -1-001/My Love Samantha R Sprague /20210704_213035.jpg,20210704_213035.jpg,.jpg,2021:07:04 21:30:35,2021:07:04 21:30:35,"40 deg 48' 44.59"" N","85 deg 49' 22.33"" W",LGE,LM-Q730,JPEG
/home/rich/Pictures/My Love Samantha R Sprague -1-001/My Love Samantha R Sprague /20210704_213037.jpg,20210704_213037.jpg,.jpg,2021:07:04 21:30:37,2021:07:04 21:30:37,"40 deg 48' 44.60"" N","85 deg 49' 22.24"" W",LGE,LM-Q730,JPEG
/home/rich/Pictures/My Love Samantha R Sprague -1-001/My Love Samantha R Sprague /20210704_213039.jpg,20210704_213039.jpg,.jpg,2021:07:04 21:30:39,2021:07:04 21:30:39,"40 deg 48' 44.57"" N","85 deg 49' 22.22"" W",LGE,LM-Q730,JPEG
/home/rich/Pictures/My Love Samantha R Sprague -1-001/My Love Samantha R Sprague /20210704_213046.jpg,20210704_213046.jpg,.jpg,2021:07:04 21:30:46,2021:07:04 21:30:46,"40 deg 48' 44.55"" N","85 deg 49' 22.24"" W",LGE,LM-Q730,JPEG
/home/rich/Pictures/My Love Samantha R Sprague -1-001/My Love Samantha R Sprague /20210704_213047.jpg,20210704_213047.jpg,.jpg,2021:07:04 21:30:47,2021:07:04 21:30:47,"40 deg 48' 44.57"" N","85 deg 49' 22.27"" W",LGE,LM-Q730,JPEG
/home/rich/Pictures/My Love Samantha R Sprague -1-001/My Love Samantha R Sprague /20210704_213049.jpg,20210704_213049.jpg,.jpg,2021:07:04 21:30:49,2021:07:04 21:30:49,"40 deg 48' 44.57"" N","85 deg 49' 22.35"" W",LGE,LM-Q730,JPEG
/home/rich/Pictures/My Love Samantha R Sprague -1-001/My Love Samantha R Sprague /20210704_213057.jpg,20210704_213057.jpg,.jpg,2021:07:04 21:30:57,2021:07:04 21:30:57,"40 deg 48' 44.42"" N","85 deg 49' 22.24"" W",LGE,LM-Q730,JPEG
/home/rich/Pictures/My Love Samantha R Sprague -1-001/My Love Samantha R Sprague /20210704_213108.jpg,20210704_213108.jpg,.jpg,2021:07:04 21:31:08,2021:07:04 21:31:08,"40 deg 48' 44.51"" N","85 deg 49' 22.19"" W",LGE,LM-Q730,JPEG
/home/rich/Pictures/My Love Samantha R Sprague -1-001/My Love Samantha R Sprague /20210704_213110.jpg,20210704_213110.jpg,.jpg,2021:07:04 21:31:10,2021:07:04 21:31:10,"40 deg 48' 44.51"" N","85 deg 49' 22.19"" W",LGE,LM-Q730,JPEG
/home/rich/Pictures/My Love Samantha R Sprague -1-001/My Love Samantha R Sprague /20211219_130847_HDR.jpg,20211219_130847_HDR.jpg,.jpg,2021:12:19 13:08:47,2021:12:19 13:08:47,"41 deg 3' 10.80"" N","86 deg 13' 38.18"" W",LGE,LM-Q730,JPEG
/home/rich/Pictures/My Love Samantha R Sprague -1-001/My Love Samantha R Sprague /20211219_130849_HDR_Signature_Signature.jpg,20211219_130849_HDR_Signature_Signature.jpg,.jpg,,,"41 deg 3' 10.86"" N","86 deg 13' 37.79"" W",LGE,LM-Q730,JPEG
/home/rich/Pictures/My Love Samantha R Sprague -1-001/My Love Samantha R Sprague /20211221_152224_HDR.jpg,20211221_152224_HDR.jpg,.jpg,2021:12:21 15:22:24,2021:12:21 15:22:24,,,LGE,LM-Q730,JPEG
/home/rich/Pictures/My Love Samantha R Sprague -1-001/My Love Samantha R Sprague /2022-04-19_19-22-58.jpg,2022-04-19_19-22-58.jpg,.jpg,2022:04:19 19:22:58,2022:04:19 19:22:58,"41 deg 3' 10.44"" N","86 deg 13' 37.82"" W",samsung,SM-G955U,JPEG
/home/rich/Pictures/My Love Samantha R Sprague -1-001/My Love Samantha R Sprague /2022-04-19_19-22-59.jpg,2022-04-19_19-22-59.jpg,.jpg,2022:04:19 19:22:59,2022:04:19 19:22:59,"41 deg 3' 10.44"" N","86 deg 13' 37.82"" W",samsung,SM-G955U,JPEG
/home/rich/Pictures/My Love Samantha R Sprague -1-001/My Love Samantha R Sprague /20220213_003835_Burst01_Signature_Signature.jpg,20220213_003835_Burst01_Signature_Signature.jpg,.jpg,,,"41 deg 3' 10.38"" N","86 deg 13' 38.65"" W",LGE,LM-Q730,JPEG
/home/rich/Pictures/My Love Samantha R Sprague -1-001/My Love Samantha R Sprague /20220213_003847_Burst01_Signature.jpg,20220213_003847_Burst01_Signature.jpg,.jpg,,,"41 deg 3' 10.41"" N","86 deg 13' 38.76"" W",LGE,LM-Q730,JPEG
/home/rich/Pictures/My Love Samantha R Sprague -1-001/My Love Samantha R Sprague /20220213_004209_Signature.jpg,20220213_004209_Signature.jpg,.jpg,,,"41 deg 3' 10.43"" N","86 deg 13' 38.45"" W",LGE,LM-Q730,JPEG
/home/rich/Pictures/My Love Samantha R Sprague -1-001/My Love Samantha R Sprague /20220213_004209_Signature_Signature.jpg,20220213_004209_Signature_Signature.jpg,.jpg,,,"41 deg 3' 10.43"" N","86 deg 13' 38.45"" W",LGE,LM-Q730,JPEG
/home/rich/Pictures/My Love Samantha R Sprague -1-001/My Love Samantha R Sprague /20220718_172457.jpg,20220718_172457.jpg,.jpg,2022:07:18 17:24:57,2022:07:18 17:24:57,"0 deg 0' 0.00"" N","0 deg 0' 0.00"" E",samsung,SM-G955U,JPEG
/home/rich/Pictures/My Love Samantha R Sprague -1-001/My Love Samantha R Sprague /20220718_172458.jpg,20220718_172458.jpg,.jpg,2022:07:18 17:24:58,2022:07:18 17:24:58,"0 deg 0' 0.00"" N","0 deg 0' 0.00"" E",samsung,SM-G955U,JPEG
/home/rich/Pictures/My Love Samantha R Sprague -1-001/My Love Samantha R Sprague /20220725_212242.jpg,20220725_212242.jpg,.jpg,2022:07:25 21:22:41,2022:07:25 21:22:41,"0 deg 0' 0.00"" N","0 deg 0' 0.00"" E",samsung,SM-G955U,JPEG
/home/rich/Pictures/My Love Samantha R Sprague -1-001/My Love Samantha R Sprague /20220725_212252.jpg,20220725_212252.jpg,.jpg,2022:07:25 21:22:52,2022:07:25 21:22:52,"0 deg 0' 0.00"" N","0 deg 0' 0.00"" E",samsung,SM-G955U,JPEG
/home/rich/Pictures/My Love Samantha R Sprague -1-001/My Love Samantha R Sprague /20220725_212305.jpg,20220725_212305.jpg,.jpg,2022:07:25 21:23:05,2022:07:25 21:23:05,"0 deg 0' 0.00"" N","0 deg 0' 0.00"" E",samsung,SM-G955U,JPEG
/home/rich/Pictures/My Love Samantha R Sprague -1-001/My Love Samantha R Sprague /20220725_212310.jpg,20220725_212310.jpg,.jpg,2022:07:25 21:23:10,2022:07:25 21:23:10,"0 deg 0' 0.00"" N","0 deg 0' 0.00"" E",samsung,SM-G955U,JPEG
/home/rich/Pictures/My Love Samantha R Sprague -1-001/My Love Samantha R Sprague /20220902_215332.jpg,20220902_215332.jpg,.jpg,2022:09:02 21:53:31,2022:09:02 21:53:31,"0 deg 0' 0.00"" N","0 deg 0' 0.00"" E",samsung,SM-G955U,JPEG
/home/rich/Pictures/My Love Samantha R Sprague -1-001/My Love Samantha R Sprague /20220902_215333.jpg,20220902_215333.jpg,.jpg,2022:09:02 21:53:33,2022:09:02 21:53:33,"0 deg 0' 0.00"" N","0 deg 0' 0.00"" E",samsung,SM-G955U,JPEG
/home/rich/Pictures/My Love Samantha R Sprague -1-001/My Love Samantha R Sprague /20220902_215337.jpg,20220902_215337.jpg,.jpg,2022:09:02 21:53:36,2022:09:02 21:53:36,"0 deg 0' 0.00"" N","0 deg 0' 0.00"" E",samsung,SM-G955U,JPEG
/home/rich/Pictures/My Love Samantha R Sprague -1-001/My Love Samantha R Sprague /20220902_215341.jpg,20220902_215341.jpg,.jpg,2022:09:02 21:53:41,2022:09:02 21:53:41,"0 deg 0' 0.00"" N","0 deg 0' 0.00"" E",samsung,SM-G955U,JPEG
/home/rich/Pictures/My Love Samantha R Sprague -1-001/My Love Samantha R Sprague /20220902_215423.jpg,20220902_215423.jpg,.jpg,2022:09:02 21:54:23,2022:09:02 21:54:23,"0 deg 0' 0.00"" N","0 deg 0' 0.00"" E",samsung,SM-G955U,JPEG
/home/rich/Pictures/My Love Samantha R Sprague -1-001/My Love Samantha R Sprague /20220902_215426.jpg,20220902_215426.jpg,.jpg,2022:09:02 21:54:26,2022:09:02 21:54:26,"0 deg 0' 0.00"" N","0 deg 0' 0.00"" E",samsung,SM-G955U,JPEG
/home/rich/Pictures/My Love Samantha R Sprague -1-001/My Love Samantha R Sprague /20220902_215428.jpg,20220902_215428.jpg,.jpg,2022:09:02 21:54:27,2022:09:02 21:54:27,"0 deg 0' 0.00"" N","0 deg 0' 0.00"" E",samsung,SM-G955U,JPEG
/home/rich/Pictures/My Love Samantha R Sprague -1-001/My Love Samantha R Sprague /20220902_215432.jpg,20220902_215432.jpg,.jpg,2022:09:02 21:54:32,2022:09:02 21:54:32,"0 deg 0' 0.00"" N","0 deg 0' 0.00"" E",samsung,SM-G955U,JPEG
/home/rich/Pictures/My Love Samantha R Sprague -1-001/My Love Samantha R Sprague /20250610_192934.heic,20250610_192934.heic,.heic,2025:06:10 19:29:34,2025:06:10 19:29:34,"41 deg 3' 10.80"" N","86 deg 13' 37.43"" W",samsung,SM-G715U1,HEIC
/home/rich/Pictures/My Love Samantha R Sprague -1-001/My Love Samantha R Sprague /20250610_192936.heic,20250610_192936.heic,.heic,2025:06:10 19:29:37,2025:06:10 19:29:37,"41 deg 3' 10.80"" N","86 deg 13' 37.43"" W",samsung,SM-G715U1,HEIC
/home/rich/Pictures/My Love Samantha R Sprague -1-001/My Love Samantha R Sprague /20250610_192938.heic,20250610_192938.heic,.heic,2025:06:10 19:29:38,2025:06:10 19:29:38,"41 deg 3' 10.80"" N","86 deg 13' 37.43"" W",samsung,SM-G715U1,HEIC
/home/rich/Pictures/My Love Samantha R Sprague -1-001/My Love Samantha R Sprague /FB_IMG_1566709800207.jpg,FB_IMG_1566709800207.jpg,.jpg,,,,,,,JPEG
/home/rich/Pictures/My Love Samantha R Sprague -1-001/My Love Samantha R Sprague /FB_IMG_1567974335801.jpg,FB_IMG_1567974335801.jpg,.jpg,,,,,,,JPEG
/home/rich/Pictures/My Love Samantha R Sprague -1-001/My Love Samantha R Sprague /FB_IMG_1572890028597.jpg,FB_IMG_1572890028597.jpg,.jpg,,,,,,,JPEG
/home/rich/Pictures/My Love Samantha R Sprague -1-001/My Love Samantha R Sprague /FB_IMG_1573882511646.jpg,FB_IMG_1573882511646.jpg,.jpg,,,,,,,JPEG
/home/rich/Pictures/My Love Samantha R Sprague -1-001/My Love Samantha R Sprague /FB_IMG_1574473853850.jpg,FB_IMG_1574473853850.jpg,.jpg,,,,,,,JPEG
/home/rich/Pictures/My Love Samantha R Sprague -1-001/My Love Samantha R Sprague /FB_IMG_1590000268597.jpg,FB_IMG_1590000268597.jpg,.jpg,,,,,,,JPEG
/home/rich/Pictures/My Love Samantha R Sprague -1-001/My Love Samantha R Sprague /FB_IMG_1591051528286.jpg,FB_IMG_1591051528286.jpg,.jpg,,,,,,,JPEG
/home/rich/Pictures/My Love Samantha R Sprague -1-001/My Love Samantha R Sprague /FB_IMG_1602743499066.jpg,FB_IMG_1602743499066.jpg,.jpg,,,,,,,JPEG
/home/rich/Pictures/My Love Samantha R Sprague -1-001/My Love Samantha R Sprague /FB_IMG_1602743537780.jpg,FB_IMG_1602743537780.jpg,.jpg,,,,,,,JPEG
/home/rich/Pictures/My Love Samantha R Sprague -1-001/My Love Samantha R Sprague /FB_IMG_1602743608061.jpg,FB_IMG_1602743608061.jpg,.jpg,,,,,,,JPEG
/home/rich/Pictures/My Love Samantha R Sprague -1-001/My Love Samantha R Sprague /FB_IMG_1602743719469.jpg,FB_IMG_1602743719469.jpg,.jpg,,,,,,,JPEG
/home/rich/Pictures/My Love Samantha R Sprague -1-001/My Love Samantha R Sprague /FB_IMG_1602743731538.jpg,FB_IMG_1602743731538.jpg,.jpg,,,,,,,JPEG
/home/rich/Pictures/My Love Samantha R Sprague -1-001/My Love Samantha R Sprague /FB_IMG_1602743796450.jpg,FB_IMG_1602743796450.jpg,.jpg,,,,,,,JPEG
/home/rich/Pictures/My Love Samantha R Sprague -1-001/My Love Samantha R Sprague /FB_IMG_1602743864670.jpg,FB_IMG_1602743864670.jpg,.jpg,,,,,,,JPEG
/home/rich/Pictures/My Love Samantha R Sprague -1-001/My Love Samantha R Sprague /FB_IMG_1602743982923.jpg,FB_IMG_1602743982923.jpg,.jpg,,,,,,,JPEG
/home/rich/Pictures/My Love Samantha R Sprague -1-001/My Love Samantha R Sprague /FB_IMG_1602744071802.jpg,FB_IMG_1602744071802.jpg,.jpg,,,,,,,JPEG
/home/rich/Pictures/My Love Samantha R Sprague -1-001/My Love Samantha R Sprague /FB_IMG_1602744079865.jpg,FB_IMG_1602744079865.jpg,.jpg,,,,,,,JPEG
/home/rich/Pictures/My Love Samantha R Sprague -1-001/My Love Samantha R Sprague /FB_IMG_1602744182279.jpg,FB_IMG_1602744182279.jpg,.jpg,,,,,,,JPEG
/home/rich/Pictures/My Love Samantha R Sprague -1-001/My Love Samantha R Sprague /FB_IMG_1613522806406.jpg,FB_IMG_1613522806406.jpg,.jpg,,,,,,,JPEG
/home/rich/Pictures/My Love Samantha R Sprague -1-001/My Love Samantha R Sprague /FB_IMG_1613524487299.jpg,FB_IMG_1613524487299.jpg,.jpg,,,,,,,JPEG
/home/rich/Pictures/My Love Samantha R Sprague -1-001/My Love Samantha R Sprague /FB_IMG_1635727661300.jpg,FB_IMG_1635727661300.jpg,.jpg,,,,,,,JPEG
/home/rich/Pictures/My Love Samantha R Sprague -1-001/My Love Samantha R Sprague /FB_IMG_1637896125861.jpg,FB_IMG_1637896125861.jpg,.jpg,,,,,,,JPEG
/home/rich/Pictures/My Love Samantha R Sprague -1-001/My Love Samantha R Sprague /FB_IMG_1637896148798.jpg,FB_IMG_1637896148798.jpg,.jpg,,,,,,,JPEG
/home/rich/Pictures/My Love Samantha R Sprague -1-001/My Love Samantha R Sprague /FB_IMG_1637896155003.jpg,FB_IMG_1637896155003.jpg,.jpg,,,,,,,JPEG
/home/rich/Pictures/My Love Samantha R Sprague -1-001/My Love Samantha R Sprague /FB_IMG_1637896165446.jpg,FB_IMG_1637896165446.jpg,.jpg,,,,,,,JPEG
/home/rich/Pictures/My Love Samantha R Sprague -1-001/My Love Samantha R Sprague /FB_IMG_1637896170235.jpg,FB_IMG_1637896170235.jpg,.jpg,,,,,,,JPEG
/home/rich/Pictures/My Love Samantha R Sprague -1-001/My Love Samantha R Sprague /FB_IMG_1662581975184.jpg,FB_IMG_1662581975184.jpg,.jpg,,,,,,,JPEG
/home/rich/Pictures/My Love Samantha R Sprague -1-001/My Love Samantha R Sprague /IMG_20180227_200337.jpg,IMG_20180227_200337.jpg,.jpg,2018:02:27 17:27:49,2018:02:27 17:27:49,"41 deg 3' 44.12"" N","86 deg 12' 37.96"" W",TCL,Alcatel_5044R,JPEG
/home/rich/Pictures/My Love Samantha R Sprague -1-001/My Love Samantha R Sprague /IMG_20180227_222717.jpg,IMG_20180227_222717.jpg,.jpg,2018:02:27 17:27:17,2018:02:27 17:27:17,"41 deg 3' 44.13"" N","86 deg 12' 38.53"" W",TCL,Alcatel_5044R,JPEG
/home/rich/Pictures/My Love Samantha R Sprague -1-001/My Love Samantha R Sprague /IMG_20180303_150933.jpg,IMG_20180303_150933.jpg,.jpg,2018:03:03 15:09:33,2018:03:03 15:09:33,"41 deg 3' 15.22"" N","86 deg 9' 37.28"" W",TCL,Alcatel_5044R,JPEG
/home/rich/Pictures/My Love Samantha R Sprague -1-001/My Love Samantha R Sprague /IMG_20180307_002146.jpg,IMG_20180307_002146.jpg,.jpg,2018:03:07 00:21:47,2018:03:07 00:21:47,"41 deg 3' 15.22"" N","86 deg 9' 37.28"" W",TCL,Alcatel_5044R,JPEG
/home/rich/Pictures/My Love Samantha R Sprague -1-001/My Love Samantha R Sprague /IMG_20180310_015419.jpg,IMG_20180310_015419.jpg,.jpg,2018:03:09 16:38:13,2018:03:09 16:38:13,"41 deg 3' 48.69"" N","86 deg 11' 42.73"" W",TCL,Alcatel_5044R,JPEG
/home/rich/Pictures/My Love Samantha R Sprague -1-001/My Love Samantha R Sprague /IMG_20180310_171309.jpg,IMG_20180310_171309.jpg,.jpg,2018:03:10 17:13:09,2018:03:10 17:13:09,"41 deg 3' 22.20"" N","86 deg 9' 32.38"" W",TCL,Alcatel_5044R,JPEG
/home/rich/Pictures/My Love Samantha R Sprague -1-001/My Love Samantha R Sprague /IMG_20180310_171318.jpg,IMG_20180310_171318.jpg,.jpg,2018:03:10 17:13:18,2018:03:10 17:13:18,"41 deg 3' 22.20"" N","86 deg 9' 32.38"" W",TCL,Alcatel_5044R,JPEG
/home/rich/Pictures/My Love Samantha R Sprague -1-001/My Love Samantha R Sprague /IMG_20180323_214402.jpg,IMG_20180323_214402.jpg,.jpg,2018:03:23 21:40:19,2018:03:23 21:40:19,"41 deg 3' 15.11"" N","86 deg 9' 36.77"" W",TCL,Alcatel_5044R,JPEG
/home/rich/Pictures/My Love Samantha R Sprague -1-001/My Love Samantha R Sprague /IMG_20180324_105022.jpg,IMG_20180324_105022.jpg,.jpg,2018:03:24 10:50:23,2018:03:24 10:50:23,"41 deg 3' 15.11"" N","86 deg 9' 36.77"" W",TCL,Alcatel_5044R,JPEG
/home/rich/Pictures/My Love Samantha R Sprague -1-001/My Love Samantha R Sprague /IMG_20180324_105028.jpg,IMG_20180324_105028.jpg,.jpg,2018:03:24 10:50:29,2018:03:24 10:50:29,"41 deg 3' 15.11"" N","86 deg 9' 36.77"" W",TCL,Alcatel_5044R,JPEG
/home/rich/Pictures/My Love Samantha R Sprague -1-001/My Love Samantha R Sprague /IMG_20180324_105033.jpg,IMG_20180324_105033.jpg,.jpg,2018:03:24 10:50:33,2018:03:24 10:50:33,"41 deg 3' 15.11"" N","86 deg 9' 36.77"" W",TCL,Alcatel_5044R,JPEG
/home/rich/Pictures/My Love Samantha R Sprague -1-001/My Love Samantha R Sprague /IMG_20180324_105036.jpg,IMG_20180324_105036.jpg,.jpg,2018:03:24 10:50:36,2018:03:24 10:50:36,"41 deg 3' 15.11"" N","86 deg 9' 36.77"" W",TCL,Alcatel_5044R,JPEG
/home/rich/Pictures/My Love Samantha R Sprague -1-001/My Love Samantha R Sprague /IMG_20180327_213927.jpg,IMG_20180327_213927.jpg,.jpg,2018:03:27 21:39:27,2018:03:27 21:39:27,"41 deg 3' 22.09"" N","86 deg 9' 32.46"" W",TCL,Alcatel_5044R,JPEG
/home/rich/Pictures/My Love Samantha R Sprague -1-001/My Love Samantha R Sprague /IMG_20180401_120947.jpg,IMG_20180401_120947.jpg,.jpg,2018:04:01 12:09:47,2018:04:01 12:09:47,"41 deg 3' 15.62"" N","86 deg 9' 37.40"" W",TCL,Alcatel_5044R,JPEG
/home/rich/Pictures/My Love Samantha R Sprague -1-001/My Love Samantha R Sprague /IMG_20180402_144739.jpg,IMG_20180402_144739.jpg,.jpg,2018:04:02 14:47:40,2018:04:02 14:47:40,"41 deg 4' 9.30"" N","86 deg 18' 11.82"" W",TCL,Alcatel_5044R,JPEG
/home/rich/Pictures/My Love Samantha R Sprague -1-001/My Love Samantha R Sprague /IMG_20180417_131941.jpg,IMG_20180417_131941.jpg,.jpg,2018:04:17 13:18:42,2018:04:17 13:18:42,,,TCL,Alcatel_5044R,JPEG
/home/rich/Pictures/My Love Samantha R Sprague -1-001/My Love Samantha R Sprague /IMG_20180419_145139.jpg,IMG_20180419_145139.jpg,.jpg,2018:04:19 14:51:40,2018:04:19 14:51:40,,,TCL,Alcatel_5044R,JPEG
/home/rich/Pictures/My Love Samantha R Sprague -1-001/My Love Samantha R Sprague /IMG_20180419_145224-COLLAGE.jpg,IMG_20180419_145224-COLLAGE.jpg,.jpg,2018:04:19 14:52:25,,,,TCL,Alcatel_5044R,JPEG
/home/rich/Pictures/My Love Samantha R Sprague -1-001/My Love Samantha R Sprague /IMG_20180419_145224.jpg,IMG_20180419_145224.jpg,.jpg,2018:04:19 14:52:25,2018:04:19 14:52:25,,,TCL,Alcatel_5044R,JPEG
/home/rich/Pictures/My Love Samantha R Sprague -1-001/My Love Samantha R Sprague /IMG_20180419_145443.jpg,IMG_20180419_145443.jpg,.jpg,2018:04:19 14:52:25,2018:04:19 14:52:25,,,TCL,Alcatel_5044R,JPEG
/home/rich/Pictures/My Love Samantha R Sprague -1-001/My Love Samantha R Sprague /IMG_20180419_162225.jpg,IMG_20180419_162225.jpg,.jpg,2018:04:19 16:22:26,2018:04:19 16:22:26,,,TCL,Alcatel_5044R,JPEG
/home/rich/Pictures/My Love Samantha R Sprague -1-001/My Love Samantha R Sprague /IMG_20180419_162254.jpg,IMG_20180419_162254.jpg,.jpg,2018:04:19 16:22:54,2018:04:19 16:22:54,,,TCL,Alcatel_5044R,JPEG
/home/rich/Pictures/My Love Samantha R Sprague -1-001/My Love Samantha R Sprague /IMG_20180423_153420.jpg,IMG_20180423_153420.jpg,.jpg,2018:04:23 15:34:20,2018:04:23 15:34:20,,,TCL,Alcatel_5044R,JPEG
/home/rich/Pictures/My Love Samantha R Sprague -1-001/My Love Samantha R Sprague /IMG_20180423_162949.jpg,IMG_20180423_162949.jpg,.jpg,2018:04:23 15:33:53,2018:04:23 15:33:53,,,TCL,Alcatel_5044R,JPEG
/home/rich/Pictures/My Love Samantha R Sprague -1-001/My Love Samantha R Sprague /IMG_20180424_135341.jpg,IMG_20180424_135341.jpg,.jpg,2018:04:24 13:53:41,2018:04:24 13:53:41,,,TCL,Alcatel_5044R,JPEG
/home/rich/Pictures/My Love Samantha R Sprague -1-001/My Love Samantha R Sprague /IMG_20180424_135406.jpg,IMG_20180424_135406.jpg,.jpg,2018:04:24 13:54:07,2018:04:24 13:54:07,,,TCL,Alcatel_5044R,JPEG
/home/rich/Pictures/My Love Samantha R Sprague -1-001/My Love Samantha R Sprague /IMG_20180424_135412.jpg,IMG_20180424_135412.jpg,.jpg,2018:04:24 13:54:12,2018:04:24 13:54:12,,,TCL,Alcatel_5044R,JPEG
/home/rich/Pictures/My Love Samantha R Sprague -1-001/My Love Samantha R Sprague /IMG_20180424_135416.jpg,IMG_20180424_135416.jpg,.jpg,2018:04:24 13:54:17,2018:04:24 13:54:17,,,TCL,Alcatel_5044R,JPEG
/home/rich/Pictures/My Love Samantha R Sprague -1-001/My Love Samantha R Sprague /IMG_20180424_153701.jpg,IMG_20180424_153701.jpg,.jpg,2018:04:24 15:37:02,2018:04:24 15:37:02,,,TCL,Alcatel_5044R,JPEG
/home/rich/Pictures/My Love Samantha R Sprague -1-001/My Love Samantha R Sprague /IMG_20180428_191253.jpg,IMG_20180428_191253.jpg,.jpg,2018:04:28 19:13:01,2018:04:28 19:13:01,,,TCL,Alcatel_5044R,JPEG
/home/rich/Pictures/My Love Samantha R Sprague -1-001/My Love Samantha R Sprague /IMG_20180428_191301.jpg,IMG_20180428_191301.jpg,.jpg,2018:04:28 19:13:08,2018:04:28 19:13:08,,,TCL,Alcatel_5044R,JPEG
/home/rich/Pictures/My Love Samantha R Sprague -1-001/My Love Samantha R Sprague /IMG_20180428_191308.jpg,IMG_20180428_191308.jpg,.jpg,2018:04:28 19:13:13,2018:04:28 19:13:13,,,TCL,Alcatel_5044R,JPEG
/home/rich/Pictures/My Love Samantha R Sprague -1-001/My Love Samantha R Sprague /IMG_20180502_113729.jpg,IMG_20180502_113729.jpg,.jpg,2018:05:02 11:36:49,2018:05:02 11:36:49,,,TCL,Alcatel_5044R,JPEG
/home/rich/Pictures/My Love Samantha R Sprague -1-001/My Love Samantha R Sprague /IMG_20200115_030545.jpg,IMG_20200115_030545.jpg,.jpg,2020:01:15 03:05:48,2020:01:15 03:05:48,,,Alcatel,5041C,JPEG
/home/rich/Pictures/My Love Samantha R Sprague -1-001/My Love Samantha R Sprague /IMG_20200115_030718.jpg,IMG_20200115_030718.jpg,.jpg,2020:01:15 03:07:21,2020:01:15 03:07:21,,,Alcatel,5041C,JPEG
/home/rich/Pictures/My Love Samantha R Sprague -1-001/My Love Samantha R Sprague /IMG_20200115_030729.jpg,IMG_20200115_030729.jpg,.jpg,2020:01:15 03:07:31,2020:01:15 03:07:31,,,Alcatel,5041C,JPEG
/home/rich/Pictures/My Love Samantha R Sprague -1-001/My Love Samantha R Sprague /IMG_20200120_155254.jpg,IMG_20200120_155254.jpg,.jpg,2020:01:20 15:52:55,2020:01:20 15:52:55,,,Alcatel,5041C,JPEG
/home/rich/Pictures/My Love Samantha R Sprague -1-001/My Love Samantha R Sprague /IMG_20200123_210725.jpg,IMG_20200123_210725.jpg,.jpg,2020:01:23 21:07:25,2020:01:23 21:07:25,,,Alcatel,5041C,JPEG
/home/rich/Pictures/My Love Samantha R Sprague -1-001/My Love Samantha R Sprague /IMG_20200123_210901.jpg,IMG_20200123_210901.jpg,.jpg,2020:01:23 21:09:03,2020:01:23 21:09:03,,,Alcatel,5041C,JPEG
/home/rich/Pictures/My Love Samantha R Sprague -1-001/My Love Samantha R Sprague /IMG_20200123_211123.jpg,IMG_20200123_211123.jpg,.jpg,2020:01:23 21:11:24,2020:01:23 21:11:24,,,Alcatel,5041C,JPEG
/home/rich/Pictures/My Love Samantha R Sprague -1-001/My Love Samantha R Sprague /IMG_20200123_211252.jpg,IMG_20200123_211252.jpg,.jpg,2020:01:23 21:12:53,2020:01:23 21:12:53,,,Alcatel,5041C,JPEG
/home/rich/Pictures/My Love Samantha R Sprague -1-001/My Love Samantha R Sprague /IMG_20200128_134844.jpg,IMG_20200128_134844.jpg,.jpg,2020:01:28 13:48:47,2020:01:28 13:48:47,,,Alcatel,5041C,JPEG
/home/rich/Pictures/My Love Samantha R Sprague -1-001/My Love Samantha R Sprague /IMG_20200205_030946.jpg,IMG_20200205_030946.jpg,.jpg,2020:02:05 03:09:49,2020:02:05 03:09:49,,,Alcatel,5041C,JPEG
/home/rich/Pictures/My Love Samantha R Sprague -1-001/My Love Samantha R Sprague /IMG_20200205_031008.jpg,IMG_20200205_031008.jpg,.jpg,2020:02:05 03:10:11,2020:02:05 03:10:11,,,Alcatel,5041C,JPEG
/home/rich/Pictures/My Love Samantha R Sprague -1-001/My Love Samantha R Sprague /IMG_20200205_031134.jpg,IMG_20200205_031134.jpg,.jpg,2020:02:05 03:11:36,2020:02:05 03:11:36,,,Alcatel,5041C,JPEG
/home/rich/Pictures/My Love Samantha R Sprague -1-001/My Love Samantha R Sprague /IMG_20200205_031330.jpg,IMG_20200205_031330.jpg,.jpg,2020:02:05 03:13:33,2020:02:05 03:13:33,,,Alcatel,5041C,JPEG
/home/rich/Pictures/My Love Samantha R Sprague -1-001/My Love Samantha R Sprague /IMG_20200206_152340.jpg,IMG_20200206_152340.jpg,.jpg,2020:02:06 15:23:42,2020:02:06 15:23:42,,,Alcatel,5041C,JPEG
/home/rich/Pictures/My Love Samantha R Sprague -1-001/My Love Samantha R Sprague /IMG_20200206_152404.jpg,IMG_20200206_152404.jpg,.jpg,2020:02:06 15:24:06,2020:02:06 15:24:06,,,Alcatel,5041C,JPEG
/home/rich/Pictures/My Love Samantha R Sprague -1-001/My Love Samantha R Sprague /IMG_20200207_034756.jpg,IMG_20200207_034756.jpg,.jpg,2020:02:07 03:47:57,2020:02:07 03:47:57,,,Alcatel,5041C,JPEG
/home/rich/Pictures/My Love Samantha R Sprague -1-001/My Love Samantha R Sprague /IMG_20200312_190324.jpg,IMG_20200312_190324.jpg,.jpg,2020:03:12 19:03:25,2020:03:12 19:03:25,,,Alcatel,5041C,JPEG
/home/rich/Pictures/My Love Samantha R Sprague -1-001/My Love Samantha R Sprague /IMG_20200312_190333.jpg,IMG_20200312_190333.jpg,.jpg,2020:03:12 19:03:33,2020:03:12 19:03:33,,,Alcatel,5041C,JPEG
/home/rich/Pictures/My Love Samantha R Sprague -1-001/My Love Samantha R Sprague /IMG_20200312_190334.jpg,IMG_20200312_190334.jpg,.jpg,2020:03:12 19:03:35,2020:03:12 19:03:35,,,Alcatel,5041C,JPEG
/home/rich/Pictures/My Love Samantha R Sprague -1-001/My Love Samantha R Sprague /IMG_20200312_190335.jpg,IMG_20200312_190335.jpg,.jpg,2020:03:12 19:03:35,2020:03:12 19:03:35,,,Alcatel,5041C,JPEG
/home/rich/Pictures/My Love Samantha R Sprague -1-001/My Love Samantha R Sprague /IMG_20200312_190336.jpg,IMG_20200312_190336.jpg,.jpg,2020:03:12 19:03:36,2020:03:12 19:03:36,,,Alcatel,5041C,JPEG
/home/rich/Pictures/My Love Samantha R Sprague -1-001/My Love Samantha R Sprague /IMG_20200312_190336_1.jpg,IMG_20200312_190336_1.jpg,.jpg,2020:03:12 19:03:36,2020:03:12 19:03:36,,,Alcatel,5041C,JPEG
/home/rich/Pictures/My Love Samantha R Sprague -1-001/My Love Samantha R Sprague /IMG_20200325_171622.jpg,IMG_20200325_171622.jpg,.jpg,2020:03:25 17:16:24,2020:03:25 17:16:24,,,Alcatel,5041C,JPEG
/home/rich/Pictures/My Love Samantha R Sprague -1-001/My Love Samantha R Sprague /IMG_20200325_173752.jpg,IMG_20200325_173752.jpg,.jpg,2020:03:25 17:37:53,2020:03:25 17:37:53,,,Alcatel,5041C,JPEG
/home/rich/Pictures/My Love Samantha R Sprague -1-001/My Love Samantha R Sprague /IMG_20200325_174216.jpg,IMG_20200325_174216.jpg,.jpg,2020:03:25 17:42:17,2020:03:25 17:42:17,,,Alcatel,5041C,JPEG
/home/rich/Pictures/My Love Samantha R Sprague -1-001/My Love Samantha R Sprague /IMG_20200325_174220.jpg,IMG_20200325_174220.jpg,.jpg,2020:03:25 17:42:20,2020:03:25 17:42:20,,,Alcatel,5041C,JPEG
/home/rich/Pictures/My Love Samantha R Sprague -1-001/My Love Samantha R Sprague /IMG_20200325_174237.jpg,IMG_20200325_174237.jpg,.jpg,2020:03:25 17:42:38,2020:03:25 17:42:38,,,Alcatel,5041C,JPEG
/home/rich/Pictures/My Love Samantha R Sprague -1-001/My Love Samantha R Sprague /IMG_20200419_124824.jpg,IMG_20200419_124824.jpg,.jpg,2020:04:19 12:48:26,2020:04:19 12:48:26,,,Alcatel,5041C,JPEG
/home/rich/Pictures/My Love Samantha R Sprague -1-001/My Love Samantha R Sprague /IMG_20200419_124833.jpg,IMG_20200419_124833.jpg,.jpg,2020:04:19 12:48:34,2020:04:19 12:48:34,,,Alcatel,5041C,JPEG
/home/rich/Pictures/My Love Samantha R Sprague -1-001/My Love Samantha R Sprague /IMG_20200419_124840.jpg,IMG_20200419_124840.jpg,.jpg,2020:04:19 12:48:40,2020:04:19 12:48:40,,,Alcatel,5041C,JPEG
/home/rich/Pictures/My Love Samantha R Sprague -1-001/My Love Samantha R Sprague /IMG_20200514_032244_10CS.jpg,IMG_20200514_032244_10CS.jpg,.jpg,2020:05:14 03:22:45,2020:05:14 03:22:45,,,Alcatel,5041C,JPEG
/home/rich/Pictures/My Love Samantha R Sprague -1-001/My Love Samantha R Sprague /IMG_20200514_032244_11CS.jpg,IMG_20200514_032244_11CS.jpg,.jpg,2020:05:14 03:22:45,2020:05:14 03:22:45,,,Alcatel,5041C,JPEG
/home/rich/Pictures/My Love Samantha R Sprague -1-001/My Love Samantha R Sprague /IMG_20200514_032244_12CS.jpg,IMG_20200514_032244_12CS.jpg,.jpg,2020:05:14 03:22:45,2020:05:14 03:22:45,,,Alcatel,5041C,JPEG
/home/rich/Pictures/My Love Samantha R Sprague -1-001/My Love Samantha R Sprague /IMG_20200514_032244_2CS.jpg,IMG_20200514_032244_2CS.jpg,.jpg,2020:05:14 03:22:44,2020:05:14 03:22:44,,,Alcatel,5041C,JPEG
/home/rich/Pictures/My Love Samantha R Sprague -1-001/My Love Samantha R Sprague /IMG_20200514_032244_3CS.jpg,IMG_20200514_032244_3CS.jpg,.jpg,2020:05:14 03:22:44,2020:05:14 03:22:44,,,Alcatel,5041C,JPEG
/home/rich/Pictures/My Love Samantha R Sprague -1-001/My Love Samantha R Sprague /IMG_20200514_032244_6CS.jpg,IMG_20200514_032244_6CS.jpg,.jpg,2020:05:14 03:22:45,2020:05:14 03:22:45,,,Alcatel,5041C,JPEG
/home/rich/Pictures/My Love Samantha R Sprague -1-001/My Love Samantha R Sprague /IMG_20200514_032244_7CS.jpg,IMG_20200514_032244_7CS.jpg,.jpg,2020:05:14 03:22:45,2020:05:14 03:22:45,,,Alcatel,5041C,JPEG
/home/rich/Pictures/My Love Samantha R Sprague -1-001/My Love Samantha R Sprague /IMG_20200514_032244_8CS.jpg,IMG_20200514_032244_8CS.jpg,.jpg,2020:05:14 03:22:45,2020:05:14 03:22:45,,,Alcatel,5041C,JPEG
/home/rich/Pictures/My Love Samantha R Sprague -1-001/My Love Samantha R Sprague /IMG_20200514_032244_9CS.jpg,IMG_20200514_032244_9CS.jpg,.jpg,2020:05:14 03:22:45,2020:05:14 03:22:45,,,Alcatel,5041C,JPEG
/home/rich/Pictures/My Love Samantha R Sprague -1-001/My Love Samantha R Sprague /IMG_20200528_164845.jpg,IMG_20200528_164845.jpg,.jpg,2020:05:28 16:48:47,2020:05:28 16:48:47,,,Alcatel,5041C,JPEG
/home/rich/Pictures/My Love Samantha R Sprague -1-001/My Love Samantha R Sprague /IMG_20200528_164851.jpg,IMG_20200528_164851.jpg,.jpg,2020:05:28 16:48:52,2020:05:28 16:48:52,,,Alcatel,5041C,JPEG
/home/rich/Pictures/My Love Samantha R Sprague -1-001/My Love Samantha R Sprague /IMG_20200528_164902.jpg,IMG_20200528_164902.jpg,.jpg,2020:05:28 16:49:03,2020:05:28 16:49:03,,,Alcatel,5041C,JPEG
/home/rich/Pictures/My Love Samantha R Sprague -1-001/My Love Samantha R Sprague /IMG_20200528_164936.jpg,IMG_20200528_164936.jpg,.jpg,2020:05:28 16:49:36,2020:05:28 16:49:36,,,Alcatel,5041C,JPEG
/home/rich/Pictures/My Love Samantha R Sprague -1-001/My Love Samantha R Sprague /IMG_20200528_164941.jpg,IMG_20200528_164941.jpg,.jpg,2020:05:28 16:49:41,2020:05:28 16:49:41,,,Alcatel,5041C,JPEG
/home/rich/Pictures/My Love Samantha R Sprague -1-001/My Love Samantha R Sprague /IMG_20200528_164944.jpg,IMG_20200528_164944.jpg,.jpg,2020:05:28 16:49:45,2020:05:28 16:49:45,,,Alcatel,5041C,JPEG
/home/rich/Pictures/My Love Samantha R Sprague -1-001/My Love Samantha R Sprague /IMG_20200528_164950.jpg,IMG_20200528_164950.jpg,.jpg,2020:05:28 16:49:50,2020:05:28 16:49:50,,,Alcatel,5041C,JPEG
/home/rich/Pictures/My Love Samantha R Sprague -1-001/My Love Samantha R Sprague /IMG_20200528_164951.jpg,IMG_20200528_164951.jpg,.jpg,2020:05:28 16:49:51,2020:05:28 16:49:51,,,Alcatel,5041C,JPEG
/home/rich/Pictures/My Love Samantha R Sprague -1-001/My Love Samantha R Sprague /IMG_20200605_020436.jpg,IMG_20200605_020436.jpg,.jpg,2020:06:05 02:04:40,2020:06:05 02:04:40,,,Alcatel,5041C,JPEG
/home/rich/Pictures/My Love Samantha R Sprague -1-001/My Love Samantha R Sprague /IMG_20250614_145614795.jpg,IMG_20250614_145614795.jpg,.jpg,2025:06:14 14:56:15,2025:06:14 14:56:15,"41 deg 35' 22.76"" N","85 deg 48' 56.29"" W",motorola,moto g pure,JPEG
/home/rich/Pictures/My Love Samantha R Sprague -1-001/My Love Samantha R Sprague /IMG_20250614_145619125.jpg,IMG_20250614_145619125.jpg,.jpg,2025:06:14 14:56:19,2025:06:14 14:56:19,"41 deg 35' 22.76"" N","85 deg 48' 56.29"" W",motorola,moto g pure,JPEG
/home/rich/Pictures/My Love Samantha R Sprague -1-001/My Love Samantha R Sprague /IMG_20250614_145629863.jpg,IMG_20250614_145629863.jpg,.jpg,2025:06:14 14:56:30,2025:06:14 14:56:30,"41 deg 35' 22.76"" N","85 deg 48' 56.29"" W",motorola,moto g pure,JPEG
/home/rich/Pictures/My Love Samantha R Sprague -1-001/My Love Samantha R Sprague /ProfilePhoto.jpg,ProfilePhoto.jpg,.jpg,,,,,,,JPEG
/home/rich/Pictures/My Love Samantha R Sprague -1-001/My Love Samantha R Sprague /bcf21864-a14a-4f6d-9916-74d529494e8c.jpg,bcf21864-a14a-4f6d-9916-74d529494e8c.jpg,.jpg,,,,,,,JPEG
/home/rich/Pictures/My Love Samantha R Sprague -1-001/My Love Samantha R Sprague /received_1012910433266098.png,received_1012910433266098.png,.png,,,,,,,PNG
/home/rich/Pictures/My Love Samantha R Sprague -1-001/My Love Samantha R Sprague /received_1175290477200431.jpeg,received_1175290477200431.jpeg,.jpeg,,,,,,,JPEG
/home/rich/Pictures/My Love Samantha R Sprague -1-001/My Love Samantha R Sprague /received_1182135849301024.jpeg,received_1182135849301024.jpeg,.jpeg,,,,,,,JPEG
/home/rich/Pictures/My Love Samantha R Sprague -1-001/My Love Samantha R Sprague /received_1322013368588475.jpeg,received_1322013368588475.jpeg,.jpeg,,,,,,,JPEG
/home/rich/Pictures/My Love Samantha R Sprague -1-001/My Love Samantha R Sprague /received_1407927570173742.jpeg,received_1407927570173742.jpeg,.jpeg,,,,,,,JPEG
/home/rich/Pictures/My Love Samantha R Sprague -1-001/My Love Samantha R Sprague /received_1475133696335932.jpeg,received_1475133696335932.jpeg,.jpeg,,,,,,,JPEG
/home/rich/Pictures/My Love Samantha R Sprague -1-001/My Love Samantha R Sprague /received_1793630270971693.jpeg,received_1793630270971693.jpeg,.jpeg,,,,,,,JPEG
/home/rich/Pictures/My Love Samantha R Sprague -1-001/My Love Samantha R Sprague /received_188429977325217.jpeg,received_188429977325217.jpeg,.jpeg,,,,,,,JPEG
/home/rich/Pictures/My Love Samantha R Sprague -1-001/My Love Samantha R Sprague /received_2358457840963383.jpeg,received_2358457840963383.jpeg,.jpeg,,,,,,,JPEG
/home/rich/Pictures/My Love Samantha R Sprague -1-001/My Love Samantha R Sprague /received_2515587331949875.jpeg,received_2515587331949875.jpeg,.jpeg,,,,,,,JPEG
/home/rich/Pictures/My Love Samantha R Sprague -1-001/My Love Samantha R Sprague /received_2549376471865332.jpeg,received_2549376471865332.jpeg,.jpeg,,,,,,,JPEG
/home/rich/Pictures/My Love Samantha R Sprague -1-001/My Love Samantha R Sprague /received_2915619628746880.jpeg,received_2915619628746880.jpeg,.jpeg,,,,,,,JPEG
/home/rich/Pictures/My Love Samantha R Sprague -1-001/My Love Samantha R Sprague /received_3183187561917141.jpeg,received_3183187561917141.jpeg,.jpeg,,,,,,,JPEG
/home/rich/Pictures/My Love Samantha R Sprague -1-001/My Love Samantha R Sprague /received_3273005489622214.jpeg,received_3273005489622214.jpeg,.jpeg,,,,,,,JPEG
/home/rich/Pictures/My Love Samantha R Sprague -1-001/My Love Samantha R Sprague /received_3334167320195774.jpeg,received_3334167320195774.jpeg,.jpeg,,,,,,,JPEG
/home/rich/Pictures/My Love Samantha R Sprague -1-001/My Love Samantha R Sprague /received_3469792566681983.jpeg,received_3469792566681983.jpeg,.jpeg,,,,,,,JPEG
/home/rich/Pictures/My Love Samantha R Sprague -1-001/My Love Samantha R Sprague /received_377458577760377.jpeg,received_377458577760377.jpeg,.jpeg,,,,,,,JPEG
/home/rich/Pictures/My Love Samantha R Sprague -1-001/My Love Samantha R Sprague /received_429328699163217.jpeg,received_429328699163217.jpeg,.jpeg,,,,,,,JPEG
/home/rich/Pictures/My Love Samantha R Sprague -1-001/My Love Samantha R Sprague /received_437584314951482.jpeg,received_437584314951482.jpeg,.jpeg,,,,,,,JPEG
/home/rich/Pictures/My Love Samantha R Sprague -1-001/My Love Samantha R Sprague /received_454291266510916.jpeg,received_454291266510916.jpeg,.jpeg,,,,,,,JPEG
/home/rich/Pictures/My Love Samantha R Sprague -1-001/My Love Samantha R Sprague /received_460536095603061.jpeg,received_460536095603061.jpeg,.jpeg,,,,,,,JPEG
/home/rich/Pictures/My Love Samantha R Sprague -1-001/My Love Samantha R Sprague /received_466291855331186.jpeg,received_466291855331186.jpeg,.jpeg,,,,,,,JPEG
/home/rich/Pictures/My Love Samantha R Sprague -1-001/My Love Samantha R Sprague /received_475566885626476.jpeg,received_475566885626476.jpeg,.jpeg,,,,,,,JPEG
/home/rich/Pictures/My Love Samantha R Sprague -1-001/My Love Samantha R Sprague /received_478042447465506.jpeg,received_478042447465506.jpeg,.jpeg,,,,,,,JPEG
/home/rich/Pictures/My Love Samantha R Sprague -1-001/My Love Samantha R Sprague /received_484746233470064.jpeg,received_484746233470064.jpeg,.jpeg,,,,,,,JPEG
/home/rich/Pictures/My Love Samantha R Sprague -1-001/My Love Samantha R Sprague /received_5207388755982406.jpeg,received_5207388755982406.jpeg,.jpeg,,,,,,,JPEG
/home/rich/Pictures/My Love Samantha R Sprague -1-001/My Love Samantha R Sprague /received_5378418152181324.jpeg,received_5378418152181324.jpeg,.jpeg,,,,,,,JPEG
/home/rich/Pictures/My Love Samantha R Sprague -1-001/My Love Samantha R Sprague /received_5597235210297470.jpeg,received_5597235210297470.jpeg,.jpeg,,,,,,,JPEG
/home/rich/Pictures/My Love Samantha R Sprague -1-001/My Love Samantha R Sprague /received_5680330521988585.jpeg,received_5680330521988585.jpeg,.jpeg,,,,,,,JPEG
/home/rich/Pictures/My Love Samantha R Sprague -1-001/My Love Samantha R Sprague /received_568692484831345.jpeg,received_568692484831345.jpeg,.jpeg,,,,,,,JPEG
/home/rich/Pictures/My Love Samantha R Sprague -1-001/My Love Samantha R Sprague /received_573180218023432.jpeg,received_573180218023432.jpeg,.jpeg,,,,,,,JPEG
/home/rich/Pictures/My Love Samantha R Sprague -1-001/My Love Samantha R Sprague /received_581639686874345.jpeg,received_581639686874345.jpeg,.jpeg,,,,,,,JPEG
/home/rich/Pictures/My Love Samantha R Sprague -1-001/My Love Samantha R Sprague /received_596126608537040.jpeg,received_596126608537040.jpeg,.jpeg,,,,,,,JPEG
/home/rich/Pictures/My Love Samantha R Sprague -1-001/My Love Samantha R Sprague /received_623263615824786.jpeg,received_623263615824786.jpeg,.jpeg,,,,,,,JPEG
/home/rich/Pictures/My Love Samantha R Sprague -1-001/My Love Samantha R Sprague /received_711458106613881.jpeg,received_711458106613881.jpeg,.jpeg,,,,,,,JPEG
/home/rich/Pictures/My Love Samantha R Sprague -1-001/My Love Samantha R Sprague /received_717271600015755.jpeg,received_717271600015755.jpeg,.jpeg,,,,,,,JPEG
/home/rich/Pictures/My Love Samantha R Sprague -1-001/My Love Samantha R Sprague /received_718776142761446.jpeg,received_718776142761446.jpeg,.jpeg,,,,,,,JPEG
/home/rich/Pictures/My Love Samantha R Sprague -1-001/My Love Samantha R Sprague /received_726518311976031.jpeg,received_726518311976031.jpeg,.jpeg,,,,,,,JPEG
/home/rich/Pictures/My Love Samantha R Sprague -1-001/My Love Samantha R Sprague /received_743049150180447.jpeg,received_743049150180447.jpeg,.jpeg,,,,,,,JPEG
/home/rich/Pictures/My Love Samantha R Sprague -1-001/My Love Samantha R Sprague /received_771806007508925.jpeg,received_771806007508925.jpeg,.jpeg,,,,,,,JPEG
/home/rich/Pictures/My Love Samantha R Sprague -1-001/My Love Samantha R Sprague /received_777887736566903.jpeg,received_777887736566903.jpeg,.jpeg,,,,,,,JPEG
/home/rich/Pictures/My Love Samantha R Sprague -1-001/My Love Samantha R Sprague /received_785614386261471.jpeg,received_785614386261471.jpeg,.jpeg,,,,,,,JPEG
/home/rich/Pictures/My Love Samantha R Sprague -1-001/My Love Samantha R Sprague /received_863354004869109.jpeg,received_863354004869109.jpeg,.jpeg,,,,,,,JPEG
/home/rich/Pictures/My Love Samantha R Sprague -1-001/My Love Samantha R Sprague /received_9026534804140617.jpeg,received_9026534804140617.jpeg,.jpeg,,,,,,,JPEG
/home/rich/Pictures/My Love Samantha R Sprague -1-001/My Love Samantha R Sprague /received_917047902628115.jpeg,received_917047902628115.jpeg,.jpeg,,,,,,,JPEG
/home/rich/Pictures/My Love Samantha R Sprague -1-001/My Love Samantha R Sprague /received_938329151683891.jpeg,received_938329151683891.jpeg,.jpeg,,,,,,,JPEG
/home/rich/Pictures/My Love Samantha R Sprague -1-001/My Love Samantha R Sprague /received_975893457814026.jpeg,received_975893457814026.jpeg,.jpeg,,,,,,,JPEG
/home/rich/Pictures/My Love Samantha R Sprague -1-001 (2)/My Love Samantha R Sprague /20170507_154629.jpg,20170507_154629.jpg,.jpg,2017:05:07 15:46:28,2017:05:07 15:46:28,,,samsung,SAMSUNG-SM-J120A,JPEG
/home/rich/Pictures/My Love Samantha R Sprague -1-001 (2)/My Love Samantha R Sprague /20170507_154642.jpg,20170507_154642.jpg,.jpg,2017:05:07 15:46:41,2017:05:07 15:46:41,,,samsung,SAMSUNG-SM-J120A,JPEG
/home/rich/Pictures/My Love Samantha R Sprague -1-001 (2)/My Love Samantha R Sprague /20170518_094520.jpg,20170518_094520.jpg,.jpg,2017:05:18 09:45:20,2017:05:18 09:45:20,,,samsung,SAMSUNG-SM-J120A,JPEG
/home/rich/Pictures/My Love Samantha R Sprague -1-001 (2)/My Love Samantha R Sprague /20170518_094539.jpg,20170518_094539.jpg,.jpg,2017:05:18 09:45:39,2017:05:18 09:45:39,,,samsung,SAMSUNG-SM-J120A,JPEG
/home/rich/Pictures/My Love Samantha R Sprague -1-001 (2)/My Love Samantha R Sprague /20170518_094553.jpg,20170518_094553.jpg,.jpg,2017:05:18 09:45:53,2017:05:18 09:45:53,,,samsung,SAMSUNG-SM-J120A,JPEG
/home/rich/Pictures/My Love Samantha R Sprague -1-001 (2)/My Love Samantha R Sprague /20170518_095306.jpg,20170518_095306.jpg,.jpg,2017:05:18 09:53:04,2017:05:18 09:53:04,,,samsung,SAMSUNG-SM-J120A,JPEG
/home/rich/Pictures/My Love Samantha R Sprague -1-001 (2)/My Love Samantha R Sprague /20170518_095332.jpg,20170518_095332.jpg,.jpg,2017:05:18 09:53:31,2017:05:18 09:53:31,,,samsung,SAMSUNG-SM-J120A,JPEG
/home/rich/Pictures/My Love Samantha R Sprague -1-001 (2)/My Love Samantha R Sprague /20170523_124125.jpg,20170523_124125.jpg,.jpg,2017:05:23 12:41:24,2017:05:23 12:41:24,,,samsung,SAMSUNG-SM-J120A,JPEG
/home/rich/Pictures/My Love Samantha R Sprague -1-001 (2)/My Love Samantha R Sprague /20170523_124137.jpg,20170523_124137.jpg,.jpg,2017:05:23 12:41:36,2017:05:23 12:41:36,,,samsung,SAMSUNG-SM-J120A,JPEG
/home/rich/Pictures/My Love Samantha R Sprague -1-001 (2)/My Love Samantha R Sprague /20170527_190014-COLLAGE.jpg,20170527_190014-COLLAGE.jpg,.jpg,2017:05:27 19:01:30,,,,samsung,SAMSUNG-SM-J120A,JPEG
/home/rich/Pictures/My Love Samantha R Sprague -1-001 (2)/My Love Samantha R Sprague /20170527_191858.jpg,20170527_191858.jpg,.jpg,2017:05:27 19:18:57,2017:05:27 19:18:57,,,samsung,SAMSUNG-SM-J120A,JPEG
/home/rich/Pictures/My Love Samantha R Sprague -1-001 (2)/My Love Samantha R Sprague /20181024_183533.jpg,20181024_183533.jpg,.jpg,2018:10:24 18:35:33,2018:10:24 18:35:33,,,LG Electronics,LG-M150,JPEG
/home/rich/Pictures/My Love Samantha R Sprague -1-001 (2)/My Love Samantha R Sprague /20181024_183550.jpg,20181024_183550.jpg,.jpg,2018:10:24 18:35:50,2018:10:24 18:35:50,,,LG Electronics,LG-M150,JPEG
/home/rich/Pictures/My Love Samantha R Sprague -1-001 (2)/My Love Samantha R Sprague /20190716_210737.jpg,20190716_210737.jpg,.jpg,2019:07:16 21:07:37,2019:07:16 21:07:37,,,LG Electronics,LGLS675,JPEG
/home/rich/Pictures/My Love Samantha R Sprague -1-001 (2)/My Love Samantha R Sprague /20190716_211258.jpg,20190716_211258.jpg,.jpg,2019:07:16 21:12:58,2019:07:16 21:12:58,,,LG Electronics,LGLS675,JPEG
/home/rich/Pictures/My Love Samantha R Sprague -1-001 (2)/My Love Samantha R Sprague /20190731_190919.jpg,20190731_190919.jpg,.jpg,2019:07:31 19:09:19,2019:07:31 19:09:19,,,LG Electronics,LGLS675,JPEG
/home/rich/Pictures/My Love Samantha R Sprague -1-001 (2)/My Love Samantha R Sprague /20190731_190930.jpg,20190731_190930.jpg,.jpg,2019:07:31 19:09:29,2019:07:31 19:09:29,,,LG Electronics,LGLS675,JPEG
/home/rich/Pictures/My Love Samantha R Sprague -1-001 (2)/My Love Samantha R Sprague /20190731_191021.jpg,20190731_191021.jpg,.jpg,2019:07:31 19:10:21,2019:07:31 19:10:21,,,LG Electronics,LGLS675,JPEG
/home/rich/Pictures/My Love Samantha R Sprague -1-001 (2)/My Love Samantha R Sprague /20190826_164059.jpg,20190826_164059.jpg,.jpg,2019:08:26 16:40:59,2019:08:26 16:40:59,,,LG Electronics,LGLS675,JPEG
/home/rich/Pictures/My Love Samantha R Sprague -1-001 (2)/My Love Samantha R Sprague /20190827_005008.jpg,20190827_005008.jpg,.jpg,2019:08:27 00:50:08,2019:08:27 00:50:08,,,LG Electronics,LGLS675,JPEG
/home/rich/Pictures/My Love Samantha R Sprague -1-001 (2)/My Love Samantha R Sprague /20190827_005051.jpg,20190827_005051.jpg,.jpg,2019:08:27 00:50:51,2019:08:27 00:50:51,,,LG Electronics,LGLS675,JPEG
/home/rich/Pictures/My Love Samantha R Sprague -1-001 (2)/My Love Samantha R Sprague /20190903_142025.jpg,20190903_142025.jpg,.jpg,2019:09:03 14:20:24,2019:09:03 14:20:24,"41 deg 3' 10.88"" N","86 deg 13' 37.45"" W",LG Electronics,LGLS675,JPEG
/home/rich/Pictures/My Love Samantha R Sprague -1-001 (2)/My Love Samantha R Sprague /20190903_142036.jpg,20190903_142036.jpg,.jpg,2019:09:03 14:20:36,2019:09:03 14:20:36,"41 deg 3' 10.88"" N","86 deg 13' 37.46"" W",LG Electronics,LGLS675,JPEG
/home/rich/Pictures/My Love Samantha R Sprague -1-001 (2)/My Love Samantha R Sprague /20190903_142123.jpg,20190903_142123.jpg,.jpg,2019:09:03 14:21:23,2019:09:03 14:21:23,"41 deg 3' 11.08"" N","86 deg 13' 37.53"" W",LG Electronics,LGLS675,JPEG
/home/rich/Pictures/My Love Samantha R Sprague -1-001 (2)/My Love Samantha R Sprague /20190903_142132.jpg,20190903_142132.jpg,.jpg,2019:09:03 14:21:31,2019:09:03 14:21:31,"41 deg 3' 11.10"" N","86 deg 13' 37.52"" W",LG Electronics,LGLS675,JPEG
/home/rich/Pictures/My Love Samantha R Sprague -1-001 (2)/My Love Samantha R Sprague /20191104_132856.jpg,20191104_132856.jpg,.jpg,2019:11:04 13:28:56,2019:11:04 13:28:56,"41 deg 3' 10.76"" N","86 deg 13' 37.92"" W",LG Electronics,LGLS675,JPEG
/home/rich/Pictures/My Love Samantha R Sprague -1-001 (2)/My Love Samantha R Sprague /20191205_184228.jpg,20191205_184228.jpg,.jpg,2019:12:05 18:42:28,2019:12:05 18:42:28,,,LG Electronics,LGLS675,JPEG
/home/rich/Pictures/My Love Samantha R Sprague -1-001 (2)/My Love Samantha R Sprague /20191205_200310.jpg,20191205_200310.jpg,.jpg,2019:12:05 20:03:10,2019:12:05 20:03:10,,,LG Electronics,LGLS675,JPEG
/home/rich/Pictures/My Love Samantha R Sprague -1-001 (2)/My Love Samantha R Sprague /20191205_200314.jpg,20191205_200314.jpg,.jpg,2019:12:05 20:03:13,2019:12:05 20:03:13,,,LG Electronics,LGLS675,JPEG
/home/rich/Pictures/My Love Samantha R Sprague -1-001 (2)/My Love Samantha R Sprague /20191205_200316.jpg,20191205_200316.jpg,.jpg,2019:12:05 20:03:15,2019:12:05 20:03:15,,,LG Electronics,LGLS675,JPEG
/home/rich/Pictures/My Love Samantha R Sprague -1-001 (2)/My Love Samantha R Sprague /20191205_200318.jpg,20191205_200318.jpg,.jpg,2019:12:05 20:03:18,2019:12:05 20:03:18,,,LG Electronics,LGLS675,JPEG
/home/rich/Pictures/My Love Samantha R Sprague -1-001 (2)/My Love Samantha R Sprague /20191205_200321.jpg,20191205_200321.jpg,.jpg,2019:12:05 20:03:21,2019:12:05 20:03:21,,,LG Electronics,LGLS675,JPEG
/home/rich/Pictures/My Love Samantha R Sprague -1-001 (2)/My Love Samantha R Sprague /20191205_204934.jpg,20191205_204934.jpg,.jpg,2019:12:05 20:49:33,2019:12:05 20:49:33,,,LG Electronics,LGLS675,JPEG
/home/rich/Pictures/My Love Samantha R Sprague -1-001 (2)/My Love Samantha R Sprague /20191205_204940.jpg,20191205_204940.jpg,.jpg,2019:12:05 20:49:40,2019:12:05 20:49:40,,,LG Electronics,LGLS675,JPEG
/home/rich/Pictures/My Love Samantha R Sprague -1-001 (2)/My Love Samantha R Sprague /20191205_204943.jpg,20191205_204943.jpg,.jpg,2019:12:05 20:49:43,2019:12:05 20:49:43,,,LG Electronics,LGLS675,JPEG
/home/rich/Pictures/My Love Samantha R Sprague -1-001 (2)/My Love Samantha R Sprague /20191205_205003.jpg,20191205_205003.jpg,.jpg,2019:12:05 20:50:03,2019:12:05 20:50:03,,,LG Electronics,LGLS675,JPEG
/home/rich/Pictures/My Love Samantha R Sprague -1-001 (2)/My Love Samantha R Sprague /20191205_205032.jpg,20191205_205032.jpg,.jpg,2019:12:05 20:50:32,2019:12:05 20:50:32,,,LG Electronics,LGLS675,JPEG
/home/rich/Pictures/My Love Samantha R Sprague -1-001 (2)/My Love Samantha R Sprague /20191205_205039.jpg,20191205_205039.jpg,.jpg,2019:12:05 20:50:38,2019:12:05 20:50:38,,,LG Electronics,LGLS675,JPEG
/home/rich/Pictures/My Love Samantha R Sprague -1-001 (2)/My Love Samantha R Sprague /20191208_183332.jpg,20191208_183332.jpg,.jpg,2019:12:08 18:33:32,2019:12:08 18:33:32,,,LG Electronics,LGLS675,JPEG
/home/rich/Pictures/My Love Samantha R Sprague -1-001 (2)/My Love Samantha R Sprague /20191208_183344.jpg,20191208_183344.jpg,.jpg,2019:12:08 18:33:44,2019:12:08 18:33:44,,,LG Electronics,LGLS675,JPEG
/home/rich/Pictures/My Love Samantha R Sprague -1-001 (2)/My Love Samantha R Sprague /20200703_211047.jpg,20200703_211047.jpg,.jpg,2020:07:03 21:10:47,2020:07:03 21:10:47,,,LGE,LM-Q730,JPEG
/home/rich/Pictures/My Love Samantha R Sprague -1-001 (2)/My Love Samantha R Sprague /20200703_211122.jpg,20200703_211122.jpg,.jpg,2020:07:03 21:11:22,2020:07:03 21:11:22,,,LGE,LM-Q730,JPEG
/home/rich/Pictures/My Love Samantha R Sprague -1-001 (2)/My Love Samantha R Sprague /20200704_225951.jpg,20200704_225951.jpg,.jpg,2020:07:04 22:59:51,2020:07:04 22:59:51,,,LGE,LM-Q730,JPEG
/home/rich/Pictures/My Love Samantha R Sprague -1-001 (2)/My Love Samantha R Sprague /20200704_225953_Signature.jpg,20200704_225953_Signature.jpg,.jpg,,,"0 deg 0' 0.00"" N","0 deg 0' 0.00"" E",LGE,LM-Q730,JPEG
/home/rich/Pictures/My Love Samantha R Sprague -1-001 (2)/My Love Samantha R Sprague /20200704_230011.jpg,20200704_230011.jpg,.jpg,2020:07:04 23:00:11,2020:07:04 23:00:11,,,LGE,LM-Q730,JPEG
/home/rich/Pictures/My Love Samantha R Sprague -1-001 (2)/My Love Samantha R Sprague /20200704_230011_Signature.jpg,20200704_230011_Signature.jpg,.jpg,,,"0 deg 0' 0.00"" N","0 deg 0' 0.00"" E",LGE,LM-Q730,JPEG
/home/rich/Pictures/My Love Samantha R Sprague -1-001 (2)/My Love Samantha R Sprague /20200704_230015.jpg,20200704_230015.jpg,.jpg,2020:07:04 23:00:15,2020:07:04 23:00:15,,,LGE,LM-Q730,JPEG
/home/rich/Pictures/My Love Samantha R Sprague -1-001 (2)/My Love Samantha R Sprague /20200704_230015_Signature.jpg,20200704_230015_Signature.jpg,.jpg,,,"0 deg 0' 0.00"" N","0 deg 0' 0.00"" E",LGE,LM-Q730,JPEG
/home/rich/Pictures/My Love Samantha R Sprague -1-001 (2)/My Love Samantha R Sprague /20200704_230030.jpg,20200704_230030.jpg,.jpg,2020:07:04 23:00:30,2020:07:04 23:00:30,,,LGE,LM-Q730,JPEG
/home/rich/Pictures/My Love Samantha R Sprague -1-001 (2)/My Love Samantha R Sprague /20200704_230148.jpg,20200704_230148.jpg,.jpg,2020:07:04 23:01:48,2020:07:04 23:01:48,,,LGE,LM-Q730,JPEG
/home/rich/Pictures/My Love Samantha R Sprague -1-001 (2)/My Love Samantha R Sprague /20200704_230148_Signature.jpg,20200704_230148_Signature.jpg,.jpg,,,"0 deg 0' 0.00"" N","0 deg 0' 0.00"" E",LGE,LM-Q730,JPEG
/home/rich/Pictures/My Love Samantha R Sprague -1-001 (2)/My Love Samantha R Sprague /20200704_230311-edited.jpg,20200704_230311-edited.jpg,.jpg,2020:07:04 23:03:11,2020:07:04 23:03:11,"41 deg 3' 10.86"" N","86 deg 13' 37.85"" W",LGE,LM-Q730,JPEG
/home/rich/Pictures/My Love Samantha R Sprague -1-001 (2)/My Love Samantha R Sprague /20200704_230311_Signature.jpg,20200704_230311_Signature.jpg,.jpg,,,"0 deg 0' 0.00"" N","0 deg 0' 0.00"" E",LGE,LM-Q730,JPEG
/home/rich/Pictures/My Love Samantha R Sprague -1-001 (2)/My Love Samantha R Sprague /20200704_230313.jpg,20200704_230313.jpg,.jpg,2020:07:04 23:03:13,2020:07:04 23:03:13,,,LGE,LM-Q730,JPEG
/home/rich/Pictures/My Love Samantha R Sprague -1-001 (2)/My Love Samantha R Sprague /20200903_194752.jpg,20200903_194752.jpg,.jpg,2020:09:03 19:47:51,2020:09:03 19:47:51,"41 deg 2' 54.61"" N","86 deg 13' 14.67"" W",LGE,LM-Q730,JPEG
/home/rich/Pictures/My Love Samantha R Sprague -1-001 (2)/My Love Samantha R Sprague /20200903_194754.jpg,20200903_194754.jpg,.jpg,2020:09:03 19:47:54,2020:09:03 19:47:54,"41 deg 2' 54.61"" N","86 deg 13' 14.67"" W",LGE,LM-Q730,JPEG
/home/rich/Pictures/My Love Samantha R Sprague -1-001 (2)/My Love Samantha R Sprague /20200903_194847.jpg,20200903_194847.jpg,.jpg,2020:09:03 19:48:47,2020:09:03 19:48:47,"41 deg 2' 54.61"" N","86 deg 13' 14.67"" W",LGE,LM-Q730,JPEG
/home/rich/Pictures/My Love Samantha R Sprague -1-001 (2)/My Love Samantha R Sprague /20200903_194922.jpg,20200903_194922.jpg,.jpg,2020:09:03 19:49:22,2020:09:03 19:49:22,"41 deg 2' 54.87"" N","86 deg 13' 14.37"" W",LGE,LM-Q730,JPEG
/home/rich/Pictures/My Love Samantha R Sprague -1-001 (2)/My Love Samantha R Sprague /20200903_195139.jpg,20200903_195139.jpg,.jpg,2020:09:03 19:51:39,2020:09:03 19:51:39,"41 deg 2' 54.77"" N","86 deg 13' 14.48"" W",LGE,LM-Q730,JPEG
/home/rich/Pictures/My Love Samantha R Sprague -1-001 (2)/My Love Samantha R Sprague /20200903_195519_HDR.jpg,20200903_195519_HDR.jpg,.jpg,2020:09:03 19:55:19,2020:09:03 19:55:19,"41 deg 2' 54.85"" N","86 deg 13' 14.72"" W",LGE,LM-Q730,JPEG
/home/rich/Pictures/My Love Samantha R Sprague -1-001 (2)/My Love Samantha R Sprague /20200921_121525_HDR.jpg,20200921_121525_HDR.jpg,.jpg,2020:09:21 12:15:25,2020:09:21 12:15:25,"40 deg 47' 39.56"" N","85 deg 49' 32.93"" W",LGE,LM-Q730,JPEG
/home/rich/Pictures/My Love Samantha R Sprague -1-001 (2)/My Love Samantha R Sprague /20200924_145257_HDR.jpg,20200924_145257_HDR.jpg,.jpg,2020:09:24 14:52:57,2020:09:24 14:52:57,"41 deg 3' 40.84"" N","86 deg 13' 30.52"" W",LGE,LM-Q730,JPEG
/home/rich/Pictures/My Love Samantha R Sprague -1-001 (2)/My Love Samantha R Sprague /20200924_145300_HDR.jpg,20200924_145300_HDR.jpg,.jpg,2020:09:24 14:53:00,2020:09:24 14:53:00,"41 deg 3' 40.80"" N","86 deg 13' 30.60"" W",LGE,LM-Q730,JPEG
/home/rich/Pictures/My Love Samantha R Sprague -1-001 (2)/My Love Samantha R Sprague /20200924_145315_HDR.jpg,20200924_145315_HDR.jpg,.jpg,2020:09:24 14:53:15,2020:09:24 14:53:15,"41 deg 3' 40.73"" N","86 deg 13' 30.32"" W",LGE,LM-Q730,JPEG
/home/rich/Pictures/My Love Samantha R Sprague -1-001 (2)/My Love Samantha R Sprague /20200924_145346_HDR.jpg,20200924_145346_HDR.jpg,.jpg,2020:09:24 14:53:46,2020:09:24 14:53:46,"41 deg 3' 40.62"" N","86 deg 13' 29.55"" W",LGE,LM-Q730,JPEG
/home/rich/Pictures/My Love Samantha R Sprague -1-001 (2)/My Love Samantha R Sprague /20200924_145350_HDR.jpg,20200924_145350_HDR.jpg,.jpg,2020:09:24 14:53:50,2020:09:24 14:53:50,"41 deg 3' 40.62"" N","86 deg 13' 29.55"" W",LGE,LM-Q730,JPEG
/home/rich/Pictures/My Love Samantha R Sprague -1-001 (2)/My Love Samantha R Sprague /20200924_145623_HDR.jpg,20200924_145623_HDR.jpg,.jpg,2020:09:24 14:56:22,2020:09:24 14:56:22,"41 deg 3' 40.85"" N","86 deg 13' 28.65"" W",LGE,LM-Q730,JPEG
/home/rich/Pictures/My Love Samantha R Sprague -1-001 (2)/My Love Samantha R Sprague /20200924_145928_HDR.jpg,20200924_145928_HDR.jpg,.jpg,2020:09:24 14:59:28,2020:09:24 14:59:28,"41 deg 3' 40.96"" N","86 deg 13' 29.61"" W",LGE,LM-Q730,JPEG
/home/rich/Pictures/My Love Samantha R Sprague -1-001 (2)/My Love Samantha R Sprague /20200924_145933_HDR.jpg,20200924_145933_HDR.jpg,.jpg,2020:09:24 14:59:33,2020:09:24 14:59:33,"41 deg 3' 40.96"" N","86 deg 13' 29.50"" W",LGE,LM-Q730,JPEG
/home/rich/Pictures/My Love Samantha R Sprague -1-001 (2)/My Love Samantha R Sprague /20200924_145935_HDR.jpg,20200924_145935_HDR.jpg,.jpg,2020:09:24 14:59:35,2020:09:24 14:59:35,"41 deg 3' 40.96"" N","86 deg 13' 29.47"" W",LGE,LM-Q730,JPEG
/home/rich/Pictures/My Love Samantha R Sprague -1-001 (2)/My Love Samantha R Sprague /20210116_141643.jpg,20210116_141643.jpg,.jpg,2021:01:16 14:16:43,2021:01:16 14:16:43,,,LGE,LM-K300,JPEG
/home/rich/Pictures/My Love Samantha R Sprague -1-001 (2)/My Love Samantha R Sprague /20210116_141648.jpg,20210116_141648.jpg,.jpg,2021:01:16 14:16:48,2021:01:16 14:16:48,,,LGE,LM-K300,JPEG
/home/rich/Pictures/My Love Samantha R Sprague -1-001 (2)/My Love Samantha R Sprague /20210116_141652.jpg,20210116_141652.jpg,.jpg,2021:01:16 14:16:52,2021:01:16 14:16:52,,,LGE,LM-K300,JPEG
/home/rich/Pictures/My Love Samantha R Sprague -1-001 (2)/My Love Samantha R Sprague /20210116_141659.jpg,20210116_141659.jpg,.jpg,2021:01:16 14:16:59,2021:01:16 14:16:59,,,LGE,LM-K300,JPEG
/home/rich/Pictures/My Love Samantha R Sprague -1-001 (2)/My Love Samantha R Sprague /20210116_141703.jpg,20210116_141703.jpg,.jpg,2021:01:16 14:17:03,2021:01:16 14:17:03,,,LGE,LM-K300,JPEG
/home/rich/Pictures/My Love Samantha R Sprague -1-001 (2)/My Love Samantha R Sprague /20210116_141723.jpg,20210116_141723.jpg,.jpg,2021:01:16 14:17:23,2021:01:16 14:17:23,,,LGE,LM-K300,JPEG
/home/rich/Pictures/My Love Samantha R Sprague -1-001 (2)/My Love Samantha R Sprague /20210116_141735.jpg,20210116_141735.jpg,.jpg,2021:01:16 14:17:35,2021:01:16 14:17:35,,,LGE,LM-K300,JPEG
/home/rich/Pictures/My Love Samantha R Sprague -1-001 (2)/My Love Samantha R Sprague /20210118_144052.jpg,20210118_144052.jpg,.jpg,2021:01:18 14:40:51,2021:01:18 14:40:51,,,LGE,LM-K300,JPEG
/home/rich/Pictures/My Love Samantha R Sprague -1-001 (2)/My Love Samantha R Sprague /20210118_144102.jpg,20210118_144102.jpg,.jpg,2021:01:18 14:41:01,2021:01:18 14:41:01,,,LGE,LM-K300,JPEG
/home/rich/Pictures/My Love Samantha R Sprague -1-001 (2)/My Love Samantha R Sprague /20210118_144335.jpg,20210118_144335.jpg,.jpg,2021:01:18 14:43:35,2021:01:18 14:43:35,,,LGE,LM-K300,JPEG
/home/rich/Pictures/My Love Samantha R Sprague -1-001 (2)/My Love Samantha R Sprague /20210119_143652.jpg,20210119_143652.jpg,.jpg,2021:01:19 14:36:52,2021:01:19 14:36:52,,,LGE,LM-K300,JPEG
/home/rich/Pictures/My Love Samantha R Sprague -1-001 (2)/My Love Samantha R Sprague /20210119_143705.jpg,20210119_143705.jpg,.jpg,2021:01:19 14:37:05,2021:01:19 14:37:05,,,LGE,LM-K300,JPEG
/home/rich/Pictures/My Love Samantha R Sprague -1-001 (2)/My Love Samantha R Sprague /20210119_143709.jpg,20210119_143709.jpg,.jpg,2021:01:19 14:37:09,2021:01:19 14:37:09,,,LGE,LM-K300,JPEG
/home/rich/Pictures/My Love Samantha R Sprague -1-001 (2)/My Love Samantha R Sprague /20210119_210221.jpg,20210119_210221.jpg,.jpg,2021:01:19 21:02:21,2021:01:19 21:02:21,,,LGE,LM-K300,JPEG
/home/rich/Pictures/My Love Samantha R Sprague -1-001 (2)/My Love Samantha R Sprague /20210121_000329.jpg,20210121_000329.jpg,.jpg,2021:01:21 00:03:28,2021:01:21 00:03:28,,,LGE,LM-K300,JPEG
/home/rich/Pictures/My Love Samantha R Sprague -1-001 (2)/My Love Samantha R Sprague /20210122_142316.jpg,20210122_142316.jpg,.jpg,2021:01:22 14:23:16,2021:01:22 14:23:16,,,LGE,LM-K300,JPEG
/home/rich/Pictures/My Love Samantha R Sprague -1-001 (2)/My Love Samantha R Sprague /20210201_140437.jpg,20210201_140437.jpg,.jpg,2021:02:01 14:04:36,2021:02:01 14:04:36,,,LGE,LM-K300,JPEG
/home/rich/Pictures/My Love Samantha R Sprague -1-001 (2)/My Love Samantha R Sprague /20210201_140451.jpg,20210201_140451.jpg,.jpg,2021:02:01 14:04:51,2021:02:01 14:04:51,,,LGE,LM-K300,JPEG
/home/rich/Pictures/My Love Samantha R Sprague -1-001 (2)/My Love Samantha R Sprague /20210221_012315.jpg,20210221_012315.jpg,.jpg,2021:02:21 01:23:15,2021:02:21 01:23:15,,,LGE,LM-K300,JPEG
/home/rich/Pictures/My Love Samantha R Sprague -1-001 (2)/My Love Samantha R Sprague /20210221_012323.jpg,20210221_012323.jpg,.jpg,2021:02:21 01:23:22,2021:02:21 01:23:22,,,LGE,LM-K300,JPEG
/home/rich/Pictures/My Love Samantha R Sprague -1-001 (2)/My Love Samantha R Sprague /20210221_012416.jpg,20210221_012416.jpg,.jpg,2021:02:21 01:24:16,2021:02:21 01:24:16,,,LGE,LM-K300,JPEG
/home/rich/Pictures/My Love Samantha R Sprague -1-001 (2)/My Love Samantha R Sprague /20210227_142158-COLLAGE.jpg,20210227_142158-COLLAGE.jpg,.jpg,2021:02:27 14:21:58,,,,LGE,LM-K300,JPEG
/home/rich/Pictures/My Love Samantha R Sprague -1-001 (2)/My Love Samantha R Sprague /20210227_142213.jpg,20210227_142213.jpg,.jpg,2021:02:27 14:22:13,2021:02:27 14:22:13,,,LGE,LM-K300,JPEG
/home/rich/Pictures/My Love Samantha R Sprague -1-001 (2)/My Love Samantha R Sprague /20210227_154626.jpg,20210227_154626.jpg,.jpg,2021:02:27 15:46:25,2021:02:27 15:46:25,,,LGE,LM-K300,JPEG
/home/rich/Pictures/My Love Samantha R Sprague -1-001 (2)/My Love Samantha R Sprague /20210302_154150.jpg,20210302_154150.jpg,.jpg,2021:03:02 15:41:50,2021:03:02 15:41:50,,,LGE,LM-K300,JPEG
/home/rich/Pictures/My Love Samantha R Sprague -1-001 (2)/My Love Samantha R Sprague /20210312_140745.jpg,20210312_140745.jpg,.jpg,2021:03:12 14:07:45,2021:03:12 14:07:45,,,LGE,LM-K300,JPEG
/home/rich/Pictures/My Love Samantha R Sprague -1-001 (2)/My Love Samantha R Sprague /20210610_000848.jpg,20210610_000848.jpg,.jpg,2021:06:10 00:08:48,2021:06:10 00:08:48,,,LGE,LM-K300,JPEG
/home/rich/Pictures/My Love Samantha R Sprague -1-001 (2)/My Love Samantha R Sprague /20210610_000851.jpg,20210610_000851.jpg,.jpg,2021:06:10 00:08:51,2021:06:10 00:08:51,,,LGE,LM-K300,JPEG
/home/rich/Pictures/My Love Samantha R Sprague -1-001 (2)/My Love Samantha R Sprague /20210610_000906.jpg,20210610_000906.jpg,.jpg,2021:06:10 00:09:06,2021:06:10 00:09:06,,,LGE,LM-K300,JPEG
/home/rich/Pictures/My Love Samantha R Sprague -1-001 (2)/My Love Samantha R Sprague /20210610_000913.jpg,20210610_000913.jpg,.jpg,2021:06:10 00:09:13,2021:06:10 00:09:13,,,LGE,LM-K300,JPEG
/home/rich/Pictures/My Love Samantha R Sprague -1-001 (2)/My Love Samantha R Sprague /20210610_000914.jpg,20210610_000914.jpg,.jpg,2021:06:10 00:09:14,2021:06:10 00:09:14,,,LGE,LM-K300,JPEG
/home/rich/Pictures/My Love Samantha R Sprague -1-001 (2)/My Love Samantha R Sprague /20210610_000922.jpg,20210610_000922.jpg,.jpg,2021:06:10 00:09:22,2021:06:10 00:09:22,,,LGE,LM-K300,JPEG
/home/rich/Pictures/My Love Samantha R Sprague -1-001 (2)/My Love Samantha R Sprague /20210704_183737.jpg,20210704_183737.jpg,.jpg,2021:07:04 18:37:37,2021:07:04 18:37:37,"40 deg 48' 44.27"" N","85 deg 49' 22.24"" W",LGE,LM-Q730,JPEG
/home/rich/Pictures/My Love Samantha R Sprague -1-001 (2)/My Love Samantha R Sprague /20210704_183744.jpg,20210704_183744.jpg,.jpg,2021:07:04 18:37:43,2021:07:04 18:37:43,"40 deg 48' 44.22"" N","85 deg 49' 22.02"" W",LGE,LM-Q730,JPEG
/home/rich/Pictures/My Love Samantha R Sprague -1-001 (2)/My Love Samantha R Sprague /20210704_185251_HDR.jpg,20210704_185251_HDR.jpg,.jpg,2021:07:04 18:52:51,2021:07:04 18:52:51,"40 deg 48' 46.28"" N","85 deg 49' 22.19"" W",LGE,LM-Q730,JPEG
/home/rich/Pictures/My Love Samantha R Sprague -1-001 (2)/My Love Samantha R Sprague /20210704_213031.jpg,20210704_213031.jpg,.jpg,2021:07:04 21:30:31,2021:07:04 21:30:31,"40 deg 48' 44.93"" N","85 deg 49' 22.22"" W",LGE,LM-Q730,JPEG
/home/rich/Pictures/My Love Samantha R Sprague -1-001 (2)/My Love Samantha R Sprague /20210704_213034.jpg,20210704_213034.jpg,.jpg,2021:07:04 21:30:34,2021:07:04 21:30:34,"40 deg 48' 44.60"" N","85 deg 49' 22.38"" W",LGE,LM-Q730,JPEG
/home/rich/Pictures/My Love Samantha R Sprague -1-001 (2)/My Love Samantha R Sprague /20210704_213035.jpg,20210704_213035.jpg,.jpg,2021:07:04 21:30:35,2021:07:04 21:30:35,"40 deg 48' 44.59"" N","85 deg 49' 22.33"" W",LGE,LM-Q730,JPEG
/home/rich/Pictures/My Love Samantha R Sprague -1-001 (2)/My Love Samantha R Sprague /20210704_213037.jpg,20210704_213037.jpg,.jpg,2021:07:04 21:30:37,2021:07:04 21:30:37,"40 deg 48' 44.60"" N","85 deg 49' 22.24"" W",LGE,LM-Q730,JPEG
/home/rich/Pictures/My Love Samantha R Sprague -1-001 (2)/My Love Samantha R Sprague /20210704_213039.jpg,20210704_213039.jpg,.jpg,2021:07:04 21:30:39,2021:07:04 21:30:39,"40 deg 48' 44.57"" N","85 deg 49' 22.22"" W",LGE,LM-Q730,JPEG
/home/rich/Pictures/My Love Samantha R Sprague -1-001 (2)/My Love Samantha R Sprague /20210704_213046.jpg,20210704_213046.jpg,.jpg,2021:07:04 21:30:46,2021:07:04 21:30:46,"40 deg 48' 44.55"" N","85 deg 49' 22.24"" W",LGE,LM-Q730,JPEG
/home/rich/Pictures/My Love Samantha R Sprague -1-001 (2)/My Love Samantha R Sprague /20210704_213047.jpg,20210704_213047.jpg,.jpg,2021:07:04 21:30:47,2021:07:04 21:30:47,"40 deg 48' 44.57"" N","85 deg 49' 22.27"" W",LGE,LM-Q730,JPEG
/home/rich/Pictures/My Love Samantha R Sprague -1-001 (2)/My Love Samantha R Sprague /20210704_213049.jpg,20210704_213049.jpg,.jpg,2021:07:04 21:30:49,2021:07:04 21:30:49,"40 deg 48' 44.57"" N","85 deg 49' 22.35"" W",LGE,LM-Q730,JPEG
/home/rich/Pictures/My Love Samantha R Sprague -1-001 (2)/My Love Samantha R Sprague /20210704_213057.jpg,20210704_213057.jpg,.jpg,2021:07:04 21:30:57,2021:07:04 21:30:57,"40 deg 48' 44.42"" N","85 deg 49' 22.24"" W",LGE,LM-Q730,JPEG
/home/rich/Pictures/My Love Samantha R Sprague -1-001 (2)/My Love Samantha R Sprague /20210704_213108.jpg,20210704_213108.jpg,.jpg,2021:07:04 21:31:08,2021:07:04 21:31:08,"40 deg 48' 44.51"" N","85 deg 49' 22.19"" W",LGE,LM-Q730,JPEG
/home/rich/Pictures/My Love Samantha R Sprague -1-001 (2)/My Love Samantha R Sprague /20210704_213110.jpg,20210704_213110.jpg,.jpg,2021:07:04 21:31:10,2021:07:04 21:31:10,"40 deg 48' 44.51"" N","85 deg 49' 22.19"" W",LGE,LM-Q730,JPEG
/home/rich/Pictures/My Love Samantha R Sprague -1-001 (2)/My Love Samantha R Sprague /20211219_130847_HDR.jpg,20211219_130847_HDR.jpg,.jpg,2021:12:19 13:08:47,2021:12:19 13:08:47,"41 deg 3' 10.80"" N","86 deg 13' 38.18"" W",LGE,LM-Q730,JPEG
/home/rich/Pictures/My Love Samantha R Sprague -1-001 (2)/My Love Samantha R Sprague /20211219_130849_HDR_Signature_Signature.jpg,20211219_130849_HDR_Signature_Signature.jpg,.jpg,,,"41 deg 3' 10.86"" N","86 deg 13' 37.79"" W",LGE,LM-Q730,JPEG
/home/rich/Pictures/My Love Samantha R Sprague -1-001 (2)/My Love Samantha R Sprague /20211221_152224_HDR.jpg,20211221_152224_HDR.jpg,.jpg,2021:12:21 15:22:24,2021:12:21 15:22:24,,,LGE,LM-Q730,JPEG
/home/rich/Pictures/My Love Samantha R Sprague -1-001 (2)/My Love Samantha R Sprague /2022-04-19_19-22-58.jpg,2022-04-19_19-22-58.jpg,.jpg,2022:04:19 19:22:58,2022:04:19 19:22:58,"41 deg 3' 10.44"" N","86 deg 13' 37.82"" W",samsung,SM-G955U,JPEG
/home/rich/Pictures/My Love Samantha R Sprague -1-001 (2)/My Love Samantha R Sprague /2022-04-19_19-22-59.jpg,2022-04-19_19-22-59.jpg,.jpg,2022:04:19 19:22:59,2022:04:19 19:22:59,"41 deg 3' 10.44"" N","86 deg 13' 37.82"" W",samsung,SM-G955U,JPEG
/home/rich/Pictures/My Love Samantha R Sprague -1-001 (2)/My Love Samantha R Sprague /20220213_003835_Burst01_Signature_Signature.jpg,20220213_003835_Burst01_Signature_Signature.jpg,.jpg,,,"41 deg 3' 10.38"" N","86 deg 13' 38.65"" W",LGE,LM-Q730,JPEG
/home/rich/Pictures/My Love Samantha R Sprague -1-001 (2)/My Love Samantha R Sprague /20220213_003847_Burst01_Signature.jpg,20220213_003847_Burst01_Signature.jpg,.jpg,,,"41 deg 3' 10.41"" N","86 deg 13' 38.76"" W",LGE,LM-Q730,JPEG
/home/rich/Pictures/My Love Samantha R Sprague -1-001 (2)/My Love Samantha R Sprague /20220213_004209_Signature.jpg,20220213_004209_Signature.jpg,.jpg,,,"41 deg 3' 10.43"" N","86 deg 13' 38.45"" W",LGE,LM-Q730,JPEG
/home/rich/Pictures/My Love Samantha R Sprague -1-001 (2)/My Love Samantha R Sprague /20220213_004209_Signature_Signature.jpg,20220213_004209_Signature_Signature.jpg,.jpg,,,"41 deg 3' 10.43"" N","86 deg 13' 38.45"" W",LGE,LM-Q730,JPEG
/home/rich/Pictures/My Love Samantha R Sprague -1-001 (2)/My Love Samantha R Sprague /20220718_172457.jpg,20220718_172457.jpg,.jpg,2022:07:18 17:24:57,2022:07:18 17:24:57,"0 deg 0' 0.00"" N","0 deg 0' 0.00"" E",samsung,SM-G955U,JPEG
/home/rich/Pictures/My Love Samantha R Sprague -1-001 (2)/My Love Samantha R Sprague /20220718_172458.jpg,20220718_172458.jpg,.jpg,2022:07:18 17:24:58,2022:07:18 17:24:58,"0 deg 0' 0.00"" N","0 deg 0' 0.00"" E",samsung,SM-G955U,JPEG
/home/rich/Pictures/My Love Samantha R Sprague -1-001 (2)/My Love Samantha R Sprague /20220725_212242.jpg,20220725_212242.jpg,.jpg,2022:07:25 21:22:41,2022:07:25 21:22:41,"0 deg 0' 0.00"" N","0 deg 0' 0.00"" E",samsung,SM-G955U,JPEG
/home/rich/Pictures/My Love Samantha R Sprague -1-001 (2)/My Love Samantha R Sprague /20220725_212252.jpg,20220725_212252.jpg,.jpg,2022:07:25 21:22:52,2022:07:25 21:22:52,"0 deg 0' 0.00"" N","0 deg 0' 0.00"" E",samsung,SM-G955U,JPEG
/home/rich/Pictures/My Love Samantha R Sprague -1-001 (2)/My Love Samantha R Sprague /20220725_212305.jpg,20220725_212305.jpg,.jpg,2022:07:25 21:23:05,2022:07:25 21:23:05,"0 deg 0' 0.00"" N","0 deg 0' 0.00"" E",samsung,SM-G955U,JPEG
/home/rich/Pictures/My Love Samantha R Sprague -1-001 (2)/My Love Samantha R Sprague /20220725_212310.jpg,20220725_212310.jpg,.jpg,2022:07:25 21:23:10,2022:07:25 21:23:10,"0 deg 0' 0.00"" N","0 deg 0' 0.00"" E",samsung,SM-G955U,JPEG
/home/rich/Pictures/My Love Samantha R Sprague -1-001 (2)/My Love Samantha R Sprague /20220902_215332.jpg,20220902_215332.jpg,.jpg,2022:09:02 21:53:31,2022:09:02 21:53:31,"0 deg 0' 0.00"" N","0 deg 0' 0.00"" E",samsung,SM-G955U,JPEG
/home/rich/Pictures/My Love Samantha R Sprague -1-001 (2)/My Love Samantha R Sprague /20220902_215333.jpg,20220902_215333.jpg,.jpg,2022:09:02 21:53:33,2022:09:02 21:53:33,"0 deg 0' 0.00"" N","0 deg 0' 0.00"" E",samsung,SM-G955U,JPEG
/home/rich/Pictures/My Love Samantha R Sprague -1-001 (2)/My Love Samantha R Sprague /20220902_215337.jpg,20220902_215337.jpg,.jpg,2022:09:02 21:53:36,2022:09:02 21:53:36,"0 deg 0' 0.00"" N","0 deg 0' 0.00"" E",samsung,SM-G955U,JPEG
/home/rich/Pictures/My Love Samantha R Sprague -1-001 (2)/My Love Samantha R Sprague /20220902_215341.jpg,20220902_215341.jpg,.jpg,2022:09:02 21:53:41,2022:09:02 21:53:41,"0 deg 0' 0.00"" N","0 deg 0' 0.00"" E",samsung,SM-G955U,JPEG
/home/rich/Pictures/My Love Samantha R Sprague -1-001 (2)/My Love Samantha R Sprague /20220902_215423.jpg,20220902_215423.jpg,.jpg,2022:09:02 21:54:23,2022:09:02 21:54:23,"0 deg 0' 0.00"" N","0 deg 0' 0.00"" E",samsung,SM-G955U,JPEG
/home/rich/Pictures/My Love Samantha R Sprague -1-001 (2)/My Love Samantha R Sprague /20220902_215426.jpg,20220902_215426.jpg,.jpg,2022:09:02 21:54:26,2022:09:02 21:54:26,"0 deg 0' 0.00"" N","0 deg 0' 0.00"" E",samsung,SM-G955U,JPEG
/home/rich/Pictures/My Love Samantha R Sprague -1-001 (2)/My Love Samantha R Sprague /20220902_215428.jpg,20220902_215428.jpg,.jpg,2022:09:02 21:54:27,2022:09:02 21:54:27,"0 deg 0' 0.00"" N","0 deg 0' 0.00"" E",samsung,SM-G955U,JPEG
/home/rich/Pictures/My Love Samantha R Sprague -1-001 (2)/My Love Samantha R Sprague /20220902_215432.jpg,20220902_215432.jpg,.jpg,2022:09:02 21:54:32,2022:09:02 21:54:32,"0 deg 0' 0.00"" N","0 deg 0' 0.00"" E",samsung,SM-G955U,JPEG
/home/rich/Pictures/My Love Samantha R Sprague -1-001 (2)/My Love Samantha R Sprague /20250610_192934.heic,20250610_192934.heic,.heic,2025:06:10 19:29:34,2025:06:10 19:29:34,"41 deg 3' 10.80"" N","86 deg 13' 37.43"" W",samsung,SM-G715U1,HEIC
/home/rich/Pictures/My Love Samantha R Sprague -1-001 (2)/My Love Samantha R Sprague /20250610_192936.heic,20250610_192936.heic,.heic,2025:06:10 19:29:37,2025:06:10 19:29:37,"41 deg 3' 10.80"" N","86 deg 13' 37.43"" W",samsung,SM-G715U1,HEIC
/home/rich/Pictures/My Love Samantha R Sprague -1-001 (2)/My Love Samantha R Sprague /20250610_192938.heic,20250610_192938.heic,.heic,2025:06:10 19:29:38,2025:06:10 19:29:38,"41 deg 3' 10.80"" N","86 deg 13' 37.43"" W",samsung,SM-G715U1,HEIC
/home/rich/Pictures/My Love Samantha R Sprague -1-001 (2)/My Love Samantha R Sprague /FB_IMG_1566709800207.jpg,FB_IMG_1566709800207.jpg,.jpg,,,,,,,JPEG
/home/rich/Pictures/My Love Samantha R Sprague -1-001 (2)/My Love Samantha R Sprague /FB_IMG_1567974335801.jpg,FB_IMG_1567974335801.jpg,.jpg,,,,,,,JPEG
/home/rich/Pictures/My Love Samantha R Sprague -1-001 (2)/My Love Samantha R Sprague /FB_IMG_1572890028597.jpg,FB_IMG_1572890028597.jpg,.jpg,,,,,,,JPEG
/home/rich/Pictures/My Love Samantha R Sprague -1-001 (2)/My Love Samantha R Sprague /FB_IMG_1573882511646.jpg,FB_IMG_1573882511646.jpg,.jpg,,,,,,,JPEG
/home/rich/Pictures/My Love Samantha R Sprague -1-001 (2)/My Love Samantha R Sprague /FB_IMG_1574473853850.jpg,FB_IMG_1574473853850.jpg,.jpg,,,,,,,JPEG
/home/rich/Pictures/My Love Samantha R Sprague -1-001 (2)/My Love Samantha R Sprague /FB_IMG_1590000268597.jpg,FB_IMG_1590000268597.jpg,.jpg,,,,,,,JPEG
/home/rich/Pictures/My Love Samantha R Sprague -1-001 (2)/My Love Samantha R Sprague /FB_IMG_1591051528286.jpg,FB_IMG_1591051528286.jpg,.jpg,,,,,,,JPEG
/home/rich/Pictures/My Love Samantha R Sprague -1-001 (2)/My Love Samantha R Sprague /FB_IMG_1602743499066.jpg,FB_IMG_1602743499066.jpg,.jpg,,,,,,,JPEG
/home/rich/Pictures/My Love Samantha R Sprague -1-001 (2)/My Love Samantha R Sprague /FB_IMG_1602743537780.jpg,FB_IMG_1602743537780.jpg,.jpg,,,,,,,JPEG
/home/rich/Pictures/My Love Samantha R Sprague -1-001 (2)/My Love Samantha R Sprague /FB_IMG_1602743608061.jpg,FB_IMG_1602743608061.jpg,.jpg,,,,,,,JPEG
/home/rich/Pictures/My Love Samantha R Sprague -1-001 (2)/My Love Samantha R Sprague /FB_IMG_1602743719469.jpg,FB_IMG_1602743719469.jpg,.jpg,,,,,,,JPEG
/home/rich/Pictures/My Love Samantha R Sprague -1-001 (2)/My Love Samantha R Sprague /FB_IMG_1602743731538.jpg,FB_IMG_1602743731538.jpg,.jpg,,,,,,,JPEG
/home/rich/Pictures/My Love Samantha R Sprague -1-001 (2)/My Love Samantha R Sprague /FB_IMG_1602743796450.jpg,FB_IMG_1602743796450.jpg,.jpg,,,,,,,JPEG
/home/rich/Pictures/My Love Samantha R Sprague -1-001 (2)/My Love Samantha R Sprague /FB_IMG_1602743864670.jpg,FB_IMG_1602743864670.jpg,.jpg,,,,,,,JPEG
/home/rich/Pictures/My Love Samantha R Sprague -1-001 (2)/My Love Samantha R Sprague /FB_IMG_1602743982923.jpg,FB_IMG_1602743982923.jpg,.jpg,,,,,,,JPEG
/home/rich/Pictures/My Love Samantha R Sprague -1-001 (2)/My Love Samantha R Sprague /FB_IMG_1602744071802.jpg,FB_IMG_1602744071802.jpg,.jpg,,,,,,,JPEG
/home/rich/Pictures/My Love Samantha R Sprague -1-001 (2)/My Love Samantha R Sprague /FB_IMG_1602744079865.jpg,FB_IMG_1602744079865.jpg,.jpg,,,,,,,JPEG
/home/rich/Pictures/My Love Samantha R Sprague -1-001 (2)/My Love Samantha R Sprague /FB_IMG_1602744182279.jpg,FB_IMG_1602744182279.jpg,.jpg,,,,,,,JPEG
/home/rich/Pictures/My Love Samantha R Sprague -1-001 (2)/My Love Samantha R Sprague /FB_IMG_1613522806406.jpg,FB_IMG_1613522806406.jpg,.jpg,,,,,,,JPEG
/home/rich/Pictures/My Love Samantha R Sprague -1-001 (2)/My Love Samantha R Sprague /FB_IMG_1613524487299.jpg,FB_IMG_1613524487299.jpg,.jpg,,,,,,,JPEG
/home/rich/Pictures/My Love Samantha R Sprague -1-001 (2)/My Love Samantha R Sprague /FB_IMG_1635727661300.jpg,FB_IMG_1635727661300.jpg,.jpg,,,,,,,JPEG
/home/rich/Pictures/My Love Samantha R Sprague -1-001 (2)/My Love Samantha R Sprague /FB_IMG_1637896125861.jpg,FB_IMG_1637896125861.jpg,.jpg,,,,,,,JPEG
/home/rich/Pictures/My Love Samantha R Sprague -1-001 (2)/My Love Samantha R Sprague /FB_IMG_1637896148798.jpg,FB_IMG_1637896148798.jpg,.jpg,,,,,,,JPEG
/home/rich/Pictures/My Love Samantha R Sprague -1-001 (2)/My Love Samantha R Sprague /FB_IMG_1637896155003.jpg,FB_IMG_1637896155003.jpg,.jpg,,,,,,,JPEG
/home/rich/Pictures/My Love Samantha R Sprague -1-001 (2)/My Love Samantha R Sprague /FB_IMG_1637896165446.jpg,FB_IMG_1637896165446.jpg,.jpg,,,,,,,JPEG
/home/rich/Pictures/My Love Samantha R Sprague -1-001 (2)/My Love Samantha R Sprague /FB_IMG_1637896170235.jpg,FB_IMG_1637896170235.jpg,.jpg,,,,,,,JPEG
/home/rich/Pictures/My Love Samantha R Sprague -1-001 (2)/My Love Samantha R Sprague /FB_IMG_1662581975184.jpg,FB_IMG_1662581975184.jpg,.jpg,,,,,,,JPEG
/home/rich/Pictures/My Love Samantha R Sprague -1-001 (2)/My Love Samantha R Sprague /IMG_20180227_200337.jpg,IMG_20180227_200337.jpg,.jpg,2018:02:27 17:27:49,2018:02:27 17:27:49,"41 deg 3' 44.12"" N","86 deg 12' 37.96"" W",TCL,Alcatel_5044R,JPEG
/home/rich/Pictures/My Love Samantha R Sprague -1-001 (2)/My Love Samantha R Sprague /IMG_20180227_222717.jpg,IMG_20180227_222717.jpg,.jpg,2018:02:27 17:27:17,2018:02:27 17:27:17,"41 deg 3' 44.13"" N","86 deg 12' 38.53"" W",TCL,Alcatel_5044R,JPEG
/home/rich/Pictures/My Love Samantha R Sprague -1-001 (2)/My Love Samantha R Sprague /IMG_20180303_150933.jpg,IMG_20180303_150933.jpg,.jpg,2018:03:03 15:09:33,2018:03:03 15:09:33,"41 deg 3' 15.22"" N","86 deg 9' 37.28"" W",TCL,Alcatel_5044R,JPEG
/home/rich/Pictures/My Love Samantha R Sprague -1-001 (2)/My Love Samantha R Sprague /IMG_20180307_002146.jpg,IMG_20180307_002146.jpg,.jpg,2018:03:07 00:21:47,2018:03:07 00:21:47,"41 deg 3' 15.22"" N","86 deg 9' 37.28"" W",TCL,Alcatel_5044R,JPEG
/home/rich/Pictures/My Love Samantha R Sprague -1-001 (2)/My Love Samantha R Sprague /IMG_20180310_015419.jpg,IMG_20180310_015419.jpg,.jpg,2018:03:09 16:38:13,2018:03:09 16:38:13,"41 deg 3' 48.69"" N","86 deg 11' 42.73"" W",TCL,Alcatel_5044R,JPEG
/home/rich/Pictures/My Love Samantha R Sprague -1-001 (2)/My Love Samantha R Sprague /IMG_20180310_171309.jpg,IMG_20180310_171309.jpg,.jpg,2018:03:10 17:13:09,2018:03:10 17:13:09,"41 deg 3' 22.20"" N","86 deg 9' 32.38"" W",TCL,Alcatel_5044R,JPEG
/home/rich/Pictures/My Love Samantha R Sprague -1-001 (2)/My Love Samantha R Sprague /IMG_20180310_171318.jpg,IMG_20180310_171318.jpg,.jpg,2018:03:10 17:13:18,2018:03:10 17:13:18,"41 deg 3' 22.20"" N","86 deg 9' 32.38"" W",TCL,Alcatel_5044R,JPEG
/home/rich/Pictures/My Love Samantha R Sprague -1-001 (2)/My Love Samantha R Sprague /IMG_20180323_214402.jpg,IMG_20180323_214402.jpg,.jpg,2018:03:23 21:40:19,2018:03:23 21:40:19,"41 deg 3' 15.11"" N","86 deg 9' 36.77"" W",TCL,Alcatel_5044R,JPEG
/home/rich/Pictures/My Love Samantha R Sprague -1-001 (2)/My Love Samantha R Sprague /IMG_20180324_105022.jpg,IMG_20180324_105022.jpg,.jpg,2018:03:24 10:50:23,2018:03:24 10:50:23,"41 deg 3' 15.11"" N","86 deg 9' 36.77"" W",TCL,Alcatel_5044R,JPEG
/home/rich/Pictures/My Love Samantha R Sprague -1-001 (2)/My Love Samantha R Sprague /IMG_20180324_105028.jpg,IMG_20180324_105028.jpg,.jpg,2018:03:24 10:50:29,2018:03:24 10:50:29,"41 deg 3' 15.11"" N","86 deg 9' 36.77"" W",TCL,Alcatel_5044R,JPEG
/home/rich/Pictures/My Love Samantha R Sprague -1-001 (2)/My Love Samantha R Sprague /IMG_20180324_105033.jpg,IMG_20180324_105033.jpg,.jpg,2018:03:24 10:50:33,2018:03:24 10:50:33,"41 deg 3' 15.11"" N","86 deg 9' 36.77"" W",TCL,Alcatel_5044R,JPEG
/home/rich/Pictures/My Love Samantha R Sprague -1-001 (2)/My Love Samantha R Sprague /IMG_20180324_105036.jpg,IMG_20180324_105036.jpg,.jpg,2018:03:24 10:50:36,2018:03:24 10:50:36,"41 deg 3' 15.11"" N","86 deg 9' 36.77"" W",TCL,Alcatel_5044R,JPEG
/home/rich/Pictures/My Love Samantha R Sprague -1-001 (2)/My Love Samantha R Sprague /IMG_20180327_213927.jpg,IMG_20180327_213927.jpg,.jpg,2018:03:27 21:39:27,2018:03:27 21:39:27,"41 deg 3' 22.09"" N","86 deg 9' 32.46"" W",TCL,Alcatel_5044R,JPEG
/home/rich/Pictures/My Love Samantha R Sprague -1-001 (2)/My Love Samantha R Sprague /IMG_20180401_120947.jpg,IMG_20180401_120947.jpg,.jpg,2018:04:01 12:09:47,2018:04:01 12:09:47,"41 deg 3' 15.62"" N","86 deg 9' 37.40"" W",TCL,Alcatel_5044R,JPEG
/home/rich/Pictures/My Love Samantha R Sprague -1-001 (2)/My Love Samantha R Sprague /IMG_20180402_144739.jpg,IMG_20180402_144739.jpg,.jpg,2018:04:02 14:47:40,2018:04:02 14:47:40,"41 deg 4' 9.30"" N","86 deg 18' 11.82"" W",TCL,Alcatel_5044R,JPEG
/home/rich/Pictures/My Love Samantha R Sprague -1-001 (2)/My Love Samantha R Sprague /IMG_20180417_131941.jpg,IMG_20180417_131941.jpg,.jpg,2018:04:17 13:18:42,2018:04:17 13:18:42,,,TCL,Alcatel_5044R,JPEG
/home/rich/Pictures/My Love Samantha R Sprague -1-001 (2)/My Love Samantha R Sprague /IMG_20180419_145139.jpg,IMG_20180419_145139.jpg,.jpg,2018:04:19 14:51:40,2018:04:19 14:51:40,,,TCL,Alcatel_5044R,JPEG
/home/rich/Pictures/My Love Samantha R Sprague -1-001 (2)/My Love Samantha R Sprague /IMG_20180419_145224-COLLAGE.jpg,IMG_20180419_145224-COLLAGE.jpg,.jpg,2018:04:19 14:52:25,,,,TCL,Alcatel_5044R,JPEG
/home/rich/Pictures/My Love Samantha R Sprague -1-001 (2)/My Love Samantha R Sprague /IMG_20180419_145224.jpg,IMG_20180419_145224.jpg,.jpg,2018:04:19 14:52:25,2018:04:19 14:52:25,,,TCL,Alcatel_5044R,JPEG
/home/rich/Pictures/My Love Samantha R Sprague -1-001 (2)/My Love Samantha R Sprague /IMG_20180419_145443.jpg,IMG_20180419_145443.jpg,.jpg,2018:04:19 14:52:25,2018:04:19 14:52:25,,,TCL,Alcatel_5044R,JPEG
/home/rich/Pictures/My Love Samantha R Sprague -1-001 (2)/My Love Samantha R Sprague /IMG_20180419_162225.jpg,IMG_20180419_162225.jpg,.jpg,2018:04:19 16:22:26,2018:04:19 16:22:26,,,TCL,Alcatel_5044R,JPEG
/home/rich/Pictures/My Love Samantha R Sprague -1-001 (2)/My Love Samantha R Sprague /IMG_20180419_162254.jpg,IMG_20180419_162254.jpg,.jpg,2018:04:19 16:22:54,2018:04:19 16:22:54,,,TCL,Alcatel_5044R,JPEG
/home/rich/Pictures/My Love Samantha R Sprague -1-001 (2)/My Love Samantha R Sprague /IMG_20180423_153420.jpg,IMG_20180423_153420.jpg,.jpg,2018:04:23 15:34:20,2018:04:23 15:34:20,,,TCL,Alcatel_5044R,JPEG
/home/rich/Pictures/My Love Samantha R Sprague -1-001 (2)/My Love Samantha R Sprague /IMG_20180423_162949.jpg,IMG_20180423_162949.jpg,.jpg,2018:04:23 15:33:53,2018:04:23 15:33:53,,,TCL,Alcatel_5044R,JPEG
/home/rich/Pictures/My Love Samantha R Sprague -1-001 (2)/My Love Samantha R Sprague /IMG_20180424_135341.jpg,IMG_20180424_135341.jpg,.jpg,2018:04:24 13:53:41,2018:04:24 13:53:41,,,TCL,Alcatel_5044R,JPEG
/home/rich/Pictures/My Love Samantha R Sprague -1-001 (2)/My Love Samantha R Sprague /IMG_20180424_135406.jpg,IMG_20180424_135406.jpg,.jpg,2018:04:24 13:54:07,2018:04:24 13:54:07,,,TCL,Alcatel_5044R,JPEG
/home/rich/Pictures/My Love Samantha R Sprague -1-001 (2)/My Love Samantha R Sprague /IMG_20180424_135412.jpg,IMG_20180424_135412.jpg,.jpg,2018:04:24 13:54:12,2018:04:24 13:54:12,,,TCL,Alcatel_5044R,JPEG
/home/rich/Pictures/My Love Samantha R Sprague -1-001 (2)/My Love Samantha R Sprague /IMG_20180424_135416.jpg,IMG_20180424_135416.jpg,.jpg,2018:04:24 13:54:17,2018:04:24 13:54:17,,,TCL,Alcatel_5044R,JPEG
/home/rich/Pictures/My Love Samantha R Sprague -1-001 (2)/My Love Samantha R Sprague /IMG_20180424_153701.jpg,IMG_20180424_153701.jpg,.jpg,2018:04:24 15:37:02,2018:04:24 15:37:02,,,TCL,Alcatel_5044R,JPEG
/home/rich/Pictures/My Love Samantha R Sprague -1-001 (2)/My Love Samantha R Sprague /IMG_20180428_191253.jpg,IMG_20180428_191253.jpg,.jpg,2018:04:28 19:13:01,2018:04:28 19:13:01,,,TCL,Alcatel_5044R,JPEG
/home/rich/Pictures/My Love Samantha R Sprague -1-001 (2)/My Love Samantha R Sprague /IMG_20180428_191301.jpg,IMG_20180428_191301.jpg,.jpg,2018:04:28 19:13:08,2018:04:28 19:13:08,,,TCL,Alcatel_5044R,JPEG
/home/rich/Pictures/My Love Samantha R Sprague -1-001 (2)/My Love Samantha R Sprague /IMG_20180428_191308.jpg,IMG_20180428_191308.jpg,.jpg,2018:04:28 19:13:13,2018:04:28 19:13:13,,,TCL,Alcatel_5044R,JPEG
/home/rich/Pictures/My Love Samantha R Sprague -1-001 (2)/My Love Samantha R Sprague /IMG_20180502_113729.jpg,IMG_20180502_113729.jpg,.jpg,2018:05:02 11:36:49,2018:05:02 11:36:49,,,TCL,Alcatel_5044R,JPEG
/home/rich/Pictures/My Love Samantha R Sprague -1-001 (2)/My Love Samantha R Sprague /IMG_20200115_030545.jpg,IMG_20200115_030545.jpg,.jpg,2020:01:15 03:05:48,2020:01:15 03:05:48,,,Alcatel,5041C,JPEG
/home/rich/Pictures/My Love Samantha R Sprague -1-001 (2)/My Love Samantha R Sprague /IMG_20200115_030718.jpg,IMG_20200115_030718.jpg,.jpg,2020:01:15 03:07:21,2020:01:15 03:07:21,,,Alcatel,5041C,JPEG
/home/rich/Pictures/My Love Samantha R Sprague -1-001 (2)/My Love Samantha R Sprague /IMG_20200115_030729.jpg,IMG_20200115_030729.jpg,.jpg,2020:01:15 03:07:31,2020:01:15 03:07:31,,,Alcatel,5041C,JPEG
/home/rich/Pictures/My Love Samantha R Sprague -1-001 (2)/My Love Samantha R Sprague /IMG_20200120_155254.jpg,IMG_20200120_155254.jpg,.jpg,2020:01:20 15:52:55,2020:01:20 15:52:55,,,Alcatel,5041C,JPEG
/home/rich/Pictures/My Love Samantha R Sprague -1-001 (2)/My Love Samantha R Sprague /IMG_20200123_210725.jpg,IMG_20200123_210725.jpg,.jpg,2020:01:23 21:07:25,2020:01:23 21:07:25,,,Alcatel,5041C,JPEG
/home/rich/Pictures/My Love Samantha R Sprague -1-001 (2)/My Love Samantha R Sprague /IMG_20200123_210901.jpg,IMG_20200123_210901.jpg,.jpg,2020:01:23 21:09:03,2020:01:23 21:09:03,,,Alcatel,5041C,JPEG
/home/rich/Pictures/My Love Samantha R Sprague -1-001 (2)/My Love Samantha R Sprague /IMG_20200123_211123.jpg,IMG_20200123_211123.jpg,.jpg,2020:01:23 21:11:24,2020:01:23 21:11:24,,,Alcatel,5041C,JPEG
/home/rich/Pictures/My Love Samantha R Sprague -1-001 (2)/My Love Samantha R Sprague /IMG_20200123_211252.jpg,IMG_20200123_211252.jpg,.jpg,2020:01:23 21:12:53,2020:01:23 21:12:53,,,Alcatel,5041C,JPEG
/home/rich/Pictures/My Love Samantha R Sprague -1-001 (2)/My Love Samantha R Sprague /IMG_20200128_134844.jpg,IMG_20200128_134844.jpg,.jpg,2020:01:28 13:48:47,2020:01:28 13:48:47,,,Alcatel,5041C,JPEG
/home/rich/Pictures/My Love Samantha R Sprague -1-001 (2)/My Love Samantha R Sprague /IMG_20200205_030946.jpg,IMG_20200205_030946.jpg,.jpg,2020:02:05 03:09:49,2020:02:05 03:09:49,,,Alcatel,5041C,JPEG
/home/rich/Pictures/My Love Samantha R Sprague -1-001 (2)/My Love Samantha R Sprague /IMG_20200205_031008.jpg,IMG_20200205_031008.jpg,.jpg,2020:02:05 03:10:11,2020:02:05 03:10:11,,,Alcatel,5041C,JPEG
/home/rich/Pictures/My Love Samantha R Sprague -1-001 (2)/My Love Samantha R Sprague /IMG_20200205_031134.jpg,IMG_20200205_031134.jpg,.jpg,2020:02:05 03:11:36,2020:02:05 03:11:36,,,Alcatel,5041C,JPEG
/home/rich/Pictures/My Love Samantha R Sprague -1-001 (2)/My Love Samantha R Sprague /IMG_20200205_031330.jpg,IMG_20200205_031330.jpg,.jpg,2020:02:05 03:13:33,2020:02:05 03:13:33,,,Alcatel,5041C,JPEG
/home/rich/Pictures/My Love Samantha R Sprague -1-001 (2)/My Love Samantha R Sprague /IMG_20200206_152340.jpg,IMG_20200206_152340.jpg,.jpg,2020:02:06 15:23:42,2020:02:06 15:23:42,,,Alcatel,5041C,JPEG
/home/rich/Pictures/My Love Samantha R Sprague -1-001 (2)/My Love Samantha R Sprague /IMG_20200206_152404.jpg,IMG_20200206_152404.jpg,.jpg,2020:02:06 15:24:06,2020:02:06 15:24:06,,,Alcatel,5041C,JPEG
/home/rich/Pictures/My Love Samantha R Sprague -1-001 (2)/My Love Samantha R Sprague /IMG_20200207_034756.jpg,IMG_20200207_034756.jpg,.jpg,2020:02:07 03:47:57,2020:02:07 03:47:57,,,Alcatel,5041C,JPEG
/home/rich/Pictures/My Love Samantha R Sprague -1-001 (2)/My Love Samantha R Sprague /IMG_20200312_190324.jpg,IMG_20200312_190324.jpg,.jpg,2020:03:12 19:03:25,2020:03:12 19:03:25,,,Alcatel,5041C,JPEG
/home/rich/Pictures/My Love Samantha R Sprague -1-001 (2)/My Love Samantha R Sprague /IMG_20200312_190333.jpg,IMG_20200312_190333.jpg,.jpg,2020:03:12 19:03:33,2020:03:12 19:03:33,,,Alcatel,5041C,JPEG
/home/rich/Pictures/My Love Samantha R Sprague -1-001 (2)/My Love Samantha R Sprague /IMG_20200312_190334.jpg,IMG_20200312_190334.jpg,.jpg,2020:03:12 19:03:35,2020:03:12 19:03:35,,,Alcatel,5041C,JPEG
/home/rich/Pictures/My Love Samantha R Sprague -1-001 (2)/My Love Samantha R Sprague /IMG_20200312_190335.jpg,IMG_20200312_190335.jpg,.jpg,2020:03:12 19:03:35,2020:03:12 19:03:35,,,Alcatel,5041C,JPEG
/home/rich/Pictures/My Love Samantha R Sprague -1-001 (2)/My Love Samantha R Sprague /IMG_20200312_190336.jpg,IMG_20200312_190336.jpg,.jpg,2020:03:12 19:03:36,2020:03:12 19:03:36,,,Alcatel,5041C,JPEG
/home/rich/Pictures/My Love Samantha R Sprague -1-001 (2)/My Love Samantha R Sprague /IMG_20200312_190336_1.jpg,IMG_20200312_190336_1.jpg,.jpg,2020:03:12 19:03:36,2020:03:12 19:03:36,,,Alcatel,5041C,JPEG
/home/rich/Pictures/My Love Samantha R Sprague -1-001 (2)/My Love Samantha R Sprague /IMG_20200325_171622.jpg,IMG_20200325_171622.jpg,.jpg,2020:03:25 17:16:24,2020:03:25 17:16:24,,,Alcatel,5041C,JPEG
/home/rich/Pictures/My Love Samantha R Sprague -1-001 (2)/My Love Samantha R Sprague /IMG_20200325_173752.jpg,IMG_20200325_173752.jpg,.jpg,2020:03:25 17:37:53,2020:03:25 17:37:53,,,Alcatel,5041C,JPEG
/home/rich/Pictures/My Love Samantha R Sprague -1-001 (2)/My Love Samantha R Sprague /IMG_20200325_174216.jpg,IMG_20200325_174216.jpg,.jpg,2020:03:25 17:42:17,2020:03:25 17:42:17,,,Alcatel,5041C,JPEG
/home/rich/Pictures/My Love Samantha R Sprague -1-001 (2)/My Love Samantha R Sprague /IMG_20200325_174220.jpg,IMG_20200325_174220.jpg,.jpg,2020:03:25 17:42:20,2020:03:25 17:42:20,,,Alcatel,5041C,JPEG
/home/rich/Pictures/My Love Samantha R Sprague -1-001 (2)/My Love Samantha R Sprague /IMG_20200325_174237.jpg,IMG_20200325_174237.jpg,.jpg,2020:03:25 17:42:38,2020:03:25 17:42:38,,,Alcatel,5041C,JPEG
/home/rich/Pictures/My Love Samantha R Sprague -1-001 (2)/My Love Samantha R Sprague /IMG_20200419_124824.jpg,IMG_20200419_124824.jpg,.jpg,2020:04:19 12:48:26,2020:04:19 12:48:26,,,Alcatel,5041C,JPEG
/home/rich/Pictures/My Love Samantha R Sprague -1-001 (2)/My Love Samantha R Sprague /IMG_20200419_124833.jpg,IMG_20200419_124833.jpg,.jpg,2020:04:19 12:48:34,2020:04:19 12:48:34,,,Alcatel,5041C,JPEG
/home/rich/Pictures/My Love Samantha R Sprague -1-001 (2)/My Love Samantha R Sprague /IMG_20200419_124840.jpg,IMG_20200419_124840.jpg,.jpg,2020:04:19 12:48:40,2020:04:19 12:48:40,,,Alcatel,5041C,JPEG
/home/rich/Pictures/My Love Samantha R Sprague -1-001 (2)/My Love Samantha R Sprague /IMG_20200514_032244_10CS.jpg,IMG_20200514_032244_10CS.jpg,.jpg,2020:05:14 03:22:45,2020:05:14 03:22:45,,,Alcatel,5041C,JPEG
/home/rich/Pictures/My Love Samantha R Sprague -1-001 (2)/My Love Samantha R Sprague /IMG_20200514_032244_11CS.jpg,IMG_20200514_032244_11CS.jpg,.jpg,2020:05:14 03:22:45,2020:05:14 03:22:45,,,Alcatel,5041C,JPEG
/home/rich/Pictures/My Love Samantha R Sprague -1-001 (2)/My Love Samantha R Sprague /IMG_20200514_032244_12CS.jpg,IMG_20200514_032244_12CS.jpg,.jpg,2020:05:14 03:22:45,2020:05:14 03:22:45,,,Alcatel,5041C,JPEG
/home/rich/Pictures/My Love Samantha R Sprague -1-001 (2)/My Love Samantha R Sprague /IMG_20200514_032244_2CS.jpg,IMG_20200514_032244_2CS.jpg,.jpg,2020:05:14 03:22:44,2020:05:14 03:22:44,,,Alcatel,5041C,JPEG
/home/rich/Pictures/My Love Samantha R Sprague -1-001 (2)/My Love Samantha R Sprague /IMG_20200514_032244_3CS.jpg,IMG_20200514_032244_3CS.jpg,.jpg,2020:05:14 03:22:44,2020:05:14 03:22:44,,,Alcatel,5041C,JPEG
/home/rich/Pictures/My Love Samantha R Sprague -1-001 (2)/My Love Samantha R Sprague /IMG_20200514_032244_6CS.jpg,IMG_20200514_032244_6CS.jpg,.jpg,2020:05:14 03:22:45,2020:05:14 03:22:45,,,Alcatel,5041C,JPEG
/home/rich/Pictures/My Love Samantha R Sprague -1-001 (2)/My Love Samantha R Sprague /IMG_20200514_032244_7CS.jpg,IMG_20200514_032244_7CS.jpg,.jpg,2020:05:14 03:22:45,2020:05:14 03:22:45,,,Alcatel,5041C,JPEG
/home/rich/Pictures/My Love Samantha R Sprague -1-001 (2)/My Love Samantha R Sprague /IMG_20200514_032244_8CS.jpg,IMG_20200514_032244_8CS.jpg,.jpg,2020:05:14 03:22:45,2020:05:14 03:22:45,,,Alcatel,5041C,JPEG
/home/rich/Pictures/My Love Samantha R Sprague -1-001 (2)/My Love Samantha R Sprague /IMG_20200514_032244_9CS.jpg,IMG_20200514_032244_9CS.jpg,.jpg,2020:05:14 03:22:45,2020:05:14 03:22:45,,,Alcatel,5041C,JPEG
/home/rich/Pictures/My Love Samantha R Sprague -1-001 (2)/My Love Samantha R Sprague /IMG_20200528_164845.jpg,IMG_20200528_164845.jpg,.jpg,2020:05:28 16:48:47,2020:05:28 16:48:47,,,Alcatel,5041C,JPEG
/home/rich/Pictures/My Love Samantha R Sprague -1-001 (2)/My Love Samantha R Sprague /IMG_20200528_164851.jpg,IMG_20200528_164851.jpg,.jpg,2020:05:28 16:48:52,2020:05:28 16:48:52,,,Alcatel,5041C,JPEG
/home/rich/Pictures/My Love Samantha R Sprague -1-001 (2)/My Love Samantha R Sprague /IMG_20200528_164902.jpg,IMG_20200528_164902.jpg,.jpg,2020:05:28 16:49:03,2020:05:28 16:49:03,,,Alcatel,5041C,JPEG
/home/rich/Pictures/My Love Samantha R Sprague -1-001 (2)/My Love Samantha R Sprague /IMG_20200528_164936.jpg,IMG_20200528_164936.jpg,.jpg,2020:05:28 16:49:36,2020:05:28 16:49:36,,,Alcatel,5041C,JPEG
/home/rich/Pictures/My Love Samantha R Sprague -1-001 (2)/My Love Samantha R Sprague /IMG_20200528_164941.jpg,IMG_20200528_164941.jpg,.jpg,2020:05:28 16:49:41,2020:05:28 16:49:41,,,Alcatel,5041C,JPEG
/home/rich/Pictures/My Love Samantha R Sprague -1-001 (2)/My Love Samantha R Sprague /IMG_20200528_164944.jpg,IMG_20200528_164944.jpg,.jpg,2020:05:28 16:49:45,2020:05:28 16:49:45,,,Alcatel,5041C,JPEG
/home/rich/Pictures/My Love Samantha R Sprague -1-001 (2)/My Love Samantha R Sprague /IMG_20200528_164950.jpg,IMG_20200528_164950.jpg,.jpg,2020:05:28 16:49:50,2020:05:28 16:49:50,,,Alcatel,5041C,JPEG
/home/rich/Pictures/My Love Samantha R Sprague -1-001 (2)/My Love Samantha R Sprague /IMG_20200528_164951.jpg,IMG_20200528_164951.jpg,.jpg,2020:05:28 16:49:51,2020:05:28 16:49:51,,,Alcatel,5041C,JPEG
/home/rich/Pictures/My Love Samantha R Sprague -1-001 (2)/My Love Samantha R Sprague /IMG_20200605_020436.jpg,IMG_20200605_020436.jpg,.jpg,2020:06:05 02:04:40,2020:06:05 02:04:40,,,Alcatel,5041C,JPEG
/home/rich/Pictures/My Love Samantha R Sprague -1-001 (2)/My Love Samantha R Sprague /IMG_20250614_145614795.jpg,IMG_20250614_145614795.jpg,.jpg,2025:06:14 14:56:15,2025:06:14 14:56:15,"41 deg 35' 22.76"" N","85 deg 48' 56.29"" W",motorola,moto g pure,JPEG
/home/rich/Pictures/My Love Samantha R Sprague -1-001 (2)/My Love Samantha R Sprague /IMG_20250614_145619125.jpg,IMG_20250614_145619125.jpg,.jpg,2025:06:14 14:56:19,2025:06:14 14:56:19,"41 deg 35' 22.76"" N","85 deg 48' 56.29"" W",motorola,moto g pure,JPEG
/home/rich/Pictures/My Love Samantha R Sprague -1-001 (2)/My Love Samantha R Sprague /IMG_20250614_145629863.jpg,IMG_20250614_145629863.jpg,.jpg,2025:06:14 14:56:30,2025:06:14 14:56:30,"41 deg 35' 22.76"" N","85 deg 48' 56.29"" W",motorola,moto g pure,JPEG
/home/rich/Pictures/My Love Samantha R Sprague -1-001 (2)/My Love Samantha R Sprague /ProfilePhoto.jpg,ProfilePhoto.jpg,.jpg,,,,,,,JPEG
/home/rich/Pictures/My Love Samantha R Sprague -1-001 (2)/My Love Samantha R Sprague /bcf21864-a14a-4f6d-9916-74d529494e8c.jpg,bcf21864-a14a-4f6d-9916-74d529494e8c.jpg,.jpg,,,,,,,JPEG
/home/rich/Pictures/My Love Samantha R Sprague -1-001 (2)/My Love Samantha R Sprague /received_1012910433266098.png,received_1012910433266098.png,.png,,,,,,,PNG
/home/rich/Pictures/My Love Samantha R Sprague -1-001 (2)/My Love Samantha R Sprague /received_1175290477200431.jpeg,received_1175290477200431.jpeg,.jpeg,,,,,,,JPEG
/home/rich/Pictures/My Love Samantha R Sprague -1-001 (2)/My Love Samantha R Sprague /received_1182135849301024.jpeg,received_1182135849301024.jpeg,.jpeg,,,,,,,JPEG
/home/rich/Pictures/My Love Samantha R Sprague -1-001 (2)/My Love Samantha R Sprague /received_1322013368588475.jpeg,received_1322013368588475.jpeg,.jpeg,,,,,,,JPEG
/home/rich/Pictures/My Love Samantha R Sprague -1-001 (2)/My Love Samantha R Sprague /received_1407927570173742.jpeg,received_1407927570173742.jpeg,.jpeg,,,,,,,JPEG
/home/rich/Pictures/My Love Samantha R Sprague -1-001 (2)/My Love Samantha R Sprague /received_1475133696335932.jpeg,received_1475133696335932.jpeg,.jpeg,,,,,,,JPEG
/home/rich/Pictures/My Love Samantha R Sprague -1-001 (2)/My Love Samantha R Sprague /received_1793630270971693.jpeg,received_1793630270971693.jpeg,.jpeg,,,,,,,JPEG
/home/rich/Pictures/My Love Samantha R Sprague -1-001 (2)/My Love Samantha R Sprague /received_188429977325217.jpeg,received_188429977325217.jpeg,.jpeg,,,,,,,JPEG
/home/rich/Pictures/My Love Samantha R Sprague -1-001 (2)/My Love Samantha R Sprague /received_2358457840963383.jpeg,received_2358457840963383.jpeg,.jpeg,,,,,,,JPEG
/home/rich/Pictures/My Love Samantha R Sprague -1-001 (2)/My Love Samantha R Sprague /received_2515587331949875.jpeg,received_2515587331949875.jpeg,.jpeg,,,,,,,JPEG
/home/rich/Pictures/My Love Samantha R Sprague -1-001 (2)/My Love Samantha R Sprague /received_2549376471865332.jpeg,received_2549376471865332.jpeg,.jpeg,,,,,,,JPEG
/home/rich/Pictures/My Love Samantha R Sprague -1-001 (2)/My Love Samantha R Sprague /received_2915619628746880.jpeg,received_2915619628746880.jpeg,.jpeg,,,,,,,JPEG
/home/rich/Pictures/My Love Samantha R Sprague -1-001 (2)/My Love Samantha R Sprague /received_3183187561917141.jpeg,received_3183187561917141.jpeg,.jpeg,,,,,,,JPEG
/home/rich/Pictures/My Love Samantha R Sprague -1-001 (2)/My Love Samantha R Sprague /received_3273005489622214.jpeg,received_3273005489622214.jpeg,.jpeg,,,,,,,JPEG
/home/rich/Pictures/My Love Samantha R Sprague -1-001 (2)/My Love Samantha R Sprague /received_3334167320195774.jpeg,received_3334167320195774.jpeg,.jpeg,,,,,,,JPEG
/home/rich/Pictures/My Love Samantha R Sprague -1-001 (2)/My Love Samantha R Sprague /received_3469792566681983.jpeg,received_3469792566681983.jpeg,.jpeg,,,,,,,JPEG
/home/rich/Pictures/My Love Samantha R Sprague -1-001 (2)/My Love Samantha R Sprague /received_377458577760377.jpeg,received_377458577760377.jpeg,.jpeg,,,,,,,JPEG
/home/rich/Pictures/My Love Samantha R Sprague -1-001 (2)/My Love Samantha R Sprague /received_429328699163217.jpeg,received_429328699163217.jpeg,.jpeg,,,,,,,JPEG
/home/rich/Pictures/My Love Samantha R Sprague -1-001 (2)/My Love Samantha R Sprague /received_437584314951482.jpeg,received_437584314951482.jpeg,.jpeg,,,,,,,JPEG
/home/rich/Pictures/My Love Samantha R Sprague -1-001 (2)/My Love Samantha R Sprague /received_454291266510916.jpeg,received_454291266510916.jpeg,.jpeg,,,,,,,JPEG
/home/rich/Pictures/My Love Samantha R Sprague -1-001 (2)/My Love Samantha R Sprague /received_460536095603061.jpeg,received_460536095603061.jpeg,.jpeg,,,,,,,JPEG
/home/rich/Pictures/My Love Samantha R Sprague -1-001 (2)/My Love Samantha R Sprague /received_466291855331186.jpeg,received_466291855331186.jpeg,.jpeg,,,,,,,JPEG
/home/rich/Pictures/My Love Samantha R Sprague -1-001 (2)/My Love Samantha R Sprague /received_475566885626476.jpeg,received_475566885626476.jpeg,.jpeg,,,,,,,JPEG
/home/rich/Pictures/My Love Samantha R Sprague -1-001 (2)/My Love Samantha R Sprague /received_478042447465506.jpeg,received_478042447465506.jpeg,.jpeg,,,,,,,JPEG
/home/rich/Pictures/My Love Samantha R Sprague -1-001 (2)/My Love Samantha R Sprague /received_484746233470064.jpeg,received_484746233470064.jpeg,.jpeg,,,,,,,JPEG
/home/rich/Pictures/My Love Samantha R Sprague -1-001 (2)/My Love Samantha R Sprague /received_5207388755982406.jpeg,received_5207388755982406.jpeg,.jpeg,,,,,,,JPEG
/home/rich/Pictures/My Love Samantha R Sprague -1-001 (2)/My Love Samantha R Sprague /received_5378418152181324.jpeg,received_5378418152181324.jpeg,.jpeg,,,,,,,JPEG
/home/rich/Pictures/My Love Samantha R Sprague -1-001 (2)/My Love Samantha R Sprague /received_5597235210297470.jpeg,received_5597235210297470.jpeg,.jpeg,,,,,,,JPEG
/home/rich/Pictures/My Love Samantha R Sprague -1-001 (2)/My Love Samantha R Sprague /received_5680330521988585.jpeg,received_5680330521988585.jpeg,.jpeg,,,,,,,JPEG
/home/rich/Pictures/My Love Samantha R Sprague -1-001 (2)/My Love Samantha R Sprague /received_568692484831345.jpeg,received_568692484831345.jpeg,.jpeg,,,,,,,JPEG
/home/rich/Pictures/My Love Samantha R Sprague -1-001 (2)/My Love Samantha R Sprague /received_573180218023432.jpeg,received_573180218023432.jpeg,.jpeg,,,,,,,JPEG
/home/rich/Pictures/My Love Samantha R Sprague -1-001 (2)/My Love Samantha R Sprague /received_581639686874345.jpeg,received_581639686874345.jpeg,.jpeg,,,,,,,JPEG
/home/rich/Pictures/My Love Samantha R Sprague -1-001 (2)/My Love Samantha R Sprague /received_596126608537040.jpeg,received_596126608537040.jpeg,.jpeg,,,,,,,JPEG
/home/rich/Pictures/My Love Samantha R Sprague -1-001 (2)/My Love Samantha R Sprague /received_623263615824786.jpeg,received_623263615824786.jpeg,.jpeg,,,,,,,JPEG
/home/rich/Pictures/My Love Samantha R Sprague -1-001 (2)/My Love Samantha R Sprague /received_711458106613881.jpeg,received_711458106613881.jpeg,.jpeg,,,,,,,JPEG
/home/rich/Pictures/My Love Samantha R Sprague -1-001 (2)/My Love Samantha R Sprague /received_717271600015755.jpeg,received_717271600015755.jpeg,.jpeg,,,,,,,JPEG
/home/rich/Pictures/My Love Samantha R Sprague -1-001 (2)/My Love Samantha R Sprague /received_718776142761446.jpeg,received_718776142761446.jpeg,.jpeg,,,,,,,JPEG
/home/rich/Pictures/My Love Samantha R Sprague -1-001 (2)/My Love Samantha R Sprague /received_726518311976031.jpeg,received_726518311976031.jpeg,.jpeg,,,,,,,JPEG
/home/rich/Pictures/My Love Samantha R Sprague -1-001 (2)/My Love Samantha R Sprague /received_743049150180447.jpeg,received_743049150180447.jpeg,.jpeg,,,,,,,JPEG
/home/rich/Pictures/My Love Samantha R Sprague -1-001 (2)/My Love Samantha R Sprague /received_771806007508925.jpeg,received_771806007508925.jpeg,.jpeg,,,,,,,JPEG
/home/rich/Pictures/My Love Samantha R Sprague -1-001 (2)/My Love Samantha R Sprague /received_777887736566903.jpeg,received_777887736566903.jpeg,.jpeg,,,,,,,JPEG
/home/rich/Pictures/My Love Samantha R Sprague -1-001 (2)/My Love Samantha R Sprague /received_785614386261471.jpeg,received_785614386261471.jpeg,.jpeg,,,,,,,JPEG
/home/rich/Pictures/My Love Samantha R Sprague -1-001 (2)/My Love Samantha R Sprague /received_863354004869109.jpeg,received_863354004869109.jpeg,.jpeg,,,,,,,JPEG
/home/rich/Pictures/My Love Samantha R Sprague -1-001 (2)/My Love Samantha R Sprague /received_9026534804140617.jpeg,received_9026534804140617.jpeg,.jpeg,,,,,,,JPEG
/home/rich/Pictures/My Love Samantha R Sprague -1-001 (2)/My Love Samantha R Sprague /received_917047902628115.jpeg,received_917047902628115.jpeg,.jpeg,,,,,,,JPEG
/home/rich/Pictures/My Love Samantha R Sprague -1-001 (2)/My Love Samantha R Sprague /received_938329151683891.jpeg,received_938329151683891.jpeg,.jpeg,,,,,,,JPEG
/home/rich/Pictures/My Love Samantha R Sprague -1-001 (2)/My Love Samantha R Sprague /received_975893457814026.jpeg,received_975893457814026.jpeg,.jpeg,,,,,,,JPEG
/home/rich/Pictures/My buddy Cameron A Sprague -1-001/My buddy Cameron A Sprague /20170507_153729.jpg,20170507_153729.jpg,.jpg,2017:05:07 15:37:29,2017:05:07 15:37:29,,,samsung,SAMSUNG-SM-J120A,JPEG
/home/rich/Pictures/My buddy Cameron A Sprague -1-001/My buddy Cameron A Sprague /20170507_173753.jpg,20170507_173753.jpg,.jpg,2017:05:07 17:37:53,2017:05:07 17:37:53,,,samsung,SAMSUNG-SM-J120A,JPEG
/home/rich/Pictures/My buddy Cameron A Sprague -1-001/My buddy Cameron A Sprague /20170507_173802.jpg,20170507_173802.jpg,.jpg,2017:05:07 17:38:02,2017:05:07 17:38:02,,,samsung,SAMSUNG-SM-J120A,JPEG
/home/rich/Pictures/My buddy Cameron A Sprague -1-001/My buddy Cameron A Sprague /20170515_005518.jpg,20170515_005518.jpg,.jpg,2017:05:15 00:55:18,2017:05:15 00:55:18,,,samsung,SAMSUNG-SM-J120A,JPEG
/home/rich/Pictures/My buddy Cameron A Sprague -1-001/My buddy Cameron A Sprague /20170518_094539.jpg,20170518_094539.jpg,.jpg,2017:05:18 09:45:39,2017:05:18 09:45:39,,,samsung,SAMSUNG-SM-J120A,JPEG
/home/rich/Pictures/My buddy Cameron A Sprague -1-001/My buddy Cameron A Sprague /20170527_190014-COLLAGE.jpg,20170527_190014-COLLAGE.jpg,.jpg,2017:05:27 19:01:30,,,,samsung,SAMSUNG-SM-J120A,JPEG
/home/rich/Pictures/My buddy Cameron A Sprague -1-001/My buddy Cameron A Sprague /20170527_190644.jpg,20170527_190644.jpg,.jpg,2017:05:27 19:06:44,2017:05:27 19:06:44,,,samsung,SAMSUNG-SM-J120A,JPEG
/home/rich/Pictures/My buddy Cameron A Sprague -1-001/My buddy Cameron A Sprague /20170527_190803.jpg,20170527_190803.jpg,.jpg,2017:05:27 19:08:03,2017:05:27 19:08:03,,,samsung,SAMSUNG-SM-J120A,JPEG
/home/rich/Pictures/My buddy Cameron A Sprague -1-001/My buddy Cameron A Sprague /20170527_190817.jpg,20170527_190817.jpg,.jpg,2017:05:27 19:08:17,2017:05:27 19:08:17,,,samsung,SAMSUNG-SM-J120A,JPEG
/home/rich/Pictures/My buddy Cameron A Sprague -1-001/My buddy Cameron A Sprague /20170527_191858.jpg,20170527_191858.jpg,.jpg,2017:05:27 19:18:57,2017:05:27 19:18:57,,,samsung,SAMSUNG-SM-J120A,JPEG
/home/rich/Pictures/My buddy Cameron A Sprague -1-001/My buddy Cameron A Sprague /20170527_205454.jpg,20170527_205454.jpg,.jpg,2017:05:27 20:54:54,2017:05:27 20:54:54,,,samsung,SAMSUNG-SM-J120A,JPEG
/home/rich/Pictures/My buddy Cameron A Sprague -1-001/My buddy Cameron A Sprague /20181013_010142.jpg,20181013_010142.jpg,.jpg,2018:10:13 01:01:42,2018:10:13 01:01:42,,,LG Electronics,LG-M150,JPEG
/home/rich/Pictures/My buddy Cameron A Sprague -1-001/My buddy Cameron A Sprague /20181013_010148.jpg,20181013_010148.jpg,.jpg,2018:10:13 01:01:48,2018:10:13 01:01:48,,,LG Electronics,LG-M150,JPEG
/home/rich/Pictures/My buddy Cameron A Sprague -1-001/My buddy Cameron A Sprague /20181024_183501_Burst01.jpg,20181024_183501_Burst01.jpg,.jpg,2018:10:24 18:35:01,2018:10:24 18:35:01,,,LG Electronics,LG-M150,JPEG
/home/rich/Pictures/My buddy Cameron A Sprague -1-001/My buddy Cameron A Sprague /20181024_183507.jpg,20181024_183507.jpg,.jpg,2018:10:24 18:35:07,2018:10:24 18:35:07,,,LG Electronics,LG-M150,JPEG
/home/rich/Pictures/My buddy Cameron A Sprague -1-001/My buddy Cameron A Sprague /20190716_175104.jpg,20190716_175104.jpg,.jpg,2019:07:16 17:51:04,2019:07:16 17:51:04,,,LG Electronics,LGLS675,JPEG
/home/rich/Pictures/My buddy Cameron A Sprague -1-001/My buddy Cameron A Sprague /20190716_175110.jpg,20190716_175110.jpg,.jpg,2019:07:16 17:51:09,2019:07:16 17:51:09,,,LG Electronics,LGLS675,JPEG
/home/rich/Pictures/My buddy Cameron A Sprague -1-001/My buddy Cameron A Sprague /20190730_131353.jpg,20190730_131353.jpg,.jpg,2019:07:30 13:13:53,2019:07:30 13:13:53,,,LG Electronics,LGLS675,JPEG
/home/rich/Pictures/My buddy Cameron A Sprague -1-001/My buddy Cameron A Sprague /20191205_205032.jpg,20191205_205032.jpg,.jpg,2019:12:05 20:50:32,2019:12:05 20:50:32,,,LG Electronics,LGLS675,JPEG
/home/rich/Pictures/My buddy Cameron A Sprague -1-001/My buddy Cameron A Sprague /20191205_205039.jpg,20191205_205039.jpg,.jpg,2019:12:05 20:50:38,2019:12:05 20:50:38,,,LG Electronics,LGLS675,JPEG
/home/rich/Pictures/My buddy Cameron A Sprague -1-001/My buddy Cameron A Sprague /20191212_004654.jpg,20191212_004654.jpg,.jpg,2019:12:12 00:46:54,2019:12:12 00:46:54,,,LG Electronics,LGLS675,JPEG
/home/rich/Pictures/My buddy Cameron A Sprague -1-001/My buddy Cameron A Sprague /20200704_225951.jpg,20200704_225951.jpg,.jpg,2020:07:04 22:59:51,2020:07:04 22:59:51,,,LGE,LM-Q730,JPEG
/home/rich/Pictures/My buddy Cameron A Sprague -1-001/My buddy Cameron A Sprague /20200704_225953_Signature.jpg,20200704_225953_Signature.jpg,.jpg,,,"0 deg 0' 0.00"" N","0 deg 0' 0.00"" E",LGE,LM-Q730,JPEG
/home/rich/Pictures/My buddy Cameron A Sprague -1-001/My buddy Cameron A Sprague /20200704_230011.jpg,20200704_230011.jpg,.jpg,2020:07:04 23:00:11,2020:07:04 23:00:11,,,LGE,LM-Q730,JPEG
/home/rich/Pictures/My buddy Cameron A Sprague -1-001/My buddy Cameron A Sprague /20200704_230011_Signature.jpg,20200704_230011_Signature.jpg,.jpg,,,"0 deg 0' 0.00"" N","0 deg 0' 0.00"" E",LGE,LM-Q730,JPEG
/home/rich/Pictures/My buddy Cameron A Sprague -1-001/My buddy Cameron A Sprague /20200704_230015.jpg,20200704_230015.jpg,.jpg,2020:07:04 23:00:15,2020:07:04 23:00:15,,,LGE,LM-Q730,JPEG
/home/rich/Pictures/My buddy Cameron A Sprague -1-001/My buddy Cameron A Sprague /20200704_230015_Signature.jpg,20200704_230015_Signature.jpg,.jpg,,,"0 deg 0' 0.00"" N","0 deg 0' 0.00"" E",LGE,LM-Q730,JPEG
/home/rich/Pictures/My buddy Cameron A Sprague -1-001/My buddy Cameron A Sprague /20200704_230030.jpg,20200704_230030.jpg,.jpg,2020:07:04 23:00:30,2020:07:04 23:00:30,,,LGE,LM-Q730,JPEG
/home/rich/Pictures/My buddy Cameron A Sprague -1-001/My buddy Cameron A Sprague /20200819_154638.jpg,20200819_154638.jpg,.jpg,2020:08:19 15:46:38,2020:08:19 15:46:38,"40 deg 48' 7.01"" N","85 deg 48' 40.30"" W",LGE,LM-Q730,JPEG
/home/rich/Pictures/My buddy Cameron A Sprague -1-001/My buddy Cameron A Sprague /20200903_194800.jpg,20200903_194800.jpg,.jpg,2020:09:03 19:47:59,2020:09:03 19:47:59,"41 deg 2' 54.77"" N","86 deg 13' 14.53"" W",LGE,LM-Q730,JPEG
/home/rich/Pictures/My buddy Cameron A Sprague -1-001/My buddy Cameron A Sprague /20200903_194809.jpg,20200903_194809.jpg,.jpg,2020:09:03 19:48:09,2020:09:03 19:48:09,"41 deg 2' 54.71"" N","86 deg 13' 14.78"" W",LGE,LM-Q730,JPEG
/home/rich/Pictures/My buddy Cameron A Sprague -1-001/My buddy Cameron A Sprague /20200903_195408.jpg,20200903_195408.jpg,.jpg,2020:09:03 19:54:08,2020:09:03 19:54:08,"41 deg 2' 54.85"" N","86 deg 13' 14.31"" W",LGE,LM-Q730,JPEG
/home/rich/Pictures/My buddy Cameron A Sprague -1-001/My buddy Cameron A Sprague /20210120_222725.jpg,20210120_222725.jpg,.jpg,2021:01:20 22:27:25,2021:01:20 22:27:25,,,LGE,LM-K300,JPEG
/home/rich/Pictures/My buddy Cameron A Sprague -1-001/My buddy Cameron A Sprague /20210121_180513.jpg,20210121_180513.jpg,.jpg,2021:01:21 18:05:13,2021:01:21 18:05:13,,,LGE,LM-K300,JPEG
/home/rich/Pictures/My buddy Cameron A Sprague -1-001/My buddy Cameron A Sprague /20210121_180524.jpg,20210121_180524.jpg,.jpg,2021:01:21 18:05:24,2021:01:21 18:05:24,,,LGE,LM-K300,JPEG
/home/rich/Pictures/My buddy Cameron A Sprague -1-001/My buddy Cameron A Sprague /20210121_180545.jpg,20210121_180545.jpg,.jpg,2021:01:21 18:05:45,2021:01:21 18:05:45,,,LGE,LM-K300,JPEG
/home/rich/Pictures/My buddy Cameron A Sprague -1-001/My buddy Cameron A Sprague /20210121_190944.jpg,20210121_190944.jpg,.jpg,2021:01:21 19:09:44,2021:01:21 19:09:44,,,LGE,LM-K300,JPEG
/home/rich/Pictures/My buddy Cameron A Sprague -1-001/My buddy Cameron A Sprague /20210121_191001.jpg,20210121_191001.jpg,.jpg,2021:01:21 19:10:01,2021:01:21 19:10:01,,,LGE,LM-K300,JPEG
/home/rich/Pictures/My buddy Cameron A Sprague -1-001/My buddy Cameron A Sprague /20210121_191029.jpg,20210121_191029.jpg,.jpg,2021:01:21 19:10:29,2021:01:21 19:10:29,,,LGE,LM-K300,JPEG
/home/rich/Pictures/My buddy Cameron A Sprague -1-001/My buddy Cameron A Sprague /20210201_173957.jpg,20210201_173957.jpg,.jpg,2021:02:01 17:39:57,2021:02:01 17:39:57,,,LGE,LM-K300,JPEG
/home/rich/Pictures/My buddy Cameron A Sprague -1-001/My buddy Cameron A Sprague /20210201_173958.jpg,20210201_173958.jpg,.jpg,2021:02:01 17:39:58,2021:02:01 17:39:58,,,LGE,LM-K300,JPEG
/home/rich/Pictures/My buddy Cameron A Sprague -1-001/My buddy Cameron A Sprague /20210201_174129.jpg,20210201_174129.jpg,.jpg,2021:02:01 17:41:29,2021:02:01 17:41:29,,,LGE,LM-K300,JPEG
/home/rich/Pictures/My buddy Cameron A Sprague -1-001/My buddy Cameron A Sprague /20210201_174133.jpg,20210201_174133.jpg,.jpg,2021:02:01 17:41:33,2021:02:01 17:41:33,,,LGE,LM-K300,JPEG
/home/rich/Pictures/My buddy Cameron A Sprague -1-001/My buddy Cameron A Sprague /20210201_174215.jpg,20210201_174215.jpg,.jpg,2021:02:01 17:42:15,2021:02:01 17:42:15,,,LGE,LM-K300,JPEG
/home/rich/Pictures/My buddy Cameron A Sprague -1-001/My buddy Cameron A Sprague /20210201_174219_HDR.jpg,20210201_174219_HDR.jpg,.jpg,2021:02:01 17:42:19,2021:02:01 17:42:19,,,LGE,LM-K300,JPEG
/home/rich/Pictures/My buddy Cameron A Sprague -1-001/My buddy Cameron A Sprague /20210201_174308.jpg,20210201_174308.jpg,.jpg,2021:02:01 17:43:08,2021:02:01 17:43:08,,,LGE,LM-K300,JPEG
/home/rich/Pictures/My buddy Cameron A Sprague -1-001/My buddy Cameron A Sprague /20210201_174315.jpg,20210201_174315.jpg,.jpg,2021:02:01 17:43:15,2021:02:01 17:43:15,,,LGE,LM-K300,JPEG
/home/rich/Pictures/My buddy Cameron A Sprague -1-001/My buddy Cameron A Sprague /20210227_142158-COLLAGE.jpg,20210227_142158-COLLAGE.jpg,.jpg,2021:02:27 14:21:58,,,,LGE,LM-K300,JPEG
/home/rich/Pictures/My buddy Cameron A Sprague -1-001/My buddy Cameron A Sprague /20210227_154626.jpg,20210227_154626.jpg,.jpg,2021:02:27 15:46:25,2021:02:27 15:46:25,,,LGE,LM-K300,JPEG
/home/rich/Pictures/My buddy Cameron A Sprague -1-001/My buddy Cameron A Sprague /20210605_180055.jpg,20210605_180055.jpg,.jpg,2021:06:05 18:00:55,2021:06:05 18:00:55,"40 deg 47' 44.08"" N","85 deg 48' 50.16"" W",LGE,LM-Q730,JPEG
/home/rich/Pictures/My buddy Cameron A Sprague -1-001/My buddy Cameron A Sprague /20210605_180055_Signature.jpg,20210605_180055_Signature.jpg,.jpg,,,"40 deg 47' 44.08"" N","85 deg 48' 50.16"" W",LGE,LM-Q730,JPEG
/home/rich/Pictures/My buddy Cameron A Sprague -1-001/My buddy Cameron A Sprague /20210605_180055_Signature_Signature.jpg,20210605_180055_Signature_Signature.jpg,.jpg,,,"40 deg 47' 44.08"" N","85 deg 48' 50.16"" W",LGE,LM-Q730,JPEG
/home/rich/Pictures/My buddy Cameron A Sprague -1-001/My buddy Cameron A Sprague /20210704_184001.jpg,20210704_184001.jpg,.jpg,2021:07:04 18:40:00,2021:07:04 18:40:00,"40 deg 48' 43.98"" N","85 deg 49' 21.94"" W",LGE,LM-Q730,JPEG
/home/rich/Pictures/My buddy Cameron A Sprague -1-001/My buddy Cameron A Sprague /20210704_211549.jpg,20210704_211549.jpg,.jpg,2021:07:04 21:15:49,2021:07:04 21:15:49,,,LGE,LM-Q730,JPEG
/home/rich/Pictures/My buddy Cameron A Sprague -1-001/My buddy Cameron A Sprague /20210704_211556.jpg,20210704_211556.jpg,.jpg,2021:07:04 21:15:56,2021:07:04 21:15:56,"40 deg 48' 44.26"" N","85 deg 49' 21.91"" W",LGE,LM-Q730,JPEG
/home/rich/Pictures/My buddy Cameron A Sprague -1-001/My buddy Cameron A Sprague /20210704_211603.jpg,20210704_211603.jpg,.jpg,2021:07:04 21:16:03,2021:07:04 21:16:03,"40 deg 48' 44.29"" N","85 deg 49' 22.02"" W",LGE,LM-Q730,JPEG
/home/rich/Pictures/My buddy Cameron A Sprague -1-001/My buddy Cameron A Sprague /20210704_212558.jpg,20210704_212558.jpg,.jpg,2021:07:04 21:25:58,2021:07:04 21:25:58,"40 deg 48' 44.85"" N","85 deg 49' 21.91"" W",LGE,LM-Q730,JPEG
/home/rich/Pictures/My buddy Cameron A Sprague -1-001/My buddy Cameron A Sprague /20210704_213046.jpg,20210704_213046.jpg,.jpg,2021:07:04 21:30:46,2021:07:04 21:30:46,"40 deg 48' 44.55"" N","85 deg 49' 22.24"" W",LGE,LM-Q730,JPEG
/home/rich/Pictures/My buddy Cameron A Sprague -1-001/My buddy Cameron A Sprague /20210704_213047.jpg,20210704_213047.jpg,.jpg,2021:07:04 21:30:47,2021:07:04 21:30:47,"40 deg 48' 44.57"" N","85 deg 49' 22.27"" W",LGE,LM-Q730,JPEG
/home/rich/Pictures/My buddy Cameron A Sprague -1-001/My buddy Cameron A Sprague /20210704_213049.jpg,20210704_213049.jpg,.jpg,2021:07:04 21:30:49,2021:07:04 21:30:49,"40 deg 48' 44.57"" N","85 deg 49' 22.35"" W",LGE,LM-Q730,JPEG
/home/rich/Pictures/My buddy Cameron A Sprague -1-001/My buddy Cameron A Sprague /20210704_213057.jpg,20210704_213057.jpg,.jpg,2021:07:04 21:30:57,2021:07:04 21:30:57,"40 deg 48' 44.42"" N","85 deg 49' 22.24"" W",LGE,LM-Q730,JPEG
/home/rich/Pictures/My buddy Cameron A Sprague -1-001/My buddy Cameron A Sprague /20210704_213110.jpg,20210704_213110.jpg,.jpg,2021:07:04 21:31:10,2021:07:04 21:31:10,"40 deg 48' 44.51"" N","85 deg 49' 22.19"" W",LGE,LM-Q730,JPEG
/home/rich/Pictures/My buddy Cameron A Sprague -1-001/My buddy Cameron A Sprague /20211125_162729.jpg,20211125_162729.jpg,.jpg,2021:11:25 16:27:29,2021:11:25 16:27:29,"41 deg 3' 10.64"" N","86 deg 13' 38.67"" W",LGE,LM-Q730,JPEG
/home/rich/Pictures/My buddy Cameron A Sprague -1-001/My buddy Cameron A Sprague /20211125_162731.jpg,20211125_162731.jpg,.jpg,2021:11:25 16:27:31,2021:11:25 16:27:31,"41 deg 3' 10.64"" N","86 deg 13' 38.67"" W",LGE,LM-Q730,JPEG
/home/rich/Pictures/My buddy Cameron A Sprague -1-001/My buddy Cameron A Sprague /20211125_162733.jpg,20211125_162733.jpg,.jpg,2021:11:25 16:27:33,2021:11:25 16:27:33,"41 deg 3' 10.65"" N","86 deg 13' 38.70"" W",LGE,LM-Q730,JPEG
/home/rich/Pictures/My buddy Cameron A Sprague -1-001/My buddy Cameron A Sprague /2022-04-14_14-59-22.jpg,2022-04-14_14-59-22.jpg,.jpg,,,,,,,JPEG
/home/rich/Pictures/My buddy Cameron A Sprague -1-001/My buddy Cameron A Sprague /2022-04-14_14-59-43.jpg,2022-04-14_14-59-43.jpg,.jpg,2022:04:14 14:59:43,2022:04:14 14:59:43,"41 deg 3' 10.72"" N","86 deg 13' 37.89"" W",samsung,SM-G955U,JPEG
/home/rich/Pictures/My buddy Cameron A Sprague -1-001/My buddy Cameron A Sprague /2022-04-19_19-22-41.jpg,2022-04-19_19-22-41.jpg,.jpg,2022:04:19 19:22:41,2022:04:19 19:22:41,"41 deg 3' 10.44"" N","86 deg 13' 37.82"" W",samsung,SM-G955U,JPEG
/home/rich/Pictures/My buddy Cameron A Sprague -1-001/My buddy Cameron A Sprague /2022-04-19_19-22-45.jpg,2022-04-19_19-22-45.jpg,.jpg,2022:04:19 19:22:45,2022:04:19 19:22:45,"41 deg 3' 10.44"" N","86 deg 13' 37.82"" W",samsung,SM-G955U,JPEG
/home/rich/Pictures/My buddy Cameron A Sprague -1-001/My buddy Cameron A Sprague /2022-04-19_19-22-58.jpg,2022-04-19_19-22-58.jpg,.jpg,2022:04:19 19:22:58,2022:04:19 19:22:58,"41 deg 3' 10.44"" N","86 deg 13' 37.82"" W",samsung,SM-G955U,JPEG
/home/rich/Pictures/My buddy Cameron A Sprague -1-001/My buddy Cameron A Sprague /2022-04-19_19-22-59.jpg,2022-04-19_19-22-59.jpg,.jpg,2022:04:19 19:22:59,2022:04:19 19:22:59,"41 deg 3' 10.44"" N","86 deg 13' 37.82"" W",samsung,SM-G955U,JPEG
/home/rich/Pictures/My buddy Cameron A Sprague -1-001/My buddy Cameron A Sprague /2022-04-20_19-09-00.jpg,2022-04-20_19-09-00.jpg,.jpg,2022:04:20 19:09:00,2022:04:20 19:09:00,"41 deg 4' 42.00"" N","86 deg 13' 30.79"" W",samsung,SM-G955U,JPEG
/home/rich/Pictures/My buddy Cameron A Sprague -1-001/My buddy Cameron A Sprague /2022-04-20_19-09-22.jpg,2022-04-20_19-09-22.jpg,.jpg,2022:04:20 19:09:22,2022:04:20 19:09:22,"41 deg 4' 42.00"" N","86 deg 13' 30.79"" W",samsung,SM-G955U,JPEG
/home/rich/Pictures/My buddy Cameron A Sprague -1-001/My buddy Cameron A Sprague /2022-04-20_19-09-23.jpg,2022-04-20_19-09-23.jpg,.jpg,2022:04:20 19:09:23,2022:04:20 19:09:23,"41 deg 4' 42.00"" N","86 deg 13' 30.79"" W",samsung,SM-G955U,JPEG
/home/rich/Pictures/My buddy Cameron A Sprague -1-001/My buddy Cameron A Sprague /20220902_215423.jpg,20220902_215423.jpg,.jpg,2022:09:02 21:54:23,2022:09:02 21:54:23,"0 deg 0' 0.00"" N","0 deg 0' 0.00"" E",samsung,SM-G955U,JPEG
/home/rich/Pictures/My buddy Cameron A Sprague -1-001/My buddy Cameron A Sprague /20220902_215426.jpg,20220902_215426.jpg,.jpg,2022:09:02 21:54:26,2022:09:02 21:54:26,"0 deg 0' 0.00"" N","0 deg 0' 0.00"" E",samsung,SM-G955U,JPEG
/home/rich/Pictures/My buddy Cameron A Sprague -1-001/My buddy Cameron A Sprague /20220902_215428.jpg,20220902_215428.jpg,.jpg,2022:09:02 21:54:27,2022:09:02 21:54:27,"0 deg 0' 0.00"" N","0 deg 0' 0.00"" E",samsung,SM-G955U,JPEG
/home/rich/Pictures/My buddy Cameron A Sprague -1-001/My buddy Cameron A Sprague /20220902_215432.jpg,20220902_215432.jpg,.jpg,2022:09:02 21:54:32,2022:09:02 21:54:32,"0 deg 0' 0.00"" N","0 deg 0' 0.00"" E",samsung,SM-G955U,JPEG
/home/rich/Pictures/My buddy Cameron A Sprague -1-001/My buddy Cameron A Sprague /FB_IMG_1542252984820.jpg,FB_IMG_1542252984820.jpg,.jpg,,,,,,,JPEG
/home/rich/Pictures/My buddy Cameron A Sprague -1-001/My buddy Cameron A Sprague /FB_IMG_1542253011424.jpg,FB_IMG_1542253011424.jpg,.jpg,,,,,,,JPEG
/home/rich/Pictures/My buddy Cameron A Sprague -1-001/My buddy Cameron A Sprague /FB_IMG_1542253015546.jpg,FB_IMG_1542253015546.jpg,.jpg,,,,,,,JPEG
/home/rich/Pictures/My buddy Cameron A Sprague -1-001/My buddy Cameron A Sprague /FB_IMG_1542253027383.jpg,FB_IMG_1542253027383.jpg,.jpg,,,,,,,JPEG
/home/rich/Pictures/My buddy Cameron A Sprague -1-001/My buddy Cameron A Sprague /FB_IMG_1542253032233.jpg,FB_IMG_1542253032233.jpg,.jpg,,,,,,,JPEG
/home/rich/Pictures/My buddy Cameron A Sprague -1-001/My buddy Cameron A Sprague /FB_IMG_1542253035617.jpg,FB_IMG_1542253035617.jpg,.jpg,,,,,,,JPEG
/home/rich/Pictures/My buddy Cameron A Sprague -1-001/My buddy Cameron A Sprague /FB_IMG_1542253040590.jpg,FB_IMG_1542253040590.jpg,.jpg,,,,,,,JPEG
/home/rich/Pictures/My buddy Cameron A Sprague -1-001/My buddy Cameron A Sprague /FB_IMG_1542253044435.jpg,FB_IMG_1542253044435.jpg,.jpg,,,,,,,JPEG
/home/rich/Pictures/My buddy Cameron A Sprague -1-001/My buddy Cameron A Sprague /FB_IMG_1542253048037.jpg,FB_IMG_1542253048037.jpg,.jpg,,,,,,,JPEG
/home/rich/Pictures/My buddy Cameron A Sprague -1-001/My buddy Cameron A Sprague /FB_IMG_1542253053920.jpg,FB_IMG_1542253053920.jpg,.jpg,,,,,,,JPEG
/home/rich/Pictures/My buddy Cameron A Sprague -1-001/My buddy Cameron A Sprague /FB_IMG_1567973819601.jpg,FB_IMG_1567973819601.jpg,.jpg,,,,,,,JPEG
/home/rich/Pictures/My buddy Cameron A Sprague -1-001/My buddy Cameron A Sprague /FB_IMG_1590000114128.jpg,FB_IMG_1590000114128.jpg,.jpg,,,,,,,JPEG
/home/rich/Pictures/My buddy Cameron A Sprague -1-001/My buddy Cameron A Sprague /FB_IMG_1590000268597.jpg,FB_IMG_1590000268597.jpg,.jpg,,,,,,,JPEG
/home/rich/Pictures/My buddy Cameron A Sprague -1-001/My buddy Cameron A Sprague /FB_IMG_1591051528286.jpg,FB_IMG_1591051528286.jpg,.jpg,,,,,,,JPEG
/home/rich/Pictures/My buddy Cameron A Sprague -1-001/My buddy Cameron A Sprague /FB_IMG_1602743430419.jpg,FB_IMG_1602743430419.jpg,.jpg,,,,,,,JPEG
/home/rich/Pictures/My buddy Cameron A Sprague -1-001/My buddy Cameron A Sprague /FB_IMG_1602743473581.jpg,FB_IMG_1602743473581.jpg,.jpg,,,,,,,JPEG
/home/rich/Pictures/My buddy Cameron A Sprague -1-001/My buddy Cameron A Sprague /FB_IMG_1602743478033.jpg,FB_IMG_1602743478033.jpg,.jpg,,,,,,,JPEG
/home/rich/Pictures/My buddy Cameron A Sprague -1-001/My buddy Cameron A Sprague /FB_IMG_1602743499066.jpg,FB_IMG_1602743499066.jpg,.jpg,,,,,,,JPEG
/home/rich/Pictures/My buddy Cameron A Sprague -1-001/My buddy Cameron A Sprague /FB_IMG_1602743608061.jpg,FB_IMG_1602743608061.jpg,.jpg,,,,,,,JPEG
/home/rich/Pictures/My buddy Cameron A Sprague -1-001/My buddy Cameron A Sprague /FB_IMG_1602743680651.jpg,FB_IMG_1602743680651.jpg,.jpg,,,,,,,JPEG
/home/rich/Pictures/My buddy Cameron A Sprague -1-001/My buddy Cameron A Sprague /FB_IMG_1602743778363.jpg,FB_IMG_1602743778363.jpg,.jpg,,,,,,,JPEG
/home/rich/Pictures/My buddy Cameron A Sprague -1-001/My buddy Cameron A Sprague /FB_IMG_1602743784379.jpg,FB_IMG_1602743784379.jpg,.jpg,,,,,,,JPEG
/home/rich/Pictures/My buddy Cameron A Sprague -1-001/My buddy Cameron A Sprague /FB_IMG_1602743851211.jpg,FB_IMG_1602743851211.jpg,.jpg,,,,,,,JPEG
/home/rich/Pictures/My buddy Cameron A Sprague -1-001/My buddy Cameron A Sprague /FB_IMG_1602743860137.jpg,FB_IMG_1602743860137.jpg,.jpg,,,,,,,JPEG
/home/rich/Pictures/My buddy Cameron A Sprague -1-001/My buddy Cameron A Sprague /FB_IMG_1602743864670.jpg,FB_IMG_1602743864670.jpg,.jpg,,,,,,,JPEG
/home/rich/Pictures/My buddy Cameron A Sprague -1-001/My buddy Cameron A Sprague /FB_IMG_1602743947641.jpg,FB_IMG_1602743947641.jpg,.jpg,,,,,,,JPEG
/home/rich/Pictures/My buddy Cameron A Sprague -1-001/My buddy Cameron A Sprague /FB_IMG_1602743951107.jpg,FB_IMG_1602743951107.jpg,.jpg,,,,,,,JPEG
/home/rich/Pictures/My buddy Cameron A Sprague -1-001/My buddy Cameron A Sprague /FB_IMG_1602743962424.jpg,FB_IMG_1602743962424.jpg,.jpg,,,,,,,JPEG
/home/rich/Pictures/My buddy Cameron A Sprague -1-001/My buddy Cameron A Sprague /FB_IMG_1602743967533.jpg,FB_IMG_1602743967533.jpg,.jpg,,,,,,,JPEG
/home/rich/Pictures/My buddy Cameron A Sprague -1-001/My buddy Cameron A Sprague /FB_IMG_1602744128719.jpg,FB_IMG_1602744128719.jpg,.jpg,,,,,,,JPEG
/home/rich/Pictures/My buddy Cameron A Sprague -1-001/My buddy Cameron A Sprague /FB_IMG_1602744151385.jpg,FB_IMG_1602744151385.jpg,.jpg,,,,,,,JPEG
/home/rich/Pictures/My buddy Cameron A Sprague -1-001/My buddy Cameron A Sprague /FB_IMG_1613524413900.jpg,FB_IMG_1613524413900.jpg,.jpg,,,,,,,JPEG
/home/rich/Pictures/My buddy Cameron A Sprague -1-001/My buddy Cameron A Sprague /FB_IMG_1637896081492.jpg,FB_IMG_1637896081492.jpg,.jpg,,,,,,,JPEG
/home/rich/Pictures/My buddy Cameron A Sprague -1-001/My buddy Cameron A Sprague /FB_IMG_1637896096573.jpg,FB_IMG_1637896096573.jpg,.jpg,,,,,,,JPEG
/home/rich/Pictures/My buddy Cameron A Sprague -1-001/My buddy Cameron A Sprague /FB_IMG_1637896107263.jpg,FB_IMG_1637896107263.jpg,.jpg,,,,,,,JPEG
/home/rich/Pictures/My buddy Cameron A Sprague -1-001/My buddy Cameron A Sprague /FB_IMG_1637896125861.jpg,FB_IMG_1637896125861.jpg,.jpg,,,,,,,JPEG
/home/rich/Pictures/My buddy Cameron A Sprague -1-001/My buddy Cameron A Sprague /FB_IMG_1637909927729.jpg,FB_IMG_1637909927729.jpg,.jpg,,,,,,,JPEG
/home/rich/Pictures/My buddy Cameron A Sprague -1-001/My buddy Cameron A Sprague /FB_IMG_1637909954929.jpg,FB_IMG_1637909954929.jpg,.jpg,,,,,,,JPEG
/home/rich/Pictures/My buddy Cameron A Sprague -1-001/My buddy Cameron A Sprague /IMG_20170919_223945.jpg,IMG_20170919_223945.jpg,.jpg,2017:09:19 22:39:46,2017:09:19 22:39:46,,,TCL,A466BG,JPEG
/home/rich/Pictures/My buddy Cameron A Sprague -1-001/My buddy Cameron A Sprague /IMG_20180227_200513.jpg,IMG_20180227_200513.jpg,.jpg,2018:02:27 15:48:03,2018:02:27 15:48:03,"41 deg 4' 10.51"" N","86 deg 11' 34.05"" W",TCL,Alcatel_5044R,JPEG
/home/rich/Pictures/My buddy Cameron A Sprague -1-001/My buddy Cameron A Sprague /IMG_20180227_204830.jpg,IMG_20180227_204830.jpg,.jpg,2018:02:27 15:48:30,2018:02:27 15:48:30,"41 deg 4' 13.56"" N","86 deg 11' 34.79"" W",TCL,Alcatel_5044R,JPEG
/home/rich/Pictures/My buddy Cameron A Sprague -1-001/My buddy Cameron A Sprague /IMG_20180309_141757.jpg,IMG_20180309_141757.jpg,.jpg,2018:03:09 14:16:19,2018:03:09 14:16:19,"41 deg 3' 10.37"" N","86 deg 9' 30.73"" W",TCL,Alcatel_5044R,JPEG
/home/rich/Pictures/My buddy Cameron A Sprague -1-001/My buddy Cameron A Sprague /IMG_20180324_184411.jpg,IMG_20180324_184411.jpg,.jpg,2018:03:24 18:44:11,2018:03:24 18:44:11,"41 deg 3' 15.11"" N","86 deg 9' 36.77"" W",TCL,Alcatel_5044R,JPEG
/home/rich/Pictures/My buddy Cameron A Sprague -1-001/My buddy Cameron A Sprague /IMG_20180324_184415.jpg,IMG_20180324_184415.jpg,.jpg,2018:03:24 18:44:15,2018:03:24 18:44:15,"41 deg 3' 15.11"" N","86 deg 9' 36.77"" W",TCL,Alcatel_5044R,JPEG
/home/rich/Pictures/My buddy Cameron A Sprague -1-001/My buddy Cameron A Sprague /IMG_20180330_172551.jpg,IMG_20180330_172551.jpg,.jpg,2018:03:30 17:25:52,2018:03:30 17:25:52,"41 deg 3' 15.17"" N","86 deg 9' 37.28"" W",TCL,Alcatel_5044R,JPEG
/home/rich/Pictures/My buddy Cameron A Sprague -1-001/My buddy Cameron A Sprague /IMG_20180401_111657.jpg,IMG_20180401_111657.jpg,.jpg,2018:04:01 11:16:58,2018:04:01 11:16:58,"41 deg 3' 41.24"" N","86 deg 11' 22.51"" W",TCL,Alcatel_5044R,JPEG
/home/rich/Pictures/My buddy Cameron A Sprague -1-001/My buddy Cameron A Sprague /IMG_20180401_120429.jpg,IMG_20180401_120429.jpg,.jpg,2018:04:01 12:04:33,2018:04:01 12:04:33,,,TCL,Alcatel_5044R,JPEG
/home/rich/Pictures/My buddy Cameron A Sprague -1-001/My buddy Cameron A Sprague /IMG_20180401_120459.jpg,IMG_20180401_120459.jpg,.jpg,2018:04:01 12:05:00,2018:04:01 12:05:00,"41 deg 3' 15.61"" N","86 deg 9' 37.41"" W",TCL,Alcatel_5044R,JPEG
/home/rich/Pictures/My buddy Cameron A Sprague -1-001/My buddy Cameron A Sprague /IMG_20180401_120828.jpg,IMG_20180401_120828.jpg,.jpg,2018:04:01 12:08:31,2018:04:01 12:08:31,,,TCL,Alcatel_5044R,JPEG
/home/rich/Pictures/My buddy Cameron A Sprague -1-001/My buddy Cameron A Sprague /IMG_20180401_120845.jpg,IMG_20180401_120845.jpg,.jpg,2018:04:01 12:08:45,2018:04:01 12:08:45,"41 deg 3' 15.63"" N","86 deg 9' 37.40"" W",TCL,Alcatel_5044R,JPEG
/home/rich/Pictures/My buddy Cameron A Sprague -1-001/My buddy Cameron A Sprague /IMG_20180401_122317.jpg,IMG_20180401_122317.jpg,.jpg,2018:04:01 12:23:18,2018:04:01 12:23:18,"41 deg 3' 15.62"" N","86 deg 9' 37.40"" W",TCL,Alcatel_5044R,JPEG
/home/rich/Pictures/My buddy Cameron A Sprague -1-001/My buddy Cameron A Sprague /IMG_20180402_144739.jpg,IMG_20180402_144739.jpg,.jpg,2018:04:02 14:47:40,2018:04:02 14:47:40,"41 deg 4' 9.30"" N","86 deg 18' 11.82"" W",TCL,Alcatel_5044R,JPEG
/home/rich/Pictures/My buddy Cameron A Sprague -1-001/My buddy Cameron A Sprague /IMG_20180418_234835.jpg,IMG_20180418_234835.jpg,.jpg,2018:04:18 23:48:39,2018:04:18 23:48:39,,,TCL,Alcatel_5044R,JPEG
/home/rich/Pictures/My buddy Cameron A Sprague -1-001/My buddy Cameron A Sprague /IMG_20180418_234844.jpg,IMG_20180418_234844.jpg,.jpg,2018:04:18 23:48:49,2018:04:18 23:48:49,,,TCL,Alcatel_5044R,JPEG
/home/rich/Pictures/My buddy Cameron A Sprague -1-001/My buddy Cameron A Sprague /IMG_20180418_234857.jpg,IMG_20180418_234857.jpg,.jpg,2018:04:18 23:49:02,2018:04:18 23:49:02,,,TCL,Alcatel_5044R,JPEG
/home/rich/Pictures/My buddy Cameron A Sprague -1-001/My buddy Cameron A Sprague /IMG_20180418_234904.jpg,IMG_20180418_234904.jpg,.jpg,2018:04:18 23:49:08,2018:04:18 23:49:08,,,TCL,Alcatel_5044R,JPEG
/home/rich/Pictures/My buddy Cameron A Sprague -1-001/My buddy Cameron A Sprague /IMG_20180418_234917.jpg,IMG_20180418_234917.jpg,.jpg,2018:04:18 23:49:21,2018:04:18 23:49:21,,,TCL,Alcatel_5044R,JPEG
/home/rich/Pictures/My buddy Cameron A Sprague -1-001/My buddy Cameron A Sprague /IMG_20180418_234926.jpg,IMG_20180418_234926.jpg,.jpg,2018:04:18 23:49:31,2018:04:18 23:49:31,,,TCL,Alcatel_5044R,JPEG
/home/rich/Pictures/My buddy Cameron A Sprague -1-001/My buddy Cameron A Sprague /IMG_20180419_004304.jpg,IMG_20180419_004304.jpg,.jpg,2018:04:19 00:43:05,2018:04:19 00:43:05,,,TCL,Alcatel_5044R,JPEG
/home/rich/Pictures/My buddy Cameron A Sprague -1-001/My buddy Cameron A Sprague /IMG_20180419_004321.jpg,IMG_20180419_004321.jpg,.jpg,2018:04:19 00:43:22,2018:04:19 00:43:22,,,TCL,Alcatel_5044R,JPEG
/home/rich/Pictures/My buddy Cameron A Sprague -1-001/My buddy Cameron A Sprague /IMG_20180419_004333.jpg,IMG_20180419_004333.jpg,.jpg,2018:04:19 00:43:34,2018:04:19 00:43:34,,,TCL,Alcatel_5044R,JPEG
/home/rich/Pictures/My buddy Cameron A Sprague -1-001/My buddy Cameron A Sprague /IMG_20180419_004355.jpg,IMG_20180419_004355.jpg,.jpg,2018:04:19 00:43:56,2018:04:19 00:43:56,,,TCL,Alcatel_5044R,JPEG
/home/rich/Pictures/My buddy Cameron A Sprague -1-001/My buddy Cameron A Sprague /IMG_20180419_184513.jpg,IMG_20180419_184513.jpg,.jpg,2018:04:19 18:45:14,2018:04:19 18:45:14,,,TCL,Alcatel_5044R,JPEG
/home/rich/Pictures/My buddy Cameron A Sprague -1-001/My buddy Cameron A Sprague /IMG_20180424_135341.jpg,IMG_20180424_135341.jpg,.jpg,2018:04:24 13:53:41,2018:04:24 13:53:41,,,TCL,Alcatel_5044R,JPEG
/home/rich/Pictures/My buddy Cameron A Sprague -1-001/My buddy Cameron A Sprague /IMG_20180424_135406.jpg,IMG_20180424_135406.jpg,.jpg,2018:04:24 13:54:07,2018:04:24 13:54:07,,,TCL,Alcatel_5044R,JPEG
/home/rich/Pictures/My buddy Cameron A Sprague -1-001/My buddy Cameron A Sprague /IMG_20180424_135412.jpg,IMG_20180424_135412.jpg,.jpg,2018:04:24 13:54:12,2018:04:24 13:54:12,,,TCL,Alcatel_5044R,JPEG
/home/rich/Pictures/My buddy Cameron A Sprague -1-001/My buddy Cameron A Sprague /IMG_20180424_135416.jpg,IMG_20180424_135416.jpg,.jpg,2018:04:24 13:54:17,2018:04:24 13:54:17,,,TCL,Alcatel_5044R,JPEG
/home/rich/Pictures/My buddy Cameron A Sprague -1-001/My buddy Cameron A Sprague /IMG_20180426_163305.jpg,IMG_20180426_163305.jpg,.jpg,2018:04:26 16:33:07,2018:04:26 16:33:07,,,TCL,Alcatel_5044R,JPEG
/home/rich/Pictures/My buddy Cameron A Sprague -1-001/My buddy Cameron A Sprague /IMG_20180517_163821.jpg,IMG_20180517_163821.jpg,.jpg,2018:05:17 16:38:22,2018:05:17 16:38:22,,,TCL,Alcatel_5044R,JPEG
/home/rich/Pictures/My buddy Cameron A Sprague -1-001/My buddy Cameron A Sprague /IMG_20180517_163823.jpg,IMG_20180517_163823.jpg,.jpg,2018:05:17 16:38:24,2018:05:17 16:38:24,,,TCL,Alcatel_5044R,JPEG
/home/rich/Pictures/My buddy Cameron A Sprague -1-001/My buddy Cameron A Sprague /IMG_20180517_163834.jpg,IMG_20180517_163834.jpg,.jpg,2018:05:17 16:38:35,2018:05:17 16:38:35,,,TCL,Alcatel_5044R,JPEG
/home/rich/Pictures/My buddy Cameron A Sprague -1-001/My buddy Cameron A Sprague /IMG_20180517_163838.jpg,IMG_20180517_163838.jpg,.jpg,2018:05:17 16:38:39,2018:05:17 16:38:39,,,TCL,Alcatel_5044R,JPEG
/home/rich/Pictures/My buddy Cameron A Sprague -1-001/My buddy Cameron A Sprague /IMG_20180517_163845.jpg,IMG_20180517_163845.jpg,.jpg,2018:05:17 16:38:47,2018:05:17 16:38:47,,,TCL,Alcatel_5044R,JPEG
/home/rich/Pictures/My buddy Cameron A Sprague -1-001/My buddy Cameron A Sprague /IMG_20180517_163901.jpg,IMG_20180517_163901.jpg,.jpg,2018:05:17 16:39:02,2018:05:17 16:39:02,,,TCL,Alcatel_5044R,JPEG
/home/rich/Pictures/My buddy Cameron A Sprague -1-001/My buddy Cameron A Sprague /IMG_20180517_164945.jpg,IMG_20180517_164945.jpg,.jpg,2018:05:17 16:49:46,2018:05:17 16:49:46,,,TCL,Alcatel_5044R,JPEG
/home/rich/Pictures/My buddy Cameron A Sprague -1-001/My buddy Cameron A Sprague /IMG_20180517_165001.jpg,IMG_20180517_165001.jpg,.jpg,2018:05:17 16:50:03,2018:05:17 16:50:03,,,TCL,Alcatel_5044R,JPEG
/home/rich/Pictures/My buddy Cameron A Sprague -1-001/My buddy Cameron A Sprague /IMG_20180520_103917.jpg,IMG_20180520_103917.jpg,.jpg,2018:05:20 10:39:18,2018:05:20 10:39:18,,,TCL,Alcatel_5044R,JPEG
/home/rich/Pictures/My buddy Cameron A Sprague -1-001/My buddy Cameron A Sprague /IMG_20180529_142354.jpg,IMG_20180529_142354.jpg,.jpg,2018:05:29 14:23:55,2018:05:29 14:23:55,,,TCL,Alcatel_5044R,JPEG
/home/rich/Pictures/My buddy Cameron A Sprague -1-001/My buddy Cameron A Sprague /IMG_20191226_094004.jpg,IMG_20191226_094004.jpg,.jpg,2019:12:26 09:40:05,2019:12:26 09:40:05,,,Alcatel,5041C,JPEG
/home/rich/Pictures/My buddy Cameron A Sprague -1-001/My buddy Cameron A Sprague /IMG_20191226_094022.jpg,IMG_20191226_094022.jpg,.jpg,2019:12:26 09:40:22,2019:12:26 09:40:22,,,Alcatel,5041C,JPEG
/home/rich/Pictures/My buddy Cameron A Sprague -1-001/My buddy Cameron A Sprague /IMG_20191226_094039.jpg,IMG_20191226_094039.jpg,.jpg,2019:12:26 09:40:40,2019:12:26 09:40:40,,,Alcatel,5041C,JPEG
/home/rich/Pictures/My buddy Cameron A Sprague -1-001/My buddy Cameron A Sprague /IMG_20200220_194948.jpg,IMG_20200220_194948.jpg,.jpg,2020:02:20 19:49:49,2020:02:20 19:49:49,,,Alcatel,5041C,JPEG
/home/rich/Pictures/My buddy Cameron A Sprague -1-001/My buddy Cameron A Sprague /IMG_20200220_194956.jpg,IMG_20200220_194956.jpg,.jpg,2020:02:20 19:49:56,2020:02:20 19:49:56,,,Alcatel,5041C,JPEG
/home/rich/Pictures/My buddy Cameron A Sprague -1-001/My buddy Cameron A Sprague /IMG_20200305_193147.jpg,IMG_20200305_193147.jpg,.jpg,2020:03:05 19:31:47,2020:03:05 19:31:47,,,Alcatel,5041C,JPEG
/home/rich/Pictures/My buddy Cameron A Sprague -1-001/My buddy Cameron A Sprague /IMG_20200305_193158.jpg,IMG_20200305_193158.jpg,.jpg,2020:03:05 19:31:59,2020:03:05 19:31:59,,,Alcatel,5041C,JPEG
/home/rich/Pictures/My buddy Cameron A Sprague -1-001/My buddy Cameron A Sprague /IMG_20200305_193349.jpg,IMG_20200305_193349.jpg,.jpg,2020:03:05 19:33:50,2020:03:05 19:33:50,,,Alcatel,5041C,JPEG
/home/rich/Pictures/My buddy Cameron A Sprague -1-001/My buddy Cameron A Sprague /IMG_20200312_190324.jpg,IMG_20200312_190324.jpg,.jpg,2020:03:12 19:03:25,2020:03:12 19:03:25,,,Alcatel,5041C,JPEG
/home/rich/Pictures/My buddy Cameron A Sprague -1-001/My buddy Cameron A Sprague /IMG_20200312_190333.jpg,IMG_20200312_190333.jpg,.jpg,2020:03:12 19:03:33,2020:03:12 19:03:33,,,Alcatel,5041C,JPEG
/home/rich/Pictures/My buddy Cameron A Sprague -1-001/My buddy Cameron A Sprague /IMG_20200312_190334.jpg,IMG_20200312_190334.jpg,.jpg,2020:03:12 19:03:35,2020:03:12 19:03:35,,,Alcatel,5041C,JPEG
/home/rich/Pictures/My buddy Cameron A Sprague -1-001/My buddy Cameron A Sprague /IMG_20200312_190335.jpg,IMG_20200312_190335.jpg,.jpg,2020:03:12 19:03:35,2020:03:12 19:03:35,,,Alcatel,5041C,JPEG
/home/rich/Pictures/My buddy Cameron A Sprague -1-001/My buddy Cameron A Sprague /IMG_20200312_190336.jpg,IMG_20200312_190336.jpg,.jpg,2020:03:12 19:03:36,2020:03:12 19:03:36,,,Alcatel,5041C,JPEG
/home/rich/Pictures/My buddy Cameron A Sprague -1-001/My buddy Cameron A Sprague /IMG_20200312_190336_1.jpg,IMG_20200312_190336_1.jpg,.jpg,2020:03:12 19:03:36,2020:03:12 19:03:36,,,Alcatel,5041C,JPEG
/home/rich/Pictures/My buddy Cameron A Sprague -1-001/My buddy Cameron A Sprague /IMG_20200325_171532.jpg,IMG_20200325_171532.jpg,.jpg,2020:03:25 17:15:34,2020:03:25 17:15:34,,,Alcatel,5041C,JPEG
/home/rich/Pictures/My buddy Cameron A Sprague -1-001/My buddy Cameron A Sprague /IMG_20200325_171547.jpg,IMG_20200325_171547.jpg,.jpg,2020:03:25 17:15:47,2020:03:25 17:15:47,,,Alcatel,5041C,JPEG
/home/rich/Pictures/My buddy Cameron A Sprague -1-001/My buddy Cameron A Sprague /IMG_20200325_174237.jpg,IMG_20200325_174237.jpg,.jpg,2020:03:25 17:42:38,2020:03:25 17:42:38,,,Alcatel,5041C,JPEG
/home/rich/Pictures/My buddy Cameron A Sprague -1-001/My buddy Cameron A Sprague /IMG_20200325_174428.jpg,IMG_20200325_174428.jpg,.jpg,2020:03:25 17:44:29,2020:03:25 17:44:29,,,Alcatel,5041C,JPEG
/home/rich/Pictures/My buddy Cameron A Sprague -1-001/My buddy Cameron A Sprague /IMG_20200325_175401.jpg,IMG_20200325_175401.jpg,.jpg,2020:03:25 17:54:02,2020:03:25 17:54:02,,,Alcatel,5041C,JPEG
/home/rich/Pictures/My buddy Cameron A Sprague -1-001/My buddy Cameron A Sprague /IMG_20200325_175638.jpg,IMG_20200325_175638.jpg,.jpg,2020:03:25 17:56:39,2020:03:25 17:56:39,,,Alcatel,5041C,JPEG
/home/rich/Pictures/My buddy Cameron A Sprague -1-001/My buddy Cameron A Sprague /IMG_20200325_175645.jpg,IMG_20200325_175645.jpg,.jpg,2020:03:25 17:56:46,2020:03:25 17:56:46,,,Alcatel,5041C,JPEG
/home/rich/Pictures/My buddy Cameron A Sprague -1-001/My buddy Cameron A Sprague /IMG_20200325_175651.jpg,IMG_20200325_175651.jpg,.jpg,2020:03:25 17:56:52,2020:03:25 17:56:52,,,Alcatel,5041C,JPEG
/home/rich/Pictures/My buddy Cameron A Sprague -1-001/My buddy Cameron A Sprague /IMG_20200325_175733.jpg,IMG_20200325_175733.jpg,.jpg,2020:03:25 17:57:33,2020:03:25 17:57:33,,,Alcatel,5041C,JPEG
/home/rich/Pictures/My buddy Cameron A Sprague -1-001/My buddy Cameron A Sprague /IMG_20200325_180321.jpg,IMG_20200325_180321.jpg,.jpg,2020:03:25 18:03:22,2020:03:25 18:03:22,,,Alcatel,5041C,JPEG
/home/rich/Pictures/My buddy Cameron A Sprague -1-001/My buddy Cameron A Sprague /IMG_20200418_182915.jpg,IMG_20200418_182915.jpg,.jpg,2020:04:18 18:29:17,2020:04:18 18:29:17,,,Alcatel,5041C,JPEG
/home/rich/Pictures/My buddy Cameron A Sprague -1-001/My buddy Cameron A Sprague /IMG_20200418_182949.jpg,IMG_20200418_182949.jpg,.jpg,2020:04:18 18:29:50,2020:04:18 18:29:50,,,Alcatel,5041C,JPEG
/home/rich/Pictures/My buddy Cameron A Sprague -1-001/My buddy Cameron A Sprague /IMG_20200419_110940.jpg,IMG_20200419_110940.jpg,.jpg,2020:04:19 11:09:42,2020:04:19 11:09:42,,,Alcatel,5041C,JPEG
/home/rich/Pictures/My buddy Cameron A Sprague -1-001/My buddy Cameron A Sprague /IMG_20200419_111016.jpg,IMG_20200419_111016.jpg,.jpg,2020:04:19 11:10:18,2020:04:19 11:10:18,,,Alcatel,5041C,JPEG
/home/rich/Pictures/My buddy Cameron A Sprague -1-001/My buddy Cameron A Sprague /IMG_20200419_111045.jpg,IMG_20200419_111045.jpg,.jpg,2020:04:19 11:10:46,2020:04:19 11:10:46,,,Alcatel,5041C,JPEG
/home/rich/Pictures/My buddy Cameron A Sprague -1-001/My buddy Cameron A Sprague /IMG_20200419_111123.jpg,IMG_20200419_111123.jpg,.jpg,2020:04:19 11:11:24,2020:04:19 11:11:24,,,Alcatel,5041C,JPEG
/home/rich/Pictures/My buddy Cameron A Sprague -1-001/My buddy Cameron A Sprague /IMG_20200419_111159.jpg,IMG_20200419_111159.jpg,.jpg,2020:04:19 11:12:01,2020:04:19 11:12:01,,,Alcatel,5041C,JPEG
/home/rich/Pictures/My buddy Cameron A Sprague -1-001/My buddy Cameron A Sprague /IMG_20200419_111221.jpg,IMG_20200419_111221.jpg,.jpg,2020:04:19 11:12:23,2020:04:19 11:12:23,,,Alcatel,5041C,JPEG
/home/rich/Pictures/My buddy Cameron A Sprague -1-001/My buddy Cameron A Sprague /IMG_20200419_111431.jpg,IMG_20200419_111431.jpg,.jpg,2020:04:19 11:14:34,2020:04:19 11:14:34,,,Alcatel,5041C,JPEG
/home/rich/Pictures/My buddy Cameron A Sprague -1-001/My buddy Cameron A Sprague /IMG_20200419_124740.jpg,IMG_20200419_124740.jpg,.jpg,2020:04:19 12:47:42,2020:04:19 12:47:42,,,Alcatel,5041C,JPEG
/home/rich/Pictures/My buddy Cameron A Sprague -1-001/My buddy Cameron A Sprague /IMG_20200419_124745.jpg,IMG_20200419_124745.jpg,.jpg,2020:04:19 12:47:47,2020:04:19 12:47:47,,,Alcatel,5041C,JPEG
/home/rich/Pictures/My princess Aileana M Sprague -1-001/My princess Aileana M Sprague /20200921_113129.jpg,20200921_113129.jpg,.jpg,2020:09:21 11:31:28,2020:09:21 11:31:28,"40 deg 47' 39.93"" N","85 deg 49' 32.96"" W",LGE,LM-Q730,JPEG
/home/rich/Pictures/My princess Aileana M Sprague -1-001/My princess Aileana M Sprague /20200921_113130.jpg,20200921_113130.jpg,.jpg,2020:09:21 11:31:30,2020:09:21 11:31:30,"40 deg 47' 39.93"" N","85 deg 49' 33.01"" W",LGE,LM-Q730,JPEG
/home/rich/Pictures/My princess Aileana M Sprague -1-001/My princess Aileana M Sprague /20200921_114524_HDR.jpg,20200921_114524_HDR.jpg,.jpg,2020:09:21 11:45:24,2020:09:21 11:45:24,"40 deg 47' 39.93"" N","85 deg 49' 32.98"" W",LGE,LM-Q730,JPEG
/home/rich/Pictures/My princess Aileana M Sprague -1-001/My princess Aileana M Sprague /20200921_114528_HDR.jpg,20200921_114528_HDR.jpg,.jpg,2020:09:21 11:45:28,2020:09:21 11:45:28,"40 deg 47' 39.91"" N","85 deg 49' 33.04"" W",LGE,LM-Q730,JPEG
/home/rich/Pictures/My princess Aileana M Sprague -1-001/My princess Aileana M Sprague /20200921_114535_HDR.jpg,20200921_114535_HDR.jpg,.jpg,2020:09:21 11:45:35,2020:09:21 11:45:35,"40 deg 47' 40.02"" N","85 deg 49' 33.15"" W",LGE,LM-Q730,JPEG
/home/rich/Pictures/My princess Aileana M Sprague -1-001/My princess Aileana M Sprague /20200921_114538_HDR.jpg,20200921_114538_HDR.jpg,.jpg,2020:09:21 11:45:38,2020:09:21 11:45:38,"40 deg 47' 40.07"" N","85 deg 49' 33.20"" W",LGE,LM-Q730,JPEG
/home/rich/Pictures/My princess Aileana M Sprague -1-001/My princess Aileana M Sprague /20200921_114734_HDR.jpg,20200921_114734_HDR.jpg,.jpg,2020:09:21 11:47:34,2020:09:21 11:47:34,"40 deg 47' 39.91"" N","85 deg 49' 33.07"" W",LGE,LM-Q730,JPEG
/home/rich/Pictures/My princess Aileana M Sprague -1-001/My princess Aileana M Sprague /20200924_145300_HDR.jpg,20200924_145300_HDR.jpg,.jpg,2020:09:24 14:53:00,2020:09:24 14:53:00,"41 deg 3' 40.80"" N","86 deg 13' 30.60"" W",LGE,LM-Q730,JPEG
/home/rich/Pictures/My princess Aileana M Sprague -1-001/My princess Aileana M Sprague /20200924_145350_HDR.jpg,20200924_145350_HDR.jpg,.jpg,2020:09:24 14:53:50,2020:09:24 14:53:50,"41 deg 3' 40.62"" N","86 deg 13' 29.55"" W",LGE,LM-Q730,JPEG
/home/rich/Pictures/My princess Aileana M Sprague -1-001/My princess Aileana M Sprague /20200924_145743_HDR.jpg,20200924_145743_HDR.jpg,.jpg,2020:09:24 14:57:43,2020:09:24 14:57:43,"41 deg 3' 41.29"" N","86 deg 13' 28.43"" W",LGE,LM-Q730,JPEG
/home/rich/Pictures/My princess Aileana M Sprague -1-001/My princess Aileana M Sprague /20200924_145746_HDR.jpg,20200924_145746_HDR.jpg,.jpg,2020:09:24 14:57:46,2020:09:24 14:57:46,"41 deg 3' 41.26"" N","86 deg 13' 28.40"" W",LGE,LM-Q730,JPEG
/home/rich/Pictures/My princess Aileana M Sprague -1-001/My princess Aileana M Sprague /20200924_145747_HDR.jpg,20200924_145747_HDR.jpg,.jpg,2020:09:24 14:57:47,2020:09:24 14:57:47,"41 deg 3' 41.26"" N","86 deg 13' 28.43"" W",LGE,LM-Q730,JPEG
/home/rich/Pictures/My princess Aileana M Sprague -1-001/My princess Aileana M Sprague /20200924_145928_HDR.jpg,20200924_145928_HDR.jpg,.jpg,2020:09:24 14:59:28,2020:09:24 14:59:28,"41 deg 3' 40.96"" N","86 deg 13' 29.61"" W",LGE,LM-Q730,JPEG
/home/rich/Pictures/My princess Aileana M Sprague -1-001/My princess Aileana M Sprague /20200924_145933_HDR.jpg,20200924_145933_HDR.jpg,.jpg,2020:09:24 14:59:33,2020:09:24 14:59:33,"41 deg 3' 40.96"" N","86 deg 13' 29.50"" W",LGE,LM-Q730,JPEG
/home/rich/Pictures/My princess Aileana M Sprague -1-001/My princess Aileana M Sprague /20200924_145939_HDR.jpg,20200924_145939_HDR.jpg,.jpg,2020:09:24 14:59:39,2020:09:24 14:59:39,"41 deg 3' 40.96"" N","86 deg 13' 29.47"" W",LGE,LM-Q730,JPEG
/home/rich/Pictures/My princess Aileana M Sprague -1-001/My princess Aileana M Sprague /20200924_145940_HDR.jpg,20200924_145940_HDR.jpg,.jpg,2020:09:24 14:59:40,2020:09:24 14:59:40,"41 deg 3' 40.96"" N","86 deg 13' 29.47"" W",LGE,LM-Q730,JPEG
/home/rich/Pictures/My princess Aileana M Sprague -1-001/My princess Aileana M Sprague /20200924_150414_HDR.jpg,20200924_150414_HDR.jpg,.jpg,2020:09:24 15:04:14,2020:09:24 15:04:14,"41 deg 3' 42.25"" N","86 deg 13' 28.48"" W",LGE,LM-Q730,JPEG
/home/rich/Pictures/My princess Aileana M Sprague -1-001/My princess Aileana M Sprague /20200924_150415_HDR.jpg,20200924_150415_HDR.jpg,.jpg,2020:09:24 15:04:14,2020:09:24 15:04:14,"41 deg 3' 42.25"" N","86 deg 13' 28.48"" W",LGE,LM-Q730,JPEG
/home/rich/Pictures/My princess Aileana M Sprague -1-001/My princess Aileana M Sprague /20200924_150422_HDR.jpg,20200924_150422_HDR.jpg,.jpg,2020:09:24 15:04:22,2020:09:24 15:04:22,"41 deg 3' 42.23"" N","86 deg 13' 28.54"" W",LGE,LM-Q730,JPEG
/home/rich/Pictures/My princess Aileana M Sprague -1-001/My princess Aileana M Sprague /20200924_150547_HDR.jpg,20200924_150547_HDR.jpg,.jpg,2020:09:24 15:05:47,2020:09:24 15:05:47,"41 deg 3' 41.96"" N","86 deg 13' 28.90"" W",LGE,LM-Q730,JPEG
/home/rich/Pictures/My princess Aileana M Sprague -1-001/My princess Aileana M Sprague /20200926_165122_HDR.jpg,20200926_165122_HDR.jpg,.jpg,2020:09:26 16:51:22,2020:09:26 16:51:22,,,LGE,LM-Q730,JPEG
/home/rich/Pictures/My princess Aileana M Sprague -1-001/My princess Aileana M Sprague /20200926_165129_HDR.jpg,20200926_165129_HDR.jpg,.jpg,2020:09:26 16:51:29,2020:09:26 16:51:29,,,LGE,LM-Q730,JPEG
/home/rich/Pictures/My princess Aileana M Sprague -1-001/My princess Aileana M Sprague /20200926_165144_HDR.jpg,20200926_165144_HDR.jpg,.jpg,2020:09:26 16:51:44,2020:09:26 16:51:44,,,LGE,LM-Q730,JPEG
/home/rich/Pictures/My princess Aileana M Sprague -1-001/My princess Aileana M Sprague /20200926_165152_HDR.jpg,20200926_165152_HDR.jpg,.jpg,2020:09:26 16:51:52,2020:09:26 16:51:52,,,LGE,LM-Q730,JPEG
/home/rich/Pictures/My princess Aileana M Sprague -1-001/My princess Aileana M Sprague /20200927_210305_HDR.jpg,20200927_210305_HDR.jpg,.jpg,2020:09:27 21:03:05,2020:09:27 21:03:05,,,LGE,LM-Q730,JPEG
/home/rich/Pictures/My princess Aileana M Sprague -1-001/My princess Aileana M Sprague /20200927_210315_HDR.jpg,20200927_210315_HDR.jpg,.jpg,2020:09:27 21:03:15,2020:09:27 21:03:15,,,LGE,LM-Q730,JPEG
/home/rich/Pictures/My princess Aileana M Sprague -1-001/My princess Aileana M Sprague /20201003_000955.jpg,20201003_000955.jpg,.jpg,2020:10:03 00:09:55,2020:10:03 00:09:55,"41 deg 3' 11.04"" N","86 deg 13' 38.21"" W",LGE,LM-Q730,JPEG
/home/rich/Pictures/My princess Aileana M Sprague -1-001/My princess Aileana M Sprague /20201003_001005.jpg,20201003_001005.jpg,.jpg,2020:10:03 00:10:05,2020:10:03 00:10:05,"41 deg 3' 11.09"" N","86 deg 13' 37.99"" W",LGE,LM-Q730,JPEG
/home/rich/Pictures/My princess Aileana M Sprague -1-001/My princess Aileana M Sprague /20201003_001018.jpg,20201003_001018.jpg,.jpg,2020:10:03 00:10:18,2020:10:03 00:10:18,"41 deg 3' 11.04"" N","86 deg 13' 38.01"" W",LGE,LM-Q730,JPEG
/home/rich/Pictures/My princess Aileana M Sprague -1-001/My princess Aileana M Sprague /20201012_225817.jpg,20201012_225817.jpg,.jpg,2020:10:12 22:58:17,2020:10:12 22:58:17,"41 deg 3' 11.08"" N","86 deg 13' 38.01"" W",LGE,LM-Q730,JPEG
/home/rich/Pictures/My princess Aileana M Sprague -1-001/My princess Aileana M Sprague /20201012_225821.jpg,20201012_225821.jpg,.jpg,2020:10:12 22:58:21,2020:10:12 22:58:21,"41 deg 3' 11.01"" N","86 deg 13' 38.01"" W",LGE,LM-Q730,JPEG
/home/rich/Pictures/My princess Aileana M Sprague -1-001/My princess Aileana M Sprague /20201012_225828.jpg,20201012_225828.jpg,.jpg,2020:10:12 22:58:27,2020:10:12 22:58:27,"41 deg 3' 10.98"" N","86 deg 13' 37.99"" W",LGE,LM-Q730,JPEG
/home/rich/Pictures/My princess Aileana M Sprague -1-001/My princess Aileana M Sprague /20201012_225830.jpg,20201012_225830.jpg,.jpg,2020:10:12 22:58:30,2020:10:12 22:58:30,"41 deg 3' 11.01"" N","86 deg 13' 37.96"" W",LGE,LM-Q730,JPEG
/home/rich/Pictures/My princess Aileana M Sprague -1-001/My princess Aileana M Sprague /20201012_225834.jpg,20201012_225834.jpg,.jpg,2020:10:12 22:58:34,2020:10:12 22:58:34,"41 deg 3' 11.00"" N","86 deg 13' 37.96"" W",LGE,LM-Q730,JPEG
/home/rich/Pictures/My princess Aileana M Sprague -1-001/My princess Aileana M Sprague /20201012_225839.jpg,20201012_225839.jpg,.jpg,2020:10:12 22:58:39,2020:10:12 22:58:39,"41 deg 3' 11.01"" N","86 deg 13' 37.99"" W",LGE,LM-Q730,JPEG
/home/rich/Pictures/My princess Aileana M Sprague -1-001/My princess Aileana M Sprague /20201012_225842.jpg,20201012_225842.jpg,.jpg,2020:10:12 22:58:42,2020:10:12 22:58:42,"41 deg 3' 11.04"" N","86 deg 13' 38.04"" W",LGE,LM-Q730,JPEG
/home/rich/Pictures/My princess Aileana M Sprague -1-001/My princess Aileana M Sprague /20201012_225845.jpg,20201012_225845.jpg,.jpg,2020:10:12 22:58:45,2020:10:12 22:58:45,"41 deg 3' 11.04"" N","86 deg 13' 38.10"" W",LGE,LM-Q730,JPEG
/home/rich/Pictures/My princess Aileana M Sprague -1-001/My princess Aileana M Sprague /20201012_225855.jpg,20201012_225855.jpg,.jpg,2020:10:12 22:58:55,2020:10:12 22:58:55,"41 deg 3' 11.12"" N","86 deg 13' 38.18"" W",LGE,LM-Q730,JPEG
/home/rich/Pictures/My princess Aileana M Sprague -1-001/My princess Aileana M Sprague /20201012_225859.jpg,20201012_225859.jpg,.jpg,2020:10:12 22:58:59,2020:10:12 22:58:59,"41 deg 3' 11.13"" N","86 deg 13' 38.18"" W",LGE,LM-Q730,JPEG
/home/rich/Pictures/My princess Aileana M Sprague -1-001/My princess Aileana M Sprague /20201012_225936.jpg,20201012_225936.jpg,.jpg,2020:10:12 22:59:36,2020:10:12 22:59:36,"41 deg 3' 11.08"" N","86 deg 13' 37.96"" W",LGE,LM-Q730,JPEG
/home/rich/Pictures/My princess Aileana M Sprague -1-001/My princess Aileana M Sprague /20201012_225941.jpg,20201012_225941.jpg,.jpg,2020:10:12 22:59:41,2020:10:12 22:59:41,"41 deg 3' 11.08"" N","86 deg 13' 37.96"" W",LGE,LM-Q730,JPEG
/home/rich/Pictures/My princess Aileana M Sprague -1-001/My princess Aileana M Sprague /20201012_225945.jpg,20201012_225945.jpg,.jpg,2020:10:12 22:59:45,2020:10:12 22:59:45,"41 deg 3' 11.08"" N","86 deg 13' 37.96"" W",LGE,LM-Q730,JPEG
/home/rich/Pictures/My princess Aileana M Sprague -1-001/My princess Aileana M Sprague /20201012_225949.jpg,20201012_225949.jpg,.jpg,2020:10:12 22:59:49,2020:10:12 22:59:49,"41 deg 3' 11.08"" N","86 deg 13' 37.96"" W",LGE,LM-Q730,JPEG
/home/rich/Pictures/My princess Aileana M Sprague -1-001/My princess Aileana M Sprague /20201018_143506.jpg,20201018_143506.jpg,.jpg,2020:10:18 14:35:06,2020:10:18 14:35:06,"41 deg 5' 56.82"" N","86 deg 16' 24.32"" W",LGE,LM-Q730,JPEG
/home/rich/Pictures/My princess Aileana M Sprague -1-001/My princess Aileana M Sprague /20201018_143509.jpg,20201018_143509.jpg,.jpg,2020:10:18 14:35:09,2020:10:18 14:35:09,"41 deg 5' 56.81"" N","86 deg 16' 24.32"" W",LGE,LM-Q730,JPEG
/home/rich/Pictures/My princess Aileana M Sprague -1-001/My princess Aileana M Sprague /20201018_143511.jpg,20201018_143511.jpg,.jpg,2020:10:18 14:35:11,2020:10:18 14:35:11,"41 deg 5' 56.81"" N","86 deg 16' 24.32"" W",LGE,LM-Q730,JPEG
/home/rich/Pictures/My princess Aileana M Sprague -1-001/My princess Aileana M Sprague /20201018_143514.jpg,20201018_143514.jpg,.jpg,2020:10:18 14:35:14,2020:10:18 14:35:14,"41 deg 5' 56.81"" N","86 deg 16' 24.32"" W",LGE,LM-Q730,JPEG
/home/rich/Pictures/My princess Aileana M Sprague -1-001/My princess Aileana M Sprague /20201018_143529.jpg,20201018_143529.jpg,.jpg,2020:10:18 14:35:29,2020:10:18 14:35:29,"41 deg 5' 56.74"" N","86 deg 16' 24.02"" W",LGE,LM-Q730,JPEG
/home/rich/Pictures/My princess Aileana M Sprague -1-001/My princess Aileana M Sprague /20201018_143533.jpg,20201018_143533.jpg,.jpg,2020:10:18 14:35:33,2020:10:18 14:35:33,"41 deg 5' 56.68"" N","86 deg 16' 24.02"" W",LGE,LM-Q730,JPEG
/home/rich/Pictures/My princess Aileana M Sprague -1-001/My princess Aileana M Sprague /20201018_143537.jpg,20201018_143537.jpg,.jpg,2020:10:18 14:35:37,2020:10:18 14:35:37,"41 deg 5' 56.67"" N","86 deg 16' 24.07"" W",LGE,LM-Q730,JPEG
/home/rich/Pictures/My princess Aileana M Sprague -1-001/My princess Aileana M Sprague /20201018_143539.jpg,20201018_143539.jpg,.jpg,2020:10:18 14:35:39,2020:10:18 14:35:39,"41 deg 5' 56.67"" N","86 deg 16' 24.10"" W",LGE,LM-Q730,JPEG
/home/rich/Pictures/My princess Aileana M Sprague -1-001/My princess Aileana M Sprague /20201018_143600.jpg,20201018_143600.jpg,.jpg,2020:10:18 14:36:00,2020:10:18 14:36:00,"41 deg 5' 56.89"" N","86 deg 16' 24.27"" W",LGE,LM-Q730,JPEG
/home/rich/Pictures/My princess Aileana M Sprague -1-001/My princess Aileana M Sprague /20201018_143612.jpg,20201018_143612.jpg,.jpg,2020:10:18 14:36:12,2020:10:18 14:36:12,"41 deg 5' 56.85"" N","86 deg 16' 24.35"" W",LGE,LM-Q730,JPEG
/home/rich/Pictures/My princess Aileana M Sprague -1-001/My princess Aileana M Sprague /20201018_143617.jpg,20201018_143617.jpg,.jpg,2020:10:18 14:36:17,2020:10:18 14:36:17,"41 deg 5' 56.85"" N","86 deg 16' 24.35"" W",LGE,LM-Q730,JPEG
/home/rich/Pictures/My princess Aileana M Sprague -1-001/My princess Aileana M Sprague /20201018_143625.jpg,20201018_143625.jpg,.jpg,2020:10:18 14:36:25,2020:10:18 14:36:25,"41 deg 5' 56.85"" N","86 deg 16' 24.35"" W",LGE,LM-Q730,JPEG
/home/rich/Pictures/My princess Aileana M Sprague -1-001/My princess Aileana M Sprague /20201018_143649.jpg,20201018_143649.jpg,.jpg,2020:10:18 14:36:49,2020:10:18 14:36:49,"41 deg 5' 56.85"" N","86 deg 16' 24.35"" W",LGE,LM-Q730,JPEG
/home/rich/Pictures/My princess Aileana M Sprague -1-001/My princess Aileana M Sprague /20201018_143655.jpg,20201018_143655.jpg,.jpg,2020:10:18 14:36:55,2020:10:18 14:36:55,"41 deg 5' 56.85"" N","86 deg 16' 24.35"" W",LGE,LM-Q730,JPEG
/home/rich/Pictures/My princess Aileana M Sprague -1-001/My princess Aileana M Sprague /20201018_143704.jpg,20201018_143704.jpg,.jpg,2020:10:18 14:37:04,2020:10:18 14:37:04,"41 deg 5' 56.84"" N","86 deg 16' 24.29"" W",LGE,LM-Q730,JPEG
/home/rich/Pictures/My princess Aileana M Sprague -1-001/My princess Aileana M Sprague /20201018_143714.jpg,20201018_143714.jpg,.jpg,2020:10:18 14:37:14,2020:10:18 14:37:14,"41 deg 5' 56.86"" N","86 deg 16' 24.40"" W",LGE,LM-Q730,JPEG
/home/rich/Pictures/My princess Aileana M Sprague -1-001/My princess Aileana M Sprague /20201018_143726.jpg,20201018_143726.jpg,.jpg,2020:10:18 14:37:26,2020:10:18 14:37:26,"41 deg 5' 56.81"" N","86 deg 16' 24.38"" W",LGE,LM-Q730,JPEG
/home/rich/Pictures/My princess Aileana M Sprague -1-001/My princess Aileana M Sprague /20201018_143746.jpg,20201018_143746.jpg,.jpg,2020:10:18 14:37:46,2020:10:18 14:37:46,"41 deg 5' 56.85"" N","86 deg 16' 24.32"" W",LGE,LM-Q730,JPEG
/home/rich/Pictures/My princess Aileana M Sprague -1-001/My princess Aileana M Sprague /20201018_143813.jpg,20201018_143813.jpg,.jpg,2020:10:18 14:38:13,2020:10:18 14:38:13,"41 deg 5' 56.66"" N","86 deg 16' 24.24"" W",LGE,LM-Q730,JPEG
/home/rich/Pictures/My princess Aileana M Sprague -1-001/My princess Aileana M Sprague /20201018_143824.jpg,20201018_143824.jpg,.jpg,2020:10:18 14:38:24,2020:10:18 14:38:24,"41 deg 5' 56.78"" N","86 deg 16' 24.32"" W",LGE,LM-Q730,JPEG
/home/rich/Pictures/My princess Aileana M Sprague -1-001/My princess Aileana M Sprague /20201018_143826.jpg,20201018_143826.jpg,.jpg,2020:10:18 14:38:26,2020:10:18 14:38:26,"41 deg 5' 56.81"" N","86 deg 16' 24.32"" W",LGE,LM-Q730,JPEG
/home/rich/Pictures/My princess Aileana M Sprague -1-001/My princess Aileana M Sprague /20201018_143828.jpg,20201018_143828.jpg,.jpg,2020:10:18 14:38:28,2020:10:18 14:38:28,"41 deg 5' 56.81"" N","86 deg 16' 24.35"" W",LGE,LM-Q730,JPEG
/home/rich/Pictures/My princess Aileana M Sprague -1-001/My princess Aileana M Sprague /20201018_143901.jpg,20201018_143901.jpg,.jpg,2020:10:18 14:39:01,2020:10:18 14:39:01,"41 deg 5' 56.84"" N","86 deg 16' 24.29"" W",LGE,LM-Q730,JPEG
/home/rich/Pictures/My princess Aileana M Sprague -1-001/My princess Aileana M Sprague /20201018_143951.jpg,20201018_143951.jpg,.jpg,2020:10:18 14:39:51,2020:10:18 14:39:51,"41 deg 5' 56.86"" N","86 deg 16' 24.32"" W",LGE,LM-Q730,JPEG
/home/rich/Pictures/My princess Aileana M Sprague -1-001/My princess Aileana M Sprague /20201018_143953.jpg,20201018_143953.jpg,.jpg,2020:10:18 14:39:53,2020:10:18 14:39:53,"41 deg 5' 56.86"" N","86 deg 16' 24.32"" W",LGE,LM-Q730,JPEG
/home/rich/Pictures/My princess Aileana M Sprague -1-001/My princess Aileana M Sprague /20201018_144006.jpg,20201018_144006.jpg,.jpg,2020:10:18 14:40:06,2020:10:18 14:40:06,"41 deg 5' 56.86"" N","86 deg 16' 24.32"" W",LGE,LM-Q730,JPEG
/home/rich/Pictures/My princess Aileana M Sprague -1-001/My princess Aileana M Sprague /20201018_224228.jpg,20201018_224228.jpg,.jpg,2020:10:18 22:42:28,2020:10:18 22:42:28,"41 deg 3' 10.57"" N","86 deg 13' 38.26"" W",LGE,LM-Q730,JPEG
/home/rich/Pictures/My princess Aileana M Sprague -1-001/My princess Aileana M Sprague /20201106_160229.jpg,20201106_160229.jpg,.jpg,2020:11:06 16:02:29,2020:11:06 16:02:29,"41 deg 3' 10.75"" N","86 deg 13' 38.26"" W",LGE,LM-Q730,JPEG
/home/rich/Pictures/My princess Aileana M Sprague -1-001/My princess Aileana M Sprague /20201106_160231.jpg,20201106_160231.jpg,.jpg,2020:11:06 16:02:31,2020:11:06 16:02:31,"41 deg 3' 10.75"" N","86 deg 13' 38.15"" W",LGE,LM-Q730,JPEG
/home/rich/Pictures/My princess Aileana M Sprague -1-001/My princess Aileana M Sprague /20201106_160243.jpg,20201106_160243.jpg,.jpg,2020:11:06 16:02:43,2020:11:06 16:02:43,"41 deg 3' 10.71"" N","86 deg 13' 37.96"" W",LGE,LM-Q730,JPEG
/home/rich/Pictures/My princess Aileana M Sprague -1-001/My princess Aileana M Sprague /20201106_160251.jpg,20201106_160251.jpg,.jpg,2020:11:06 16:02:51,2020:11:06 16:02:51,,,LGE,LM-Q730,JPEG
/home/rich/Pictures/My princess Aileana M Sprague -1-001/My princess Aileana M Sprague /20201106_160321.jpg,20201106_160321.jpg,.jpg,2020:11:06 16:03:20,2020:11:06 16:03:20,"41 deg 3' 10.80"" N","86 deg 13' 38.04"" W",LGE,LM-Q730,JPEG
/home/rich/Pictures/My princess Aileana M Sprague -1-001/My princess Aileana M Sprague /20201106_160323.jpg,20201106_160323.jpg,.jpg,2020:11:06 16:03:23,2020:11:06 16:03:23,"41 deg 3' 10.78"" N","86 deg 13' 38.04"" W",LGE,LM-Q730,JPEG
/home/rich/Pictures/My princess Aileana M Sprague -1-001/My princess Aileana M Sprague /20201106_160335.jpg,20201106_160335.jpg,.jpg,2020:11:06 16:03:35,2020:11:06 16:03:35,"41 deg 3' 10.78"" N","86 deg 13' 38.04"" W",LGE,LM-Q730,JPEG
/home/rich/Pictures/My princess Aileana M Sprague -1-001/My princess Aileana M Sprague /20201106_160350.jpg,20201106_160350.jpg,.jpg,2020:11:06 16:03:50,2020:11:06 16:03:50,"41 deg 3' 10.87"" N","86 deg 13' 38.04"" W",LGE,LM-Q730,JPEG
/home/rich/Pictures/My princess Aileana M Sprague -1-001/My princess Aileana M Sprague /20201106_160354.jpg,20201106_160354.jpg,.jpg,2020:11:06 16:03:54,2020:11:06 16:03:54,"41 deg 3' 10.87"" N","86 deg 13' 38.04"" W",LGE,LM-Q730,JPEG
/home/rich/Pictures/My princess Aileana M Sprague -1-001/My princess Aileana M Sprague /20201106_160356.jpg,20201106_160356.jpg,.jpg,2020:11:06 16:03:56,2020:11:06 16:03:56,"41 deg 3' 10.87"" N","86 deg 13' 38.04"" W",LGE,LM-Q730,JPEG
/home/rich/Pictures/My princess Aileana M Sprague -1-001/My princess Aileana M Sprague /20201106_160412.jpg,20201106_160412.jpg,.jpg,2020:11:06 16:04:12,2020:11:06 16:04:12,"41 deg 3' 10.87"" N","86 deg 13' 38.04"" W",LGE,LM-Q730,JPEG
/home/rich/Pictures/My princess Aileana M Sprague -1-001/My princess Aileana M Sprague /20201106_160419.jpg,20201106_160419.jpg,.jpg,2020:11:06 16:04:19,2020:11:06 16:04:19,"41 deg 3' 10.67"" N","86 deg 13' 38.04"" W",LGE,LM-Q730,JPEG
/home/rich/Pictures/My princess Aileana M Sprague -1-001/My princess Aileana M Sprague /20201106_160437.jpg,20201106_160437.jpg,.jpg,2020:11:06 16:04:37,2020:11:06 16:04:37,"41 deg 3' 10.64"" N","86 deg 13' 37.99"" W",LGE,LM-Q730,JPEG
/home/rich/Pictures/My princess Aileana M Sprague -1-001/My princess Aileana M Sprague /20201106_160454.jpg,20201106_160454.jpg,.jpg,2020:11:06 16:04:53,2020:11:06 16:04:53,"41 deg 3' 10.64"" N","86 deg 13' 37.99"" W",LGE,LM-Q730,JPEG
/home/rich/Pictures/My princess Aileana M Sprague -1-001/My princess Aileana M Sprague /20201106_160457.jpg,20201106_160457.jpg,.jpg,2020:11:06 16:04:57,2020:11:06 16:04:57,"41 deg 3' 10.64"" N","86 deg 13' 37.99"" W",LGE,LM-Q730,JPEG
/home/rich/Pictures/My princess Aileana M Sprague -1-001/My princess Aileana M Sprague /20201106_160458.jpg,20201106_160458.jpg,.jpg,2020:11:06 16:04:58,2020:11:06 16:04:58,"41 deg 3' 10.64"" N","86 deg 13' 37.99"" W",LGE,LM-Q730,JPEG
/home/rich/Pictures/My princess Aileana M Sprague -1-001/My princess Aileana M Sprague /20201106_160955.jpg,20201106_160955.jpg,.jpg,2020:11:06 16:09:55,2020:11:06 16:09:55,"41 deg 3' 10.67"" N","86 deg 13' 37.99"" W",LGE,LM-Q730,JPEG
/home/rich/Pictures/My princess Aileana M Sprague -1-001/My princess Aileana M Sprague /20201106_161006.jpg,20201106_161006.jpg,.jpg,2020:11:06 16:10:05,2020:11:06 16:10:05,"41 deg 3' 10.63"" N","86 deg 13' 38.07"" W",LGE,LM-Q730,JPEG
/home/rich/Pictures/My princess Aileana M Sprague -1-001/My princess Aileana M Sprague /20201106_161008.jpg,20201106_161008.jpg,.jpg,2020:11:06 16:10:08,2020:11:06 16:10:08,"41 deg 3' 10.68"" N","86 deg 13' 38.07"" W",LGE,LM-Q730,JPEG
/home/rich/Pictures/My princess Aileana M Sprague -1-001/My princess Aileana M Sprague /20201106_161046.jpg,20201106_161046.jpg,.jpg,2020:11:06 16:10:46,2020:11:06 16:10:46,"41 deg 3' 10.71"" N","86 deg 13' 38.07"" W",LGE,LM-Q730,JPEG
/home/rich/Pictures/My princess Aileana M Sprague -1-001/My princess Aileana M Sprague /20201106_161212.jpg,20201106_161212.jpg,.jpg,2020:11:06 16:12:12,2020:11:06 16:12:12,"41 deg 3' 10.82"" N","86 deg 13' 38.04"" W",LGE,LM-Q730,JPEG
/home/rich/Pictures/My princess Aileana M Sprague -1-001/My princess Aileana M Sprague /20201106_161214.jpg,20201106_161214.jpg,.jpg,2020:11:06 16:12:14,2020:11:06 16:12:14,"41 deg 3' 10.82"" N","86 deg 13' 38.04"" W",LGE,LM-Q730,JPEG
/home/rich/Pictures/My princess Aileana M Sprague -1-001/My princess Aileana M Sprague /20201106_161216.jpg,20201106_161216.jpg,.jpg,2020:11:06 16:12:16,2020:11:06 16:12:16,"41 deg 3' 10.82"" N","86 deg 13' 38.04"" W",LGE,LM-Q730,JPEG
/home/rich/Pictures/My princess Aileana M Sprague -1-001/My princess Aileana M Sprague /20201106_161217.jpg,20201106_161217.jpg,.jpg,2020:11:06 16:12:17,2020:11:06 16:12:17,"41 deg 3' 10.82"" N","86 deg 13' 38.04"" W",LGE,LM-Q730,JPEG
/home/rich/Pictures/My princess Aileana M Sprague -1-001/My princess Aileana M Sprague /20210108_182545.jpg,20210108_182545.jpg,.jpg,2021:01:08 18:25:44,2021:01:08 18:25:44,,,LGE,LM-K300,JPEG
/home/rich/Pictures/My princess Aileana M Sprague -1-001/My princess Aileana M Sprague /20210108_182554.jpg,20210108_182554.jpg,.jpg,2021:01:08 18:25:54,2021:01:08 18:25:54,,,LGE,LM-K300,JPEG
/home/rich/Pictures/My princess Aileana M Sprague -1-001/My princess Aileana M Sprague /20210108_182604.jpg,20210108_182604.jpg,.jpg,2021:01:08 18:26:04,2021:01:08 18:26:04,,,LGE,LM-K300,JPEG
/home/rich/Pictures/My princess Aileana M Sprague -1-001/My princess Aileana M Sprague /20210108_182610.jpg,20210108_182610.jpg,.jpg,2021:01:08 18:26:10,2021:01:08 18:26:10,,,LGE,LM-K300,JPEG
/home/rich/Pictures/My princess Aileana M Sprague -1-001/My princess Aileana M Sprague /20210108_182714.jpg,20210108_182714.jpg,.jpg,2021:01:08 18:27:14,2021:01:08 18:27:14,,,LGE,LM-K300,JPEG
/home/rich/Pictures/My princess Aileana M Sprague -1-001/My princess Aileana M Sprague /20210108_182739.jpg,20210108_182739.jpg,.jpg,2021:01:08 18:27:38,2021:01:08 18:27:38,,,LGE,LM-K300,JPEG
/home/rich/Pictures/My princess Aileana M Sprague -1-001/My princess Aileana M Sprague /20210108_182748.jpg,20210108_182748.jpg,.jpg,2021:01:08 18:27:48,2021:01:08 18:27:48,,,LGE,LM-K300,JPEG
/home/rich/Pictures/My princess Aileana M Sprague -1-001/My princess Aileana M Sprague /20210108_182753.jpg,20210108_182753.jpg,.jpg,2021:01:08 18:27:53,2021:01:08 18:27:53,,,LGE,LM-K300,JPEG
/home/rich/Pictures/My princess Aileana M Sprague -1-001/My princess Aileana M Sprague /20210109_180444.jpg,20210109_180444.jpg,.jpg,2021:01:09 18:04:44,2021:01:09 18:04:44,,,LGE,LM-K300,JPEG
/home/rich/Pictures/My princess Aileana M Sprague -1-001/My princess Aileana M Sprague /20210109_180453.jpg,20210109_180453.jpg,.jpg,2021:01:09 18:04:53,2021:01:09 18:04:53,,,LGE,LM-K300,JPEG
/home/rich/Pictures/My princess Aileana M Sprague -1-001/My princess Aileana M Sprague /20210109_180511.jpg,20210109_180511.jpg,.jpg,2021:01:09 18:05:11,2021:01:09 18:05:11,,,LGE,LM-K300,JPEG
/home/rich/Pictures/My princess Aileana M Sprague -1-001/My princess Aileana M Sprague /20210109_180517.jpg,20210109_180517.jpg,.jpg,2021:01:09 18:05:17,2021:01:09 18:05:17,,,LGE,LM-K300,JPEG
/home/rich/Pictures/My princess Aileana M Sprague -1-001/My princess Aileana M Sprague /20210109_180522.jpg,20210109_180522.jpg,.jpg,2021:01:09 18:05:22,2021:01:09 18:05:22,,,LGE,LM-K300,JPEG
/home/rich/Pictures/My princess Aileana M Sprague -1-001/My princess Aileana M Sprague /20210110_004434.jpg,20210110_004434.jpg,.jpg,2021:01:10 00:44:34,2021:01:10 00:44:34,,,LGE,LM-K300,JPEG
/home/rich/Pictures/My princess Aileana M Sprague -1-001/My princess Aileana M Sprague /20210110_004437.jpg,20210110_004437.jpg,.jpg,2021:01:10 00:44:37,2021:01:10 00:44:37,,,LGE,LM-K300,JPEG
/home/rich/Pictures/My princess Aileana M Sprague -1-001/My princess Aileana M Sprague /20210110_004443.jpg,20210110_004443.jpg,.jpg,2021:01:10 00:44:43,2021:01:10 00:44:43,,,LGE,LM-K300,JPEG
/home/rich/Pictures/My princess Aileana M Sprague -1-001/My princess Aileana M Sprague /20210110_004447.jpg,20210110_004447.jpg,.jpg,2021:01:10 00:44:47,2021:01:10 00:44:47,,,LGE,LM-K300,JPEG
/home/rich/Pictures/My princess Aileana M Sprague -1-001/My princess Aileana M Sprague /20210110_004506.jpg,20210110_004506.jpg,.jpg,2021:01:10 00:45:06,2021:01:10 00:45:06,,,LGE,LM-K300,JPEG
/home/rich/Pictures/My princess Aileana M Sprague -1-001/My princess Aileana M Sprague /20210110_004514.jpg,20210110_004514.jpg,.jpg,2021:01:10 00:45:13,2021:01:10 00:45:13,,,LGE,LM-K300,JPEG
/home/rich/Pictures/My princess Aileana M Sprague -1-001/My princess Aileana M Sprague /20210110_122610.jpg,20210110_122610.jpg,.jpg,2021:01:10 12:26:10,2021:01:10 12:26:10,,,LGE,LM-K300,JPEG
/home/rich/Pictures/My princess Aileana M Sprague -1-001/My princess Aileana M Sprague /20210110_122613.jpg,20210110_122613.jpg,.jpg,2021:01:10 12:26:13,2021:01:10 12:26:13,,,LGE,LM-K300,JPEG
/home/rich/Pictures/My princess Aileana M Sprague -1-001/My princess Aileana M Sprague /20210111_141549.jpg,20210111_141549.jpg,.jpg,2021:01:11 14:15:49,2021:01:11 14:15:49,,,LGE,LM-K300,JPEG
/home/rich/Pictures/My princess Aileana M Sprague -1-001/My princess Aileana M Sprague /20210111_170658.jpg,20210111_170658.jpg,.jpg,2021:01:11 17:06:58,2021:01:11 17:06:58,,,LGE,LM-K300,JPEG
/home/rich/Pictures/My princess Aileana M Sprague -1-001/My princess Aileana M Sprague /20210111_171237.jpg,20210111_171237.jpg,.jpg,2021:01:11 17:12:37,2021:01:11 17:12:37,,,LGE,LM-K300,JPEG
/home/rich/Pictures/My princess Aileana M Sprague -1-001/My princess Aileana M Sprague /20210111_171244.jpg,20210111_171244.jpg,.jpg,2021:01:11 17:12:44,2021:01:11 17:12:44,,,LGE,LM-K300,JPEG
/home/rich/Pictures/My princess Aileana M Sprague -1-001/My princess Aileana M Sprague /20210112_010753.jpg,20210112_010753.jpg,.jpg,2021:01:12 01:07:53,2021:01:12 01:07:53,,,LGE,LM-K300,JPEG
/home/rich/Pictures/My princess Aileana M Sprague -1-001/My princess Aileana M Sprague /20210112_010756.jpg,20210112_010756.jpg,.jpg,2021:01:12 01:07:56,2021:01:12 01:07:56,,,LGE,LM-K300,JPEG
/home/rich/Pictures/My princess Aileana M Sprague -1-001/My princess Aileana M Sprague /20210112_010758.jpg,20210112_010758.jpg,.jpg,2021:01:12 01:07:58,2021:01:12 01:07:58,,,LGE,LM-K300,JPEG
/home/rich/Pictures/My princess Aileana M Sprague -1-001/My princess Aileana M Sprague /20210112_010803.jpg,20210112_010803.jpg,.jpg,2021:01:12 01:08:03,2021:01:12 01:08:03,,,LGE,LM-K300,JPEG
/home/rich/Pictures/My princess Aileana M Sprague -1-001/My princess Aileana M Sprague /20210112_144839.jpg,20210112_144839.jpg,.jpg,2021:01:12 14:48:39,2021:01:12 14:48:39,,,LGE,LM-K300,JPEG
/home/rich/Pictures/My princess Aileana M Sprague -1-001/My princess Aileana M Sprague /20210112_144858.jpg,20210112_144858.jpg,.jpg,2021:01:12 14:48:58,2021:01:12 14:48:58,,,LGE,LM-K300,JPEG
/home/rich/Pictures/My princess Aileana M Sprague -1-001/My princess Aileana M Sprague /20210112_144901.jpg,20210112_144901.jpg,.jpg,2021:01:12 14:49:01,2021:01:12 14:49:01,,,LGE,LM-K300,JPEG
/home/rich/Pictures/My princess Aileana M Sprague -1-001/My princess Aileana M Sprague /20210112_144914.jpg,20210112_144914.jpg,.jpg,2021:01:12 14:49:14,2021:01:12 14:49:14,,,LGE,LM-K300,JPEG
/home/rich/Pictures/My princess Aileana M Sprague -1-001/My princess Aileana M Sprague /20210112_145413.jpg,20210112_145413.jpg,.jpg,2021:01:12 14:54:13,2021:01:12 14:54:13,,,LGE,LM-K300,JPEG
/home/rich/Pictures/My princess Aileana M Sprague -1-001/My princess Aileana M Sprague /20210112_145418.jpg,20210112_145418.jpg,.jpg,2021:01:12 14:54:18,2021:01:12 14:54:18,,,LGE,LM-K300,JPEG
/home/rich/Pictures/My princess Aileana M Sprague -1-001/My princess Aileana M Sprague /20210112_145447.jpg,20210112_145447.jpg,.jpg,2021:01:12 14:54:47,2021:01:12 14:54:47,,,LGE,LM-K300,JPEG
/home/rich/Pictures/My princess Aileana M Sprague -1-001/My princess Aileana M Sprague /20210112_145451.jpg,20210112_145451.jpg,.jpg,2021:01:12 14:54:51,2021:01:12 14:54:51,,,LGE,LM-K300,JPEG
/home/rich/Pictures/My princess Aileana M Sprague -1-001/My princess Aileana M Sprague /20210112_152347.jpg,20210112_152347.jpg,.jpg,2021:01:12 15:23:47,2021:01:12 15:23:47,,,LGE,LM-K300,JPEG
/home/rich/Pictures/My princess Aileana M Sprague -1-001/My princess Aileana M Sprague /20210112_152358.jpg,20210112_152358.jpg,.jpg,2021:01:12 15:23:58,2021:01:12 15:23:58,,,LGE,LM-K300,JPEG
/home/rich/Pictures/My princess Aileana M Sprague -1-001/My princess Aileana M Sprague /20210112_152404.jpg,20210112_152404.jpg,.jpg,2021:01:12 15:24:04,2021:01:12 15:24:04,,,LGE,LM-K300,JPEG
/home/rich/Pictures/My princess Aileana M Sprague -1-001/My princess Aileana M Sprague /20210112_153516.jpg,20210112_153516.jpg,.jpg,2021:01:12 15:35:16,2021:01:12 15:35:16,,,LGE,LM-K300,JPEG
/home/rich/Pictures/My princess Aileana M Sprague -1-001/My princess Aileana M Sprague /20210112_235000.jpg,20210112_235000.jpg,.jpg,2021:01:12 23:50:00,2021:01:12 23:50:00,,,LGE,LM-K300,JPEG
/home/rich/Pictures/My princess Aileana M Sprague -1-001/My princess Aileana M Sprague /20210112_235006.jpg,20210112_235006.jpg,.jpg,2021:01:12 23:50:06,2021:01:12 23:50:06,,,LGE,LM-K300,JPEG
/home/rich/Pictures/My princess Aileana M Sprague -1-001/My princess Aileana M Sprague /20210112_235012.jpg,20210112_235012.jpg,.jpg,2021:01:12 23:50:12,2021:01:12 23:50:12,,,LGE,LM-K300,JPEG
/home/rich/Pictures/My princess Aileana M Sprague -1-001/My princess Aileana M Sprague /20210112_235021.jpg,20210112_235021.jpg,.jpg,2021:01:12 23:50:21,2021:01:12 23:50:21,,,LGE,LM-K300,JPEG
/home/rich/Pictures/My princess Aileana M Sprague -1-001/My princess Aileana M Sprague /20210114_000132.jpg,20210114_000132.jpg,.jpg,2021:01:14 00:01:32,2021:01:14 00:01:32,,,LGE,LM-K300,JPEG
/home/rich/Pictures/My princess Aileana M Sprague -1-001/My princess Aileana M Sprague /20210114_000137.jpg,20210114_000137.jpg,.jpg,2021:01:14 00:01:37,2021:01:14 00:01:37,,,LGE,LM-K300,JPEG
/home/rich/Pictures/My princess Aileana M Sprague -1-001/My princess Aileana M Sprague /20210114_000141.jpg,20210114_000141.jpg,.jpg,2021:01:14 00:01:41,2021:01:14 00:01:41,,,LGE,LM-K300,JPEG
/home/rich/Pictures/My princess Aileana M Sprague -1-001/My princess Aileana M Sprague /20210114_000145.jpg,20210114_000145.jpg,.jpg,2021:01:14 00:01:45,2021:01:14 00:01:45,,,LGE,LM-K300,JPEG
/home/rich/Pictures/My princess Aileana M Sprague -1-001/My princess Aileana M Sprague /20210114_000150.jpg,20210114_000150.jpg,.jpg,2021:01:14 00:01:50,2021:01:14 00:01:50,,,LGE,LM-K300,JPEG
/home/rich/Pictures/My princess Aileana M Sprague -1-001/My princess Aileana M Sprague /20210114_000154.jpg,20210114_000154.jpg,.jpg,2021:01:14 00:01:54,2021:01:14 00:01:54,,,LGE,LM-K300,JPEG
/home/rich/Pictures/My princess Aileana M Sprague -1-001/My princess Aileana M Sprague /20210114_000201.jpg,20210114_000201.jpg,.jpg,2021:01:14 00:02:01,2021:01:14 00:02:01,,,LGE,LM-K300,JPEG
/home/rich/Pictures/My princess Aileana M Sprague -1-001/My princess Aileana M Sprague /20210114_000227.jpg,20210114_000227.jpg,.jpg,2021:01:14 00:02:27,2021:01:14 00:02:27,,,LGE,LM-K300,JPEG
/home/rich/Pictures/My princess Aileana M Sprague -1-001/My princess Aileana M Sprague /20210114_000233.jpg,20210114_000233.jpg,.jpg,2021:01:14 00:02:33,2021:01:14 00:02:33,,,LGE,LM-K300,JPEG
/home/rich/Pictures/My princess Aileana M Sprague -1-001/My princess Aileana M Sprague /20210114_000237.jpg,20210114_000237.jpg,.jpg,2021:01:14 00:02:37,2021:01:14 00:02:37,,,LGE,LM-K300,JPEG
/home/rich/Pictures/My princess Aileana M Sprague -1-001/My princess Aileana M Sprague /20210114_000413.jpg,20210114_000413.jpg,.jpg,2021:01:14 00:04:13,2021:01:14 00:04:13,,,LGE,LM-K300,JPEG
/home/rich/Pictures/My princess Aileana M Sprague -1-001/My princess Aileana M Sprague /20210114_000422.jpg,20210114_000422.jpg,.jpg,2021:01:14 00:04:22,2021:01:14 00:04:22,,,LGE,LM-K300,JPEG
/home/rich/Pictures/My princess Aileana M Sprague -1-001/My princess Aileana M Sprague /20210114_124501.jpg,20210114_124501.jpg,.jpg,2021:01:14 12:45:01,2021:01:14 12:45:01,,,LGE,LM-K300,JPEG
/home/rich/Pictures/My princess Aileana M Sprague -1-001/My princess Aileana M Sprague /20210114_124508.jpg,20210114_124508.jpg,.jpg,2021:01:14 12:45:08,2021:01:14 12:45:08,,,LGE,LM-K300,JPEG
/home/rich/Pictures/My princess Aileana M Sprague -1-001/My princess Aileana M Sprague /20210114_124535.jpg,20210114_124535.jpg,.jpg,2021:01:14 12:45:35,2021:01:14 12:45:35,,,LGE,LM-K300,JPEG
/home/rich/Pictures/My princess Aileana M Sprague -1-001/My princess Aileana M Sprague /20210116_004159.jpg,20210116_004159.jpg,.jpg,2021:01:16 00:41:59,2021:01:16 00:41:59,,,LGE,LM-K300,JPEG
/home/rich/Pictures/My princess Aileana M Sprague -1-001/My princess Aileana M Sprague /20210116_004202.jpg,20210116_004202.jpg,.jpg,2021:01:16 00:42:02,2021:01:16 00:42:02,,,LGE,LM-K300,JPEG
/home/rich/Pictures/My princess Aileana M Sprague -1-001/My princess Aileana M Sprague /20210116_004224.jpg,20210116_004224.jpg,.jpg,2021:01:16 00:42:24,2021:01:16 00:42:24,,,LGE,LM-K300,JPEG
/home/rich/Pictures/My princess Aileana M Sprague -1-001/My princess Aileana M Sprague /20210116_004229.jpg,20210116_004229.jpg,.jpg,2021:01:16 00:42:29,2021:01:16 00:42:29,,,LGE,LM-K300,JPEG
/home/rich/Pictures/My princess Aileana M Sprague -1-001/My princess Aileana M Sprague /20210116_141643.jpg,20210116_141643.jpg,.jpg,2021:01:16 14:16:43,2021:01:16 14:16:43,,,LGE,LM-K300,JPEG
/home/rich/Pictures/My princess Aileana M Sprague -1-001/My princess Aileana M Sprague /20210116_141648.jpg,20210116_141648.jpg,.jpg,2021:01:16 14:16:48,2021:01:16 14:16:48,,,LGE,LM-K300,JPEG
/home/rich/Pictures/My princess Aileana M Sprague -1-001/My princess Aileana M Sprague /20210116_141652.jpg,20210116_141652.jpg,.jpg,2021:01:16 14:16:52,2021:01:16 14:16:52,,,LGE,LM-K300,JPEG
/home/rich/Pictures/My princess Aileana M Sprague -1-001/My princess Aileana M Sprague /20210116_141659.jpg,20210116_141659.jpg,.jpg,2021:01:16 14:16:59,2021:01:16 14:16:59,,,LGE,LM-K300,JPEG
/home/rich/Pictures/My princess Aileana M Sprague -1-001/My princess Aileana M Sprague /20210116_141703.jpg,20210116_141703.jpg,.jpg,2021:01:16 14:17:03,2021:01:16 14:17:03,,,LGE,LM-K300,JPEG
/home/rich/Pictures/My princess Aileana M Sprague -1-001/My princess Aileana M Sprague /20210116_141706.jpg,20210116_141706.jpg,.jpg,2021:01:16 14:17:06,2021:01:16 14:17:06,,,LGE,LM-K300,JPEG
/home/rich/Pictures/My princess Aileana M Sprague -1-001/My princess Aileana M Sprague /20210116_141716.jpg,20210116_141716.jpg,.jpg,2021:01:16 14:17:15,2021:01:16 14:17:15,,,LGE,LM-K300,JPEG
/home/rich/Pictures/My princess Aileana M Sprague -1-001/My princess Aileana M Sprague /20210116_141723.jpg,20210116_141723.jpg,.jpg,2021:01:16 14:17:23,2021:01:16 14:17:23,,,LGE,LM-K300,JPEG
/home/rich/Pictures/My princess Aileana M Sprague -1-001/My princess Aileana M Sprague /20210116_141728.jpg,20210116_141728.jpg,.jpg,2021:01:16 14:17:28,2021:01:16 14:17:28,,,LGE,LM-K300,JPEG
/home/rich/Pictures/My princess Aileana M Sprague -1-001/My princess Aileana M Sprague /20210116_141731.jpg,20210116_141731.jpg,.jpg,2021:01:16 14:17:30,2021:01:16 14:17:30,,,LGE,LM-K300,JPEG
/home/rich/Pictures/My princess Aileana M Sprague -1-001/My princess Aileana M Sprague /20210116_141735.jpg,20210116_141735.jpg,.jpg,2021:01:16 14:17:35,2021:01:16 14:17:35,,,LGE,LM-K300,JPEG
/home/rich/Pictures/My princess Aileana M Sprague -1-001/My princess Aileana M Sprague /20210116_142213.jpg,20210116_142213.jpg,.jpg,2021:01:16 14:22:13,2021:01:16 14:22:13,,,LGE,LM-K300,JPEG
/home/rich/Pictures/My princess Aileana M Sprague -1-001/My princess Aileana M Sprague /20210116_143022.jpg,20210116_143022.jpg,.jpg,2021:01:16 14:30:22,2021:01:16 14:30:22,,,LGE,LM-K300,JPEG
/home/rich/Pictures/My princess Aileana M Sprague -1-001/My princess Aileana M Sprague /20210116_144207.jpg,20210116_144207.jpg,.jpg,2021:01:16 14:42:07,2021:01:16 14:42:07,,,LGE,LM-K300,JPEG
/home/rich/Pictures/My princess Aileana M Sprague -1-001/My princess Aileana M Sprague /20210116_144301.jpg,20210116_144301.jpg,.jpg,2021:01:16 14:43:01,2021:01:16 14:43:01,,,LGE,LM-K300,JPEG
/home/rich/Pictures/My princess Aileana M Sprague -1-001/My princess Aileana M Sprague /20210116_144311.jpg,20210116_144311.jpg,.jpg,2021:01:16 14:43:10,2021:01:16 14:43:10,,,LGE,LM-K300,JPEG
/home/rich/Pictures/My princess Aileana M Sprague -1-001/My princess Aileana M Sprague /20210116_144327.jpg,20210116_144327.jpg,.jpg,2021:01:16 14:43:27,2021:01:16 14:43:27,,,LGE,LM-K300,JPEG
/home/rich/Pictures/My princess Aileana M Sprague -1-001/My princess Aileana M Sprague /20210116_144330.jpg,20210116_144330.jpg,.jpg,2021:01:16 14:43:30,2021:01:16 14:43:30,,,LGE,LM-K300,JPEG
/home/rich/Pictures/My princess Aileana M Sprague -1-001/My princess Aileana M Sprague /20210116_150214.jpg,20210116_150214.jpg,.jpg,2021:01:16 15:02:14,2021:01:16 15:02:14,,,LGE,LM-K300,JPEG
/home/rich/Pictures/My princess Aileana M Sprague -1-001/My princess Aileana M Sprague /20210116_230027.jpg,20210116_230027.jpg,.jpg,2021:01:16 23:00:27,2021:01:16 23:00:27,,,LGE,LM-K300,JPEG
/home/rich/Pictures/My princess Aileana M Sprague -1-001/My princess Aileana M Sprague /20210116_230030.jpg,20210116_230030.jpg,.jpg,2021:01:16 23:00:30,2021:01:16 23:00:30,,,LGE,LM-K300,JPEG
/home/rich/Pictures/My princess Aileana M Sprague -1-001/My princess Aileana M Sprague /20210116_230035.jpg,20210116_230035.jpg,.jpg,2021:01:16 23:00:35,2021:01:16 23:00:35,,,LGE,LM-K300,JPEG
/home/rich/Pictures/My princess Aileana M Sprague -1-001/My princess Aileana M Sprague /20210116_230041.jpg,20210116_230041.jpg,.jpg,2021:01:16 23:00:41,2021:01:16 23:00:41,,,LGE,LM-K300,JPEG
/home/rich/Pictures/My princess Aileana M Sprague -1-001/My princess Aileana M Sprague /20210118_120117.jpg,20210118_120117.jpg,.jpg,2021:01:18 12:01:17,2021:01:18 12:01:17,,,LGE,LM-K300,JPEG
/home/rich/Pictures/My princess Aileana M Sprague -1-001/My princess Aileana M Sprague /20210119_123815.jpg,20210119_123815.jpg,.jpg,2021:01:19 12:38:15,2021:01:19 12:38:15,,,LGE,LM-K300,JPEG
/home/rich/Pictures/My princess Aileana M Sprague -1-001/My princess Aileana M Sprague /20210119_123844.jpg,20210119_123844.jpg,.jpg,2021:01:19 12:38:44,2021:01:19 12:38:44,,,LGE,LM-K300,JPEG
/home/rich/Pictures/My princess Aileana M Sprague -1-001/My princess Aileana M Sprague /20210119_123846.jpg,20210119_123846.jpg,.jpg,2021:01:19 12:38:46,2021:01:19 12:38:46,,,LGE,LM-K300,JPEG
/home/rich/Pictures/My princess Aileana M Sprague -1-001/My princess Aileana M Sprague /20210119_123853.jpg,20210119_123853.jpg,.jpg,2021:01:19 12:38:53,2021:01:19 12:38:53,,,LGE,LM-K300,JPEG
/home/rich/Pictures/My princess Aileana M Sprague -1-001/My princess Aileana M Sprague /20210121_000020.jpg,20210121_000020.jpg,.jpg,2021:01:21 00:00:20,2021:01:21 00:00:20,,,LGE,LM-K300,JPEG
/home/rich/Pictures/My princess Aileana M Sprague -1-001/My princess Aileana M Sprague /20210121_000047.jpg,20210121_000047.jpg,.jpg,2021:01:21 00:00:47,2021:01:21 00:00:47,,,LGE,LM-K300,JPEG
/home/rich/Pictures/My princess Aileana M Sprague -1-001/My princess Aileana M Sprague /20210121_000053.jpg,20210121_000053.jpg,.jpg,2021:01:21 00:00:53,2021:01:21 00:00:53,,,LGE,LM-K300,JPEG
/home/rich/Pictures/My princess Aileana M Sprague -1-001/My princess Aileana M Sprague /20210121_000056.jpg,20210121_000056.jpg,.jpg,2021:01:21 00:00:56,2021:01:21 00:00:56,,,LGE,LM-K300,JPEG
/home/rich/Pictures/My princess Aileana M Sprague -1-001/My princess Aileana M Sprague /20210121_000214.jpg,20210121_000214.jpg,.jpg,2021:01:21 00:02:14,2021:01:21 00:02:14,,,LGE,LM-K300,JPEG
/home/rich/Pictures/My princess Aileana M Sprague -1-001/My princess Aileana M Sprague /20210121_000217.jpg,20210121_000217.jpg,.jpg,2021:01:21 00:02:17,2021:01:21 00:02:17,,,LGE,LM-K300,JPEG
/home/rich/Pictures/My princess Aileana M Sprague -1-001/My princess Aileana M Sprague /20210121_000229.jpg,20210121_000229.jpg,.jpg,2021:01:21 00:02:29,2021:01:21 00:02:29,,,LGE,LM-K300,JPEG
/home/rich/Pictures/My princess Aileana M Sprague -1-001/My princess Aileana M Sprague /20210121_000241.jpg,20210121_000241.jpg,.jpg,2021:01:21 00:02:41,2021:01:21 00:02:41,,,LGE,LM-K300,JPEG
/home/rich/Pictures/My princess Aileana M Sprague -1-001/My princess Aileana M Sprague /20210121_132501.jpg,20210121_132501.jpg,.jpg,2021:01:21 13:25:01,2021:01:21 13:25:01,,,LGE,LM-K300,JPEG
/home/rich/Pictures/My princess Aileana M Sprague -1-001/My princess Aileana M Sprague /20210121_132534.jpg,20210121_132534.jpg,.jpg,2021:01:21 13:25:34,2021:01:21 13:25:34,,,LGE,LM-K300,JPEG
/home/rich/Pictures/My princess Aileana M Sprague -1-001/My princess Aileana M Sprague /20210121_132539.jpg,20210121_132539.jpg,.jpg,2021:01:21 13:25:39,2021:01:21 13:25:39,,,LGE,LM-K300,JPEG
/home/rich/Pictures/My princess Aileana M Sprague -1-001/My princess Aileana M Sprague /20210121_132543.jpg,20210121_132543.jpg,.jpg,2021:01:21 13:25:43,2021:01:21 13:25:43,,,LGE,LM-K300,JPEG
/home/rich/Pictures/My princess Aileana M Sprague -1-001/My princess Aileana M Sprague /20210121_141000.jpg,20210121_141000.jpg,.jpg,2021:01:21 14:09:59,2021:01:21 14:09:59,,,LGE,LM-K300,JPEG
/home/rich/Pictures/My princess Aileana M Sprague -1-001/My princess Aileana M Sprague /20210121_141019_HDR.jpg,20210121_141019_HDR.jpg,.jpg,2021:01:21 14:10:19,2021:01:21 14:10:19,,,LGE,LM-K300,JPEG
/home/rich/Pictures/My princess Aileana M Sprague -1-001/My princess Aileana M Sprague /20210121_180553.jpg,20210121_180553.jpg,.jpg,2021:01:21 18:05:53,2021:01:21 18:05:53,,,LGE,LM-K300,JPEG
/home/rich/Pictures/My princess Aileana M Sprague -1-001/My princess Aileana M Sprague /20210121_180557.jpg,20210121_180557.jpg,.jpg,2021:01:21 18:05:57,2021:01:21 18:05:57,,,LGE,LM-K300,JPEG
/home/rich/Pictures/My princess Aileana M Sprague -1-001/My princess Aileana M Sprague /20210122_004547.jpg,20210122_004547.jpg,.jpg,2021:01:22 00:45:47,2021:01:22 00:45:47,,,LGE,LM-K300,JPEG
/home/rich/Pictures/My princess Aileana M Sprague -1-001/My princess Aileana M Sprague /20210122_004556.jpg,20210122_004556.jpg,.jpg,2021:01:22 00:45:56,2021:01:22 00:45:56,,,LGE,LM-K300,JPEG
/home/rich/Pictures/My princess Aileana M Sprague -1-001/My princess Aileana M Sprague /20210122_004607.jpg,20210122_004607.jpg,.jpg,2021:01:22 00:46:07,2021:01:22 00:46:07,,,LGE,LM-K300,JPEG
/home/rich/Pictures/My princess Aileana M Sprague -1-001/My princess Aileana M Sprague /20210122_004615.jpg,20210122_004615.jpg,.jpg,2021:01:22 00:46:15,2021:01:22 00:46:15,,,LGE,LM-K300,JPEG
/home/rich/Pictures/My princess Aileana M Sprague -1-001/My princess Aileana M Sprague /20210122_234639.jpg,20210122_234639.jpg,.jpg,2021:01:22 23:46:39,2021:01:22 23:46:39,,,LGE,LM-K300,JPEG
/home/rich/Pictures/My princess Aileana M Sprague -1-001/My princess Aileana M Sprague /20210122_234645.jpg,20210122_234645.jpg,.jpg,2021:01:22 23:46:45,2021:01:22 23:46:45,,,LGE,LM-K300,JPEG
/home/rich/Pictures/My princess Aileana M Sprague -1-001/My princess Aileana M Sprague /20210123_000108.jpg,20210123_000108.jpg,.jpg,2021:01:23 00:01:08,2021:01:23 00:01:08,,,LGE,LM-K300,JPEG
/home/rich/Pictures/My princess Aileana M Sprague -1-001/My princess Aileana M Sprague /20210123_000113.jpg,20210123_000113.jpg,.jpg,2021:01:23 00:01:13,2021:01:23 00:01:13,,,LGE,LM-K300,JPEG
/home/rich/Pictures/My princess Aileana M Sprague -1-001/My princess Aileana M Sprague /20210123_000121.jpg,20210123_000121.jpg,.jpg,2021:01:23 00:01:21,2021:01:23 00:01:21,,,LGE,LM-K300,JPEG
/home/rich/Pictures/My princess Aileana M Sprague -1-001/My princess Aileana M Sprague /20210123_000132.jpg,20210123_000132.jpg,.jpg,2021:01:23 00:01:32,2021:01:23 00:01:32,,,LGE,LM-K300,JPEG
/home/rich/Pictures/My princess Aileana M Sprague -1-001/My princess Aileana M Sprague /20210123_000138.jpg,20210123_000138.jpg,.jpg,2021:01:23 00:01:38,2021:01:23 00:01:38,,,LGE,LM-K300,JPEG
/home/rich/Pictures/My princess Aileana M Sprague -1-001/My princess Aileana M Sprague /20210123_002753.jpg,20210123_002753.jpg,.jpg,2021:01:23 00:27:53,2021:01:23 00:27:53,,,LGE,LM-K300,JPEG
/home/rich/Pictures/My princess Aileana M Sprague -1-001/My princess Aileana M Sprague /20210123_002759.jpg,20210123_002759.jpg,.jpg,2021:01:23 00:27:59,2021:01:23 00:27:59,,,LGE,LM-K300,JPEG
/home/rich/Pictures/My princess Aileana M Sprague -1-001/My princess Aileana M Sprague /20210123_002811.jpg,20210123_002811.jpg,.jpg,2021:01:23 00:28:11,2021:01:23 00:28:11,,,LGE,LM-K300,JPEG
/home/rich/Pictures/My princess Aileana M Sprague -1-001/My princess Aileana M Sprague /20210123_002818.jpg,20210123_002818.jpg,.jpg,2021:01:23 00:28:18,2021:01:23 00:28:18,,,LGE,LM-K300,JPEG
/home/rich/Pictures/My princess Aileana M Sprague -1-001/My princess Aileana M Sprague /20210123_002821.jpg,20210123_002821.jpg,.jpg,2021:01:23 00:28:21,2021:01:23 00:28:21,,,LGE,LM-K300,JPEG
/home/rich/Pictures/My princess Aileana M Sprague -1-001/My princess Aileana M Sprague /20210123_002827.jpg,20210123_002827.jpg,.jpg,2021:01:23 00:28:27,2021:01:23 00:28:27,,,LGE,LM-K300,JPEG
/home/rich/Pictures/My princess Aileana M Sprague -1-001/My princess Aileana M Sprague /20210123_123241.jpg,20210123_123241.jpg,.jpg,2021:01:23 12:32:41,2021:01:23 12:32:41,,,LGE,LM-K300,JPEG
/home/rich/Pictures/My princess Aileana M Sprague -1-001/My princess Aileana M Sprague /20210123_123245.jpg,20210123_123245.jpg,.jpg,2021:01:23 12:32:45,2021:01:23 12:32:45,,,LGE,LM-K300,JPEG
/home/rich/Pictures/My princess Aileana M Sprague -1-001/My princess Aileana M Sprague /20210123_123251.jpg,20210123_123251.jpg,.jpg,2021:01:23 12:32:51,2021:01:23 12:32:51,,,LGE,LM-K300,JPEG
/home/rich/Pictures/My princess Aileana M Sprague -1-001/My princess Aileana M Sprague /20210123_123255.jpg,20210123_123255.jpg,.jpg,2021:01:23 12:32:55,2021:01:23 12:32:55,,,LGE,LM-K300,JPEG
/home/rich/Pictures/My princess Aileana M Sprague -1-001/My princess Aileana M Sprague /20210123_123322.jpg,20210123_123322.jpg,.jpg,2021:01:23 12:33:22,2021:01:23 12:33:22,,,LGE,LM-K300,JPEG
/home/rich/Pictures/My princess Aileana M Sprague -1-001/My princess Aileana M Sprague /20210123_123325.jpg,20210123_123325.jpg,.jpg,2021:01:23 12:33:25,2021:01:23 12:33:25,,,LGE,LM-K300,JPEG
/home/rich/Pictures/My princess Aileana M Sprague -1-001/My princess Aileana M Sprague /20210123_123334.jpg,20210123_123334.jpg,.jpg,2021:01:23 12:33:34,2021:01:23 12:33:34,,,LGE,LM-K300,JPEG
/home/rich/Pictures/My princess Aileana M Sprague -1-001/My princess Aileana M Sprague /20210123_172422.jpg,20210123_172422.jpg,.jpg,2021:01:23 17:24:22,2021:01:23 17:24:22,,,LGE,LM-K300,JPEG
/home/rich/Pictures/My princess Aileana M Sprague -1-001/My princess Aileana M Sprague /20210123_172549.jpg,20210123_172549.jpg,.jpg,2021:01:23 17:25:49,2021:01:23 17:25:49,,,LGE,LM-K300,JPEG
/home/rich/Pictures/My princess Aileana M Sprague -1-001/My princess Aileana M Sprague /20210123_172559.jpg,20210123_172559.jpg,.jpg,2021:01:23 17:25:59,2021:01:23 17:25:59,,,LGE,LM-K300,JPEG
/home/rich/Pictures/My princess Aileana M Sprague -1-001/My princess Aileana M Sprague /20210123_232143.jpg,20210123_232143.jpg,.jpg,2021:01:23 23:21:43,2021:01:23 23:21:43,,,LGE,LM-K300,JPEG
/home/rich/Pictures/My princess Aileana M Sprague -1-001/My princess Aileana M Sprague /20210123_232203.jpg,20210123_232203.jpg,.jpg,2021:01:23 23:22:02,2021:01:23 23:22:02,,,LGE,LM-K300,JPEG
/home/rich/Pictures/My princess Aileana M Sprague -1-001/My princess Aileana M Sprague /20210123_232215.jpg,20210123_232215.jpg,.jpg,2021:01:23 23:22:15,2021:01:23 23:22:15,,,LGE,LM-K300,JPEG
/home/rich/Pictures/My princess Aileana M Sprague -1-001/My princess Aileana M Sprague /20210123_232218.jpg,20210123_232218.jpg,.jpg,2021:01:23 23:22:18,2021:01:23 23:22:18,,,LGE,LM-K300,JPEG
/home/rich/Pictures/My princess Aileana M Sprague -1-001/My princess Aileana M Sprague /20210123_232220.jpg,20210123_232220.jpg,.jpg,2021:01:23 23:22:20,2021:01:23 23:22:20,,,LGE,LM-K300,JPEG
/home/rich/Pictures/My princess Aileana M Sprague -1-001/My princess Aileana M Sprague /20210123_232225.jpg,20210123_232225.jpg,.jpg,2021:01:23 23:22:25,2021:01:23 23:22:25,,,LGE,LM-K300,JPEG
/home/rich/Pictures/My princess Aileana M Sprague -1-001/My princess Aileana M Sprague /20210123_232229.jpg,20210123_232229.jpg,.jpg,2021:01:23 23:22:29,2021:01:23 23:22:29,,,LGE,LM-K300,JPEG
/home/rich/Pictures/My princess Aileana M Sprague -1-001/My princess Aileana M Sprague /20210123_232233.jpg,20210123_232233.jpg,.jpg,2021:01:23 23:22:33,2021:01:23 23:22:33,,,LGE,LM-K300,JPEG
/home/rich/Pictures/My princess Aileana M Sprague -1-001/My princess Aileana M Sprague /20210124_122401.jpg,20210124_122401.jpg,.jpg,2021:01:24 12:24:01,2021:01:24 12:24:01,,,LGE,LM-K300,JPEG
/home/rich/Pictures/My princess Aileana M Sprague -1-001/My princess Aileana M Sprague /20210124_122406.jpg,20210124_122406.jpg,.jpg,2021:01:24 12:24:06,2021:01:24 12:24:06,,,LGE,LM-K300,JPEG
/home/rich/Pictures/My princess Aileana M Sprague -1-001/My princess Aileana M Sprague /20210124_122414.jpg,20210124_122414.jpg,.jpg,2021:01:24 12:24:14,2021:01:24 12:24:14,,,LGE,LM-K300,JPEG
/home/rich/Pictures/My princess Aileana M Sprague -1-001/My princess Aileana M Sprague /20210124_123930.jpg,20210124_123930.jpg,.jpg,2021:01:24 12:39:30,2021:01:24 12:39:30,,,LGE,LM-K300,JPEG
/home/rich/Pictures/My princess Aileana M Sprague -1-001/My princess Aileana M Sprague /20210201_140437.jpg,20210201_140437.jpg,.jpg,2021:02:01 14:04:36,2021:02:01 14:04:36,,,LGE,LM-K300,JPEG
/home/rich/Pictures/My princess Aileana M Sprague -1-001/My princess Aileana M Sprague /20210201_140451.jpg,20210201_140451.jpg,.jpg,2021:02:01 14:04:51,2021:02:01 14:04:51,,,LGE,LM-K300,JPEG
/home/rich/Pictures/My princess Aileana M Sprague -1-001/My princess Aileana M Sprague /20210201_173639.jpg,20210201_173639.jpg,.jpg,2021:02:01 17:36:39,2021:02:01 17:36:39,,,LGE,LM-K300,JPEG
/home/rich/Pictures/My princess Aileana M Sprague -1-001/My princess Aileana M Sprague /20210201_173655.jpg,20210201_173655.jpg,.jpg,2021:02:01 17:36:54,2021:02:01 17:36:54,,,LGE,LM-K300,JPEG
/home/rich/Pictures/My princess Aileana M Sprague -1-001/My princess Aileana M Sprague /20210201_173657.jpg,20210201_173657.jpg,.jpg,2021:02:01 17:36:57,2021:02:01 17:36:57,,,LGE,LM-K300,JPEG
/home/rich/Pictures/My princess Aileana M Sprague -1-001/My princess Aileana M Sprague /20210201_173952.jpg,20210201_173952.jpg,.jpg,2021:02:01 17:39:52,2021:02:01 17:39:52,,,LGE,LM-K300,JPEG
/home/rich/Pictures/My princess Aileana M Sprague -1-001/My princess Aileana M Sprague /20210201_174010.jpg,20210201_174010.jpg,.jpg,2021:02:01 17:40:10,2021:02:01 17:40:10,,,LGE,LM-K300,JPEG
/home/rich/Pictures/My princess Aileana M Sprague -1-001/My princess Aileana M Sprague /20210201_174015.jpg,20210201_174015.jpg,.jpg,2021:02:01 17:40:15,2021:02:01 17:40:15,,,LGE,LM-K300,JPEG
/home/rich/Pictures/My princess Aileana M Sprague -1-001/My princess Aileana M Sprague /20210201_174129.jpg,20210201_174129.jpg,.jpg,2021:02:01 17:41:29,2021:02:01 17:41:29,,,LGE,LM-K300,JPEG
/home/rich/Pictures/My princess Aileana M Sprague -1-001/My princess Aileana M Sprague /20210201_174133.jpg,20210201_174133.jpg,.jpg,2021:02:01 17:41:33,2021:02:01 17:41:33,,,LGE,LM-K300,JPEG
/home/rich/Pictures/My princess Aileana M Sprague -1-001/My princess Aileana M Sprague /20210201_174146.jpg,20210201_174146.jpg,.jpg,2021:02:01 17:41:46,2021:02:01 17:41:46,,,LGE,LM-K300,JPEG
/home/rich/Pictures/My princess Aileana M Sprague -1-001/My princess Aileana M Sprague /20210201_174153.jpg,20210201_174153.jpg,.jpg,2021:02:01 17:41:53,2021:02:01 17:41:53,,,LGE,LM-K300,JPEG
/home/rich/Pictures/My princess Aileana M Sprague -1-001/My princess Aileana M Sprague /20210201_174156.jpg,20210201_174156.jpg,.jpg,2021:02:01 17:41:56,2021:02:01 17:41:56,,,LGE,LM-K300,JPEG
/home/rich/Pictures/My princess Aileana M Sprague -1-001/My princess Aileana M Sprague /20210201_174157.jpg,20210201_174157.jpg,.jpg,2021:02:01 17:41:57,2021:02:01 17:41:57,,,LGE,LM-K300,JPEG
/home/rich/Pictures/My princess Aileana M Sprague -1-001/My princess Aileana M Sprague /20210201_174315.jpg,20210201_174315.jpg,.jpg,2021:02:01 17:43:15,2021:02:01 17:43:15,,,LGE,LM-K300,JPEG
/home/rich/Pictures/My princess Aileana M Sprague -1-001/My princess Aileana M Sprague /20210204_130326.jpg,20210204_130326.jpg,.jpg,2021:02:04 13:03:26,2021:02:04 13:03:26,,,LGE,LM-K300,JPEG
/home/rich/Pictures/My princess Aileana M Sprague -1-001/My princess Aileana M Sprague /20210204_130331.jpg,20210204_130331.jpg,.jpg,2021:02:04 13:03:31,2021:02:04 13:03:31,,,LGE,LM-K300,JPEG
/home/rich/Pictures/My princess Aileana M Sprague -1-001/My princess Aileana M Sprague /20210204_130343.jpg,20210204_130343.jpg,.jpg,2021:02:04 13:03:43,2021:02:04 13:03:43,,,LGE,LM-K300,JPEG
/home/rich/Pictures/My princess Aileana M Sprague -1-001/My princess Aileana M Sprague /20210204_130346.jpg,20210204_130346.jpg,.jpg,2021:02:04 13:03:46,2021:02:04 13:03:46,,,LGE,LM-K300,JPEG
/home/rich/Pictures/My princess Aileana M Sprague -1-001/My princess Aileana M Sprague /20210204_130350.jpg,20210204_130350.jpg,.jpg,2021:02:04 13:03:50,2021:02:04 13:03:50,,,LGE,LM-K300,JPEG
/home/rich/Pictures/My princess Aileana M Sprague -1-001/My princess Aileana M Sprague /20210204_130352.jpg,20210204_130352.jpg,.jpg,2021:02:04 13:03:52,2021:02:04 13:03:52,,,LGE,LM-K300,JPEG
/home/rich/Pictures/My princess Aileana M Sprague -1-001/My princess Aileana M Sprague /20210204_130406.jpg,20210204_130406.jpg,.jpg,2021:02:04 13:04:06,2021:02:04 13:04:06,,,LGE,LM-K300,JPEG
/home/rich/Pictures/My princess Aileana M Sprague -1-001/My princess Aileana M Sprague /20210204_130415.jpg,20210204_130415.jpg,.jpg,2021:02:04 13:04:15,2021:02:04 13:04:15,,,LGE,LM-K300,JPEG
/home/rich/Pictures/My princess Aileana M Sprague -1-001/My princess Aileana M Sprague /20210206_185910-COLLAGE.jpg,20210206_185910-COLLAGE.jpg,.jpg,2021:02:06 19:01:35,,,,LGE,LM-K300,JPEG
/home/rich/Pictures/My princess Aileana M Sprague -1-001/My princess Aileana M Sprague /20210206_185910.jpg,20210206_185910.jpg,.jpg,2021:02:06 18:59:10,2021:02:06 18:59:10,,,LGE,LM-K300,JPEG
/home/rich/Pictures/My princess Aileana M Sprague -1-001/My princess Aileana M Sprague /20210206_185918.jpg,20210206_185918.jpg,.jpg,2021:02:06 18:59:18,2021:02:06 18:59:18,,,LGE,LM-K300,JPEG
/home/rich/Pictures/My princess Aileana M Sprague -1-001/My princess Aileana M Sprague /20210206_185923.jpg,20210206_185923.jpg,.jpg,2021:02:06 18:59:23,2021:02:06 18:59:23,,,LGE,LM-K300,JPEG
/home/rich/Pictures/My princess Aileana M Sprague -1-001/My princess Aileana M Sprague /20210206_185928.jpg,20210206_185928.jpg,.jpg,2021:02:06 18:59:28,2021:02:06 18:59:28,,,LGE,LM-K300,JPEG
/home/rich/Pictures/My princess Aileana M Sprague -1-001/My princess Aileana M Sprague /20210206_185936.jpg,20210206_185936.jpg,.jpg,2021:02:06 18:59:36,2021:02:06 18:59:36,,,LGE,LM-K300,JPEG
/home/rich/Pictures/My princess Aileana M Sprague -1-001/My princess Aileana M Sprague /20210206_190002.jpg,20210206_190002.jpg,.jpg,2021:02:06 19:00:02,2021:02:06 19:00:02,,,LGE,LM-K300,JPEG
/home/rich/Pictures/My princess Aileana M Sprague -1-001/My princess Aileana M Sprague /20210206_190021.jpg,20210206_190021.jpg,.jpg,2021:02:06 19:00:21,2021:02:06 19:00:21,,,LGE,LM-K300,JPEG
/home/rich/Pictures/My princess Aileana M Sprague -1-001/My princess Aileana M Sprague /20210206_190050.jpg,20210206_190050.jpg,.jpg,2021:02:06 19:00:50,2021:02:06 19:00:50,,,LGE,LM-K300,JPEG
/home/rich/Pictures/My princess Aileana M Sprague -1-001/My princess Aileana M Sprague /20210206_190056.jpg,20210206_190056.jpg,.jpg,2021:02:06 19:00:56,2021:02:06 19:00:56,,,LGE,LM-K300,JPEG
/home/rich/Pictures/My princess Aileana M Sprague -1-001/My princess Aileana M Sprague /20210206_190109.jpg,20210206_190109.jpg,.jpg,2021:02:06 19:01:09,2021:02:06 19:01:09,,,LGE,LM-K300,JPEG
/home/rich/Pictures/My princess Aileana M Sprague -1-001/My princess Aileana M Sprague /20210206_190121.jpg,20210206_190121.jpg,.jpg,2021:02:06 19:01:21,2021:02:06 19:01:21,,,LGE,LM-K300,JPEG
/home/rich/Pictures/My princess Aileana M Sprague -1-001/My princess Aileana M Sprague /20210206_190125.jpg,20210206_190125.jpg,.jpg,2021:02:06 19:01:25,2021:02:06 19:01:25,,,LGE,LM-K300,JPEG
/home/rich/Pictures/My princess Aileana M Sprague -1-001/My princess Aileana M Sprague /20210206_190128.jpg,20210206_190128.jpg,.jpg,2021:02:06 19:01:28,2021:02:06 19:01:28,,,LGE,LM-K300,JPEG
/home/rich/Pictures/My princess Aileana M Sprague -1-001/My princess Aileana M Sprague /20210206_190135.jpg,20210206_190135.jpg,.jpg,2021:02:06 19:01:35,2021:02:06 19:01:35,,,LGE,LM-K300,JPEG
/home/rich/Pictures/My princess Aileana M Sprague -1-001/My princess Aileana M Sprague /20210207_125211.jpg,20210207_125211.jpg,.jpg,2021:02:07 12:52:11,2021:02:07 12:52:11,,,LGE,LM-K300,JPEG
/home/rich/Pictures/My princess Aileana M Sprague -1-001/My princess Aileana M Sprague /20210209_001123.jpg,20210209_001123.jpg,.jpg,2021:02:09 00:11:23,2021:02:09 00:11:23,,,LGE,LM-K300,JPEG
/home/rich/Pictures/My princess Aileana M Sprague -1-001/My princess Aileana M Sprague /20210209_001143.jpg,20210209_001143.jpg,.jpg,2021:02:09 00:11:43,2021:02:09 00:11:43,,,LGE,LM-K300,JPEG
/home/rich/Pictures/My princess Aileana M Sprague -1-001/My princess Aileana M Sprague /20210209_001147.jpg,20210209_001147.jpg,.jpg,2021:02:09 00:11:47,2021:02:09 00:11:47,,,LGE,LM-K300,JPEG
/home/rich/Pictures/My princess Aileana M Sprague -1-001/My princess Aileana M Sprague /20210209_001153.jpg,20210209_001153.jpg,.jpg,2021:02:09 00:11:53,2021:02:09 00:11:53,,,LGE,LM-K300,JPEG
/home/rich/Pictures/My princess Aileana M Sprague -1-001/My princess Aileana M Sprague /20210209_001158.jpg,20210209_001158.jpg,.jpg,2021:02:09 00:11:58,2021:02:09 00:11:58,,,LGE,LM-K300,JPEG
/home/rich/Pictures/My princess Aileana M Sprague -1-001/My princess Aileana M Sprague /20210209_001203.jpg,20210209_001203.jpg,.jpg,2021:02:09 00:12:03,2021:02:09 00:12:03,,,LGE,LM-K300,JPEG
/home/rich/Pictures/My princess Aileana M Sprague -1-001/My princess Aileana M Sprague /20210209_001436.jpg,20210209_001436.jpg,.jpg,2021:02:09 00:14:36,2021:02:09 00:14:36,,,LGE,LM-K300,JPEG
/home/rich/Pictures/My princess Aileana M Sprague -1-001/My princess Aileana M Sprague /20210209_001457.jpg,20210209_001457.jpg,.jpg,2021:02:09 00:14:57,2021:02:09 00:14:57,,,LGE,LM-K300,JPEG
/home/rich/Pictures/My princess Aileana M Sprague -1-001/My princess Aileana M Sprague /20210209_001511.jpg,20210209_001511.jpg,.jpg,2021:02:09 00:15:10,2021:02:09 00:15:10,,,LGE,LM-K300,JPEG
/home/rich/Pictures/My princess Aileana M Sprague -1-001/My princess Aileana M Sprague /20210209_122445.jpg,20210209_122445.jpg,.jpg,2021:02:09 12:24:45,2021:02:09 12:24:45,,,LGE,LM-K300,JPEG
/home/rich/Pictures/My princess Aileana M Sprague -1-001/My princess Aileana M Sprague /20210209_122450.jpg,20210209_122450.jpg,.jpg,2021:02:09 12:24:50,2021:02:09 12:24:50,,,LGE,LM-K300,JPEG
/home/rich/Pictures/My princess Aileana M Sprague -1-001/My princess Aileana M Sprague /20210209_122456.jpg,20210209_122456.jpg,.jpg,2021:02:09 12:24:56,2021:02:09 12:24:56,,,LGE,LM-K300,JPEG
/home/rich/Pictures/My princess Aileana M Sprague -1-001/My princess Aileana M Sprague /20210209_122526.jpg,20210209_122526.jpg,.jpg,2021:02:09 12:25:25,2021:02:09 12:25:25,,,LGE,LM-K300,JPEG
/home/rich/Pictures/My princess Aileana M Sprague -1-001/My princess Aileana M Sprague /20210209_122538.jpg,20210209_122538.jpg,.jpg,2021:02:09 12:25:37,2021:02:09 12:25:37,,,LGE,LM-K300,JPEG
/home/rich/Pictures/My princess Aileana M Sprague -1-001/My princess Aileana M Sprague /20210209_182841.jpg,20210209_182841.jpg,.jpg,2021:02:09 18:28:41,2021:02:09 18:28:41,,,LGE,LM-K300,JPEG
/home/rich/Pictures/My princess Aileana M Sprague -1-001/My princess Aileana M Sprague /20210209_182849.jpg,20210209_182849.jpg,.jpg,2021:02:09 18:28:49,2021:02:09 18:28:49,,,LGE,LM-K300,JPEG
/home/rich/Pictures/My princess Aileana M Sprague -1-001/My princess Aileana M Sprague /20210209_182853.jpg,20210209_182853.jpg,.jpg,2021:02:09 18:28:53,2021:02:09 18:28:53,,,LGE,LM-K300,JPEG
/home/rich/Pictures/My princess Aileana M Sprague -1-001/My princess Aileana M Sprague /20210209_182908.jpg,20210209_182908.jpg,.jpg,2021:02:09 18:29:08,2021:02:09 18:29:08,,,LGE,LM-K300,JPEG
/home/rich/Pictures/My princess Aileana M Sprague -1-001/My princess Aileana M Sprague /20210211_234210.jpg,20210211_234210.jpg,.jpg,2021:02:11 23:42:10,2021:02:11 23:42:10,,,LGE,LM-K300,JPEG
/home/rich/Pictures/My princess Aileana M Sprague -1-001/My princess Aileana M Sprague /20210211_234222.jpg,20210211_234222.jpg,.jpg,2021:02:11 23:42:22,2021:02:11 23:42:22,,,LGE,LM-K300,JPEG
/home/rich/Pictures/My princess Aileana M Sprague -1-001/My princess Aileana M Sprague /20210211_234226.jpg,20210211_234226.jpg,.jpg,2021:02:11 23:42:26,2021:02:11 23:42:26,,,LGE,LM-K300,JPEG
/home/rich/Pictures/My princess Aileana M Sprague -1-001/My princess Aileana M Sprague /20210211_234236.jpg,20210211_234236.jpg,.jpg,2021:02:11 23:42:36,2021:02:11 23:42:36,,,LGE,LM-K300,JPEG
/home/rich/Pictures/My princess Aileana M Sprague -1-001/My princess Aileana M Sprague /20210211_234240.jpg,20210211_234240.jpg,.jpg,2021:02:11 23:42:39,2021:02:11 23:42:39,,,LGE,LM-K300,JPEG
/home/rich/Pictures/My princess Aileana M Sprague -1-001/My princess Aileana M Sprague /20210213_151443_HDR.jpg,20210213_151443_HDR.jpg,.jpg,2021:02:13 15:14:43,2021:02:13 15:14:43,,,LGE,LM-K300,JPEG
/home/rich/Pictures/My princess Aileana M Sprague -1-001/My princess Aileana M Sprague /20210213_151448_HDR.jpg,20210213_151448_HDR.jpg,.jpg,2021:02:13 15:14:48,2021:02:13 15:14:48,,,LGE,LM-K300,JPEG
/home/rich/Pictures/My princess Aileana M Sprague -1-001/My princess Aileana M Sprague /20210213_151451-COLLAGE.jpg,20210213_151451-COLLAGE.jpg,.jpg,2021:02:13 16:45:55,,,,LGE,LM-K300,JPEG
/home/rich/Pictures/My princess Aileana M Sprague -1-001/My princess Aileana M Sprague /20210213_151451.jpg,20210213_151451.jpg,.jpg,2021:02:13 15:14:51,2021:02:13 15:14:51,,,LGE,LM-K300,JPEG
/home/rich/Pictures/My princess Aileana M Sprague -1-001/My princess Aileana M Sprague /20210213_151503_HDR.jpg,20210213_151503_HDR.jpg,.jpg,2021:02:13 15:15:03,2021:02:13 15:15:03,,,LGE,LM-K300,JPEG
/home/rich/Pictures/My princess Aileana M Sprague -1-001/My princess Aileana M Sprague /20210213_151507.jpg,20210213_151507.jpg,.jpg,2021:02:13 15:15:07,2021:02:13 15:15:07,,,LGE,LM-K300,JPEG
/home/rich/Pictures/My princess Aileana M Sprague -1-001/My princess Aileana M Sprague /20210213_151514_HDR-COLLAGE.jpg,20210213_151514_HDR-COLLAGE.jpg,.jpg,2021:02:13 15:16:43,,,,LGE,LM-K300,JPEG
/home/rich/Pictures/My princess Aileana M Sprague -1-001/My princess Aileana M Sprague /20210213_151514_HDR.jpg,20210213_151514_HDR.jpg,.jpg,2021:02:13 15:15:14,2021:02:13 15:15:14,,,LGE,LM-K300,JPEG
/home/rich/Pictures/My princess Aileana M Sprague -1-001/My princess Aileana M Sprague /20210213_151519_HDR.jpg,20210213_151519_HDR.jpg,.jpg,2021:02:13 15:15:19,2021:02:13 15:15:19,,,LGE,LM-K300,JPEG
/home/rich/Pictures/My princess Aileana M Sprague -1-001/My princess Aileana M Sprague /20210213_151521_HDR.jpg,20210213_151521_HDR.jpg,.jpg,2021:02:13 15:15:21,2021:02:13 15:15:21,,,LGE,LM-K300,JPEG
/home/rich/Pictures/My princess Aileana M Sprague -1-001/My princess Aileana M Sprague /20210213_151617.jpg,20210213_151617.jpg,.jpg,2021:02:13 15:16:16,2021:02:13 15:16:16,,,LGE,LM-K300,JPEG
/home/rich/Pictures/My princess Aileana M Sprague -1-001/My princess Aileana M Sprague /20210213_151624.jpg,20210213_151624.jpg,.jpg,2021:02:13 15:16:24,2021:02:13 15:16:24,,,LGE,LM-K300,JPEG
/home/rich/Pictures/My princess Aileana M Sprague -1-001/My princess Aileana M Sprague /20210213_151631.jpg,20210213_151631.jpg,.jpg,2021:02:13 15:16:31,2021:02:13 15:16:31,,,LGE,LM-K300,JPEG
/home/rich/Pictures/My princess Aileana M Sprague -1-001/My princess Aileana M Sprague /20210213_151643.jpg,20210213_151643.jpg,.jpg,2021:02:13 15:16:43,2021:02:13 15:16:43,,,LGE,LM-K300,JPEG
/home/rich/Pictures/My princess Aileana M Sprague -1-001/My princess Aileana M Sprague /20210213_164441.jpg,20210213_164441.jpg,.jpg,2021:02:13 16:44:40,2021:02:13 16:44:40,,,LGE,LM-K300,JPEG
/home/rich/Pictures/My princess Aileana M Sprague -1-001/My princess Aileana M Sprague /20210213_164450.jpg,20210213_164450.jpg,.jpg,2021:02:13 16:44:50,2021:02:13 16:44:50,,,LGE,LM-K300,JPEG
/home/rich/Pictures/My princess Aileana M Sprague -1-001/My princess Aileana M Sprague /20210213_164501.jpg,20210213_164501.jpg,.jpg,2021:02:13 16:45:00,2021:02:13 16:45:00,,,LGE,LM-K300,JPEG
/home/rich/Pictures/My princess Aileana M Sprague -1-001/My princess Aileana M Sprague /20210213_164510.jpg,20210213_164510.jpg,.jpg,2021:02:13 16:45:10,2021:02:13 16:45:10,,,LGE,LM-K300,JPEG
/home/rich/Pictures/My princess Aileana M Sprague -1-001/My princess Aileana M Sprague /20210213_164523.jpg,20210213_164523.jpg,.jpg,2021:02:13 16:45:22,2021:02:13 16:45:22,,,LGE,LM-K300,JPEG
/home/rich/Pictures/My princess Aileana M Sprague -1-001/My princess Aileana M Sprague /20210213_164538.jpg,20210213_164538.jpg,.jpg,2021:02:13 16:45:38,2021:02:13 16:45:38,,,LGE,LM-K300,JPEG
/home/rich/Pictures/My princess Aileana M Sprague -1-001/My princess Aileana M Sprague /20210213_164541.jpg,20210213_164541.jpg,.jpg,2021:02:13 16:45:40,2021:02:13 16:45:40,,,LGE,LM-K300,JPEG
/home/rich/Pictures/My princess Aileana M Sprague -1-001/My princess Aileana M Sprague /20210213_164544.jpg,20210213_164544.jpg,.jpg,2021:02:13 16:45:44,2021:02:13 16:45:44,,,LGE,LM-K300,JPEG
/home/rich/Pictures/My princess Aileana M Sprague -1-001/My princess Aileana M Sprague /20210213_164547.jpg,20210213_164547.jpg,.jpg,2021:02:13 16:45:46,2021:02:13 16:45:46,,,LGE,LM-K300,JPEG
/home/rich/Pictures/My princess Aileana M Sprague -1-001/My princess Aileana M Sprague /20210213_164548.jpg,20210213_164548.jpg,.jpg,2021:02:13 16:45:48,2021:02:13 16:45:48,,,LGE,LM-K300,JPEG
/home/rich/Pictures/My princess Aileana M Sprague -1-001/My princess Aileana M Sprague /20210213_164551.jpg,20210213_164551.jpg,.jpg,2021:02:13 16:45:51,2021:02:13 16:45:51,,,LGE,LM-K300,JPEG
/home/rich/Pictures/My princess Aileana M Sprague -1-001/My princess Aileana M Sprague /20210213_164555.jpg,20210213_164555.jpg,.jpg,2021:02:13 16:45:55,2021:02:13 16:45:55,,,LGE,LM-K300,JPEG
/home/rich/Pictures/My princess Aileana M Sprague -1-001/My princess Aileana M Sprague /20210213_164700.jpg,20210213_164700.jpg,.jpg,2021:02:13 16:47:00,2021:02:13 16:47:00,,,LGE,LM-K300,JPEG
/home/rich/Pictures/My princess Aileana M Sprague -1-001/My princess Aileana M Sprague /20210213_164707.jpg,20210213_164707.jpg,.jpg,2021:02:13 16:47:07,2021:02:13 16:47:07,,,LGE,LM-K300,JPEG
/home/rich/Pictures/My princess Aileana M Sprague -1-001/My princess Aileana M Sprague /20210214_122620.jpg,20210214_122620.jpg,.jpg,2021:02:14 12:26:19,2021:02:14 12:26:19,,,LGE,LM-K300,JPEG
/home/rich/Pictures/My princess Aileana M Sprague -1-001/My princess Aileana M Sprague /20210214_122627.jpg,20210214_122627.jpg,.jpg,2021:02:14 12:26:27,2021:02:14 12:26:27,,,LGE,LM-K300,JPEG
/home/rich/Pictures/My princess Aileana M Sprague -1-001/My princess Aileana M Sprague /20210214_122633.jpg,20210214_122633.jpg,.jpg,2021:02:14 12:26:33,2021:02:14 12:26:33,,,LGE,LM-K300,JPEG
/home/rich/Pictures/My princess Aileana M Sprague -1-001/My princess Aileana M Sprague /20210214_122644.jpg,20210214_122644.jpg,.jpg,2021:02:14 12:26:44,2021:02:14 12:26:44,,,LGE,LM-K300,JPEG
/home/rich/Pictures/My princess Aileana M Sprague -1-001/My princess Aileana M Sprague /20210217_090517.jpg,20210217_090517.jpg,.jpg,2021:02:17 09:05:17,2021:02:17 09:05:17,,,LGE,LM-K300,JPEG
/home/rich/Pictures/My princess Aileana M Sprague -1-001/My princess Aileana M Sprague /20210217_090519.jpg,20210217_090519.jpg,.jpg,2021:02:17 09:05:19,2021:02:17 09:05:19,,,LGE,LM-K300,JPEG
/home/rich/Pictures/My princess Aileana M Sprague -1-001/My princess Aileana M Sprague /20210217_090525.jpg,20210217_090525.jpg,.jpg,2021:02:17 09:05:25,2021:02:17 09:05:25,,,LGE,LM-K300,JPEG
/home/rich/Pictures/My princess Aileana M Sprague -1-001/My princess Aileana M Sprague /20210217_090545.jpg,20210217_090545.jpg,.jpg,2021:02:17 09:05:45,2021:02:17 09:05:45,,,LGE,LM-K300,JPEG
/home/rich/Pictures/My princess Aileana M Sprague -1-001/My princess Aileana M Sprague /20210217_090604.jpg,20210217_090604.jpg,.jpg,2021:02:17 09:06:04,2021:02:17 09:06:04,,,LGE,LM-K300,JPEG
/home/rich/Pictures/My princess Aileana M Sprague -1-001/My princess Aileana M Sprague /20210217_090613.jpg,20210217_090613.jpg,.jpg,2021:02:17 09:06:13,2021:02:17 09:06:13,,,LGE,LM-K300,JPEG
/home/rich/Pictures/My princess Aileana M Sprague -1-001/My princess Aileana M Sprague /20210219_014658.jpg,20210219_014658.jpg,.jpg,2021:02:19 01:46:58,2021:02:19 01:46:58,,,LGE,LM-K300,JPEG
/home/rich/Pictures/My princess Aileana M Sprague -1-001/My princess Aileana M Sprague /20210219_014701.jpg,20210219_014701.jpg,.jpg,2021:02:19 01:47:01,2021:02:19 01:47:01,,,LGE,LM-K300,JPEG
/home/rich/Pictures/My princess Aileana M Sprague -1-001/My princess Aileana M Sprague /20210220_121811.jpg,20210220_121811.jpg,.jpg,2021:02:20 12:18:11,2021:02:20 12:18:11,,,LGE,LM-K300,JPEG
/home/rich/Pictures/My princess Aileana M Sprague -1-001/My princess Aileana M Sprague /20210220_121843.jpg,20210220_121843.jpg,.jpg,2021:02:20 12:18:43,2021:02:20 12:18:43,,,LGE,LM-K300,JPEG
/home/rich/Pictures/My princess Aileana M Sprague -1-001/My princess Aileana M Sprague /20210220_121850.jpg,20210220_121850.jpg,.jpg,2021:02:20 12:18:50,2021:02:20 12:18:50,,,LGE,LM-K300,JPEG
/home/rich/Pictures/My princess Aileana M Sprague -1-001/My princess Aileana M Sprague /20210220_134604.jpg,20210220_134604.jpg,.jpg,2021:02:20 13:46:03,2021:02:20 13:46:03,,,LGE,LM-K300,JPEG
/home/rich/Pictures/My princess Aileana M Sprague -1-001/My princess Aileana M Sprague /20210220_134619.jpg,20210220_134619.jpg,.jpg,2021:02:20 13:46:18,2021:02:20 13:46:18,,,LGE,LM-K300,JPEG
/home/rich/Pictures/My princess Aileana M Sprague -1-001/My princess Aileana M Sprague /20210220_134638.jpg,20210220_134638.jpg,.jpg,2021:02:20 13:46:37,2021:02:20 13:46:37,,,LGE,LM-K300,JPEG
/home/rich/Pictures/My princess Aileana M Sprague -1-001/My princess Aileana M Sprague /20210220_134643.jpg,20210220_134643.jpg,.jpg,2021:02:20 13:46:42,2021:02:20 13:46:42,,,LGE,LM-K300,JPEG
/home/rich/Pictures/My princess Aileana M Sprague -1-001/My princess Aileana M Sprague /20210220_134649.jpg,20210220_134649.jpg,.jpg,2021:02:20 13:46:49,2021:02:20 13:46:49,,,LGE,LM-K300,JPEG
/home/rich/Pictures/My princess Aileana M Sprague -1-001/My princess Aileana M Sprague /20210220_134657.jpg,20210220_134657.jpg,.jpg,2021:02:20 13:46:57,2021:02:20 13:46:57,,,LGE,LM-K300,JPEG
/home/rich/Pictures/My princess Aileana M Sprague -1-001/My princess Aileana M Sprague /20210220_134733.jpg,20210220_134733.jpg,.jpg,2021:02:20 13:47:32,2021:02:20 13:47:32,,,LGE,LM-K300,JPEG
/home/rich/Pictures/My princess Aileana M Sprague -1-001/My princess Aileana M Sprague /20210220_134740.jpg,20210220_134740.jpg,.jpg,2021:02:20 13:47:39,2021:02:20 13:47:39,,,LGE,LM-K300,JPEG
/home/rich/Pictures/My princess Aileana M Sprague -1-001/My princess Aileana M Sprague /20210220_134750.jpg,20210220_134750.jpg,.jpg,2021:02:20 13:47:50,2021:02:20 13:47:50,,,LGE,LM-K300,JPEG
/home/rich/Pictures/My princess Aileana M Sprague -1-001/My princess Aileana M Sprague /20210220_134756.jpg,20210220_134756.jpg,.jpg,2021:02:20 13:47:55,2021:02:20 13:47:55,,,LGE,LM-K300,JPEG
/home/rich/Pictures/My princess Aileana M Sprague -1-001/My princess Aileana M Sprague /20210220_134800.jpg,20210220_134800.jpg,.jpg,2021:02:20 13:48:00,2021:02:20 13:48:00,,,LGE,LM-K300,JPEG
/home/rich/Pictures/My princess Aileana M Sprague -1-001/My princess Aileana M Sprague /20210220_135702.jpg,20210220_135702.jpg,.jpg,2021:02:20 13:57:01,2021:02:20 13:57:01,,,LGE,LM-K300,JPEG
/home/rich/Pictures/My princess Aileana M Sprague -1-001/My princess Aileana M Sprague /20210220_135703.jpg,20210220_135703.jpg,.jpg,2021:02:20 13:57:03,2021:02:20 13:57:03,,,LGE,LM-K300,JPEG
/home/rich/Pictures/My princess Aileana M Sprague -1-001/My princess Aileana M Sprague /20210220_135710_HDR.jpg,20210220_135710_HDR.jpg,.jpg,2021:02:20 13:57:10,2021:02:20 13:57:10,,,LGE,LM-K300,JPEG
/home/rich/Pictures/My princess Aileana M Sprague -1-001/My princess Aileana M Sprague /20210220_135714.jpg,20210220_135714.jpg,.jpg,2021:02:20 13:57:14,2021:02:20 13:57:14,,,LGE,LM-K300,JPEG
/home/rich/Pictures/My princess Aileana M Sprague -1-001/My princess Aileana M Sprague /20210220_135749_HDR-COLLAGE.jpg,20210220_135749_HDR-COLLAGE.jpg,.jpg,2021:02:20 13:58:22,,,,LGE,LM-K300,JPEG
/home/rich/Pictures/My princess Aileana M Sprague -1-001/My princess Aileana M Sprague /20210220_135749_HDR.jpg,20210220_135749_HDR.jpg,.jpg,2021:02:20 13:57:49,2021:02:20 13:57:49,,,LGE,LM-K300,JPEG
/home/rich/Pictures/My princess Aileana M Sprague -1-001/My princess Aileana M Sprague /20210220_135802_HDR.jpg,20210220_135802_HDR.jpg,.jpg,2021:02:20 13:58:02,2021:02:20 13:58:02,,,LGE,LM-K300,JPEG
/home/rich/Pictures/My princess Aileana M Sprague -1-001/My princess Aileana M Sprague /20210220_135803_HDR.jpg,20210220_135803_HDR.jpg,.jpg,2021:02:20 13:58:03,2021:02:20 13:58:03,,,LGE,LM-K300,JPEG
/home/rich/Pictures/My princess Aileana M Sprague -1-001/My princess Aileana M Sprague /20210220_135822_HDR.jpg,20210220_135822_HDR.jpg,.jpg,2021:02:20 13:58:22,2021:02:20 13:58:22,,,LGE,LM-K300,JPEG
/home/rich/Pictures/My princess Aileana M Sprague -1-001/My princess Aileana M Sprague /20210220_180543.jpg,20210220_180543.jpg,.jpg,2021:02:20 18:05:43,2021:02:20 18:05:43,,,LGE,LM-K300,JPEG
/home/rich/Pictures/My princess Aileana M Sprague -1-001/My princess Aileana M Sprague /20210220_180547.jpg,20210220_180547.jpg,.jpg,2021:02:20 18:05:47,2021:02:20 18:05:47,,,LGE,LM-K300,JPEG
/home/rich/Pictures/My princess Aileana M Sprague -1-001/My princess Aileana M Sprague /20210220_180554.jpg,20210220_180554.jpg,.jpg,2021:02:20 18:05:54,2021:02:20 18:05:54,,,LGE,LM-K300,JPEG
/home/rich/Pictures/My princess Aileana M Sprague -1-001/My princess Aileana M Sprague /20210220_180605.jpg,20210220_180605.jpg,.jpg,2021:02:20 18:06:05,2021:02:20 18:06:05,,,LGE,LM-K300,JPEG
/home/rich/Pictures/My princess Aileana M Sprague -1-001/My princess Aileana M Sprague /20210221_121916.jpg,20210221_121916.jpg,.jpg,2021:02:21 12:19:16,2021:02:21 12:19:16,,,LGE,LM-K300,JPEG
/home/rich/Pictures/My princess Aileana M Sprague -1-001/My princess Aileana M Sprague /20210221_122237.jpg,20210221_122237.jpg,.jpg,2021:02:21 12:22:36,2021:02:21 12:22:36,,,LGE,LM-K300,JPEG
/home/rich/Pictures/My princess Aileana M Sprague -1-001/My princess Aileana M Sprague /20210221_231004.jpg,20210221_231004.jpg,.jpg,2021:02:21 23:10:04,2021:02:21 23:10:04,,,LGE,LM-K300,JPEG
/home/rich/Pictures/My princess Aileana M Sprague -1-001/My princess Aileana M Sprague /20210221_231026.jpg,20210221_231026.jpg,.jpg,2021:02:21 23:10:26,2021:02:21 23:10:26,,,LGE,LM-K300,JPEG
/home/rich/Pictures/My princess Aileana M Sprague -1-001/My princess Aileana M Sprague /20210221_231033.jpg,20210221_231033.jpg,.jpg,2021:02:21 23:10:33,2021:02:21 23:10:33,,,LGE,LM-K300,JPEG
/home/rich/Pictures/My princess Aileana M Sprague -1-001/My princess Aileana M Sprague /20210221_231040.jpg,20210221_231040.jpg,.jpg,2021:02:21 23:10:39,2021:02:21 23:10:39,,,LGE,LM-K300,JPEG
/home/rich/Pictures/My princess Aileana M Sprague -1-001/My princess Aileana M Sprague /20210222_124329_HDR.jpg,20210222_124329_HDR.jpg,.jpg,2021:02:22 12:43:29,2021:02:22 12:43:29,,,LGE,LM-K300,JPEG
/home/rich/Pictures/My princess Aileana M Sprague -1-001/My princess Aileana M Sprague /20210222_124714.jpg,20210222_124714.jpg,.jpg,2021:02:22 12:47:13,2021:02:22 12:47:13,,,LGE,LM-K300,JPEG
/home/rich/Pictures/My princess Aileana M Sprague -1-001/My princess Aileana M Sprague /20210222_124724.jpg,20210222_124724.jpg,.jpg,2021:02:22 12:47:24,2021:02:22 12:47:24,,,LGE,LM-K300,JPEG
/home/rich/Pictures/My princess Aileana M Sprague -1-001/My princess Aileana M Sprague /20210222_124740.jpg,20210222_124740.jpg,.jpg,2021:02:22 12:47:40,2021:02:22 12:47:40,,,LGE,LM-K300,JPEG
/home/rich/Pictures/My princess Aileana M Sprague -1-001/My princess Aileana M Sprague /20210222_235904.jpg,20210222_235904.jpg,.jpg,2021:02:22 23:59:04,2021:02:22 23:59:04,,,LGE,LM-K300,JPEG
/home/rich/Pictures/My princess Aileana M Sprague -1-001/My princess Aileana M Sprague /20210222_235908.jpg,20210222_235908.jpg,.jpg,2021:02:22 23:59:08,2021:02:22 23:59:08,,,LGE,LM-K300,JPEG
/home/rich/Pictures/My princess Aileana M Sprague -1-001/My princess Aileana M Sprague /20210222_235909.jpg,20210222_235909.jpg,.jpg,2021:02:22 23:59:09,2021:02:22 23:59:09,,,LGE,LM-K300,JPEG
/home/rich/Pictures/My princess Aileana M Sprague -1-001/My princess Aileana M Sprague /20210222_235913.jpg,20210222_235913.jpg,.jpg,2021:02:22 23:59:12,2021:02:22 23:59:12,,,LGE,LM-K300,JPEG
/home/rich/Pictures/My princess Aileana M Sprague -1-001/My princess Aileana M Sprague /20210223_131450.jpg,20210223_131450.jpg,.jpg,2021:02:23 13:14:50,2021:02:23 13:14:50,,,LGE,LM-K300,JPEG
/home/rich/Pictures/My princess Aileana M Sprague -1-001/My princess Aileana M Sprague /20210223_153416-COLLAGE.jpg,20210223_153416-COLLAGE.jpg,.jpg,2021:02:23 15:34:23,,,,LGE,LM-K300,JPEG
/home/rich/Pictures/My princess Aileana M Sprague -1-001/My princess Aileana M Sprague /20210223_153416.jpg,20210223_153416.jpg,.jpg,2021:02:23 15:34:16,2021:02:23 15:34:16,,,LGE,LM-K300,JPEG
/home/rich/Pictures/My princess Aileana M Sprague -1-001/My princess Aileana M Sprague /20210223_153421.jpg,20210223_153421.jpg,.jpg,2021:02:23 15:34:21,2021:02:23 15:34:21,,,LGE,LM-K300,JPEG
/home/rich/Pictures/My princess Aileana M Sprague -1-001/My princess Aileana M Sprague /20210223_153423.jpg,20210223_153423.jpg,.jpg,2021:02:23 15:34:23,2021:02:23 15:34:23,,,LGE,LM-K300,JPEG
/home/rich/Pictures/My princess Aileana M Sprague -1-001/My princess Aileana M Sprague /20210223_153445.jpg,20210223_153445.jpg,.jpg,2021:02:23 15:34:45,2021:02:23 15:34:45,,,LGE,LM-K300,JPEG
/home/rich/Pictures/My princess Aileana M Sprague -1-001/My princess Aileana M Sprague /20210223_153447.jpg,20210223_153447.jpg,.jpg,2021:02:23 15:34:47,2021:02:23 15:34:47,,,LGE,LM-K300,JPEG
/home/rich/Pictures/My princess Aileana M Sprague -1-001/My princess Aileana M Sprague /20210223_153449.jpg,20210223_153449.jpg,.jpg,2021:02:23 15:34:49,2021:02:23 15:34:49,,,LGE,LM-K300,JPEG
/home/rich/Pictures/My princess Aileana M Sprague -1-001/My princess Aileana M Sprague /20210223_153506.jpg,20210223_153506.jpg,.jpg,2021:02:23 15:35:06,2021:02:23 15:35:06,,,LGE,LM-K300,JPEG
/home/rich/Pictures/My princess Aileana M Sprague -1-001/My princess Aileana M Sprague /20210223_153515.jpg,20210223_153515.jpg,.jpg,2021:02:23 15:35:15,2021:02:23 15:35:15,,,LGE,LM-K300,JPEG
/home/rich/Pictures/My princess Aileana M Sprague -1-001/My princess Aileana M Sprague /20210223_153528.jpg,20210223_153528.jpg,.jpg,2021:02:23 15:35:28,2021:02:23 15:35:28,,,LGE,LM-K300,JPEG
/home/rich/Pictures/My princess Aileana M Sprague -1-001/My princess Aileana M Sprague /20210223_205533.jpg,20210223_205533.jpg,.jpg,2021:02:23 20:55:33,2021:02:23 20:55:33,,,LGE,LM-K300,JPEG
/home/rich/Pictures/My princess Aileana M Sprague -1-001/My princess Aileana M Sprague /20210223_205537.jpg,20210223_205537.jpg,.jpg,2021:02:23 20:55:37,2021:02:23 20:55:37,,,LGE,LM-K300,JPEG
/home/rich/Pictures/My princess Aileana M Sprague -1-001/My princess Aileana M Sprague /20210223_224510.jpg,20210223_224510.jpg,.jpg,2021:02:23 22:45:10,2021:02:23 22:45:10,,,LGE,LM-K300,JPEG
/home/rich/Pictures/My princess Aileana M Sprague -1-001/My princess Aileana M Sprague /20210223_224513.jpg,20210223_224513.jpg,.jpg,2021:02:23 22:45:13,2021:02:23 22:45:13,,,LGE,LM-K300,JPEG
/home/rich/Pictures/My princess Aileana M Sprague -1-001/My princess Aileana M Sprague /20210223_224523.jpg,20210223_224523.jpg,.jpg,2021:02:23 22:45:22,2021:02:23 22:45:22,,,LGE,LM-K300,JPEG
/home/rich/Pictures/My princess Aileana M Sprague -1-001/My princess Aileana M Sprague /20210223_224531.jpg,20210223_224531.jpg,.jpg,2021:02:23 22:45:30,2021:02:23 22:45:30,,,LGE,LM-K300,JPEG
/home/rich/Pictures/My princess Aileana M Sprague -1-001/My princess Aileana M Sprague /20210225_001105.jpg,20210225_001105.jpg,.jpg,2021:02:25 00:11:05,2021:02:25 00:11:05,,,LGE,LM-K300,JPEG
/home/rich/Pictures/My princess Aileana M Sprague -1-001/My princess Aileana M Sprague /20210225_001112.jpg,20210225_001112.jpg,.jpg,2021:02:25 00:11:12,2021:02:25 00:11:12,,,LGE,LM-K300,JPEG
/home/rich/Pictures/My princess Aileana M Sprague -1-001/My princess Aileana M Sprague /20210225_001124.jpg,20210225_001124.jpg,.jpg,2021:02:25 00:11:23,2021:02:25 00:11:23,,,LGE,LM-K300,JPEG
/home/rich/Pictures/My princess Aileana M Sprague -1-001/My princess Aileana M Sprague /20210225_175049-COLLAGE.jpg,20210225_175049-COLLAGE.jpg,.jpg,2021:02:25 17:51:21,,,,LGE,LM-K300,JPEG
/home/rich/Pictures/My princess Aileana M Sprague -1-001/My princess Aileana M Sprague /20210225_175049.jpg,20210225_175049.jpg,.jpg,2021:02:25 17:50:49,2021:02:25 17:50:49,,,LGE,LM-K300,JPEG
/home/rich/Pictures/My princess Aileana M Sprague -1-001/My princess Aileana M Sprague /20210225_175049_(1).jpg,20210225_175049_(1).jpg,.jpg,,,,,LGE,LM-K300,JPEG
/home/rich/Pictures/My princess Aileana M Sprague -1-001/My princess Aileana M Sprague /20210225_175054_(1).jpg,20210225_175054_(1).jpg,.jpg,,,,,LGE,LM-K300,JPEG
/home/rich/Pictures/My princess Aileana M Sprague -1-001/My princess Aileana M Sprague /20210225_175108_(1).jpg,20210225_175108_(1).jpg,.jpg,,,,,LGE,LM-K300,JPEG
/home/rich/Pictures/My princess Aileana M Sprague -1-001/My princess Aileana M Sprague /20210225_175111.jpg,20210225_175111.jpg,.jpg,2021:02:25 17:51:11,2021:02:25 17:51:11,,,LGE,LM-K300,JPEG
/home/rich/Pictures/My princess Aileana M Sprague -1-001/My princess Aileana M Sprague /20210225_175111_(1).jpg,20210225_175111_(1).jpg,.jpg,,,,,LGE,LM-K300,JPEG
/home/rich/Pictures/My princess Aileana M Sprague -1-001/My princess Aileana M Sprague /20210225_175119.jpg,20210225_175119.jpg,.jpg,2021:02:25 17:51:19,2021:02:25 17:51:19,,,LGE,LM-K300,JPEG
/home/rich/Pictures/My princess Aileana M Sprague -1-001/My princess Aileana M Sprague /20210225_175121.jpg,20210225_175121.jpg,.jpg,2021:02:25 17:51:21,2021:02:25 17:51:21,,,LGE,LM-K300,JPEG
/home/rich/Pictures/My princess Aileana M Sprague -1-001/My princess Aileana M Sprague /20210225_175121_(1).jpg,20210225_175121_(1).jpg,.jpg,,,,,LGE,LM-K300,JPEG
/home/rich/Pictures/My princess Aileana M Sprague -1-001/My princess Aileana M Sprague /20210225_175357.jpg,20210225_175357.jpg,.jpg,2021:02:25 17:53:57,2021:02:25 17:53:57,,,LGE,LM-K300,JPEG
/home/rich/Pictures/My princess Aileana M Sprague -1-001/My princess Aileana M Sprague /20210225_175449.jpg,20210225_175449.jpg,.jpg,2021:02:25 17:54:48,2021:02:25 17:54:48,,,LGE,LM-K300,JPEG
/home/rich/Pictures/My princess Aileana M Sprague -1-001/My princess Aileana M Sprague /20210225_175454.jpg,20210225_175454.jpg,.jpg,2021:02:25 17:54:53,2021:02:25 17:54:53,,,LGE,LM-K300,JPEG
/home/rich/Pictures/My princess Aileana M Sprague -1-001/My princess Aileana M Sprague /20210225_175454_(1).jpg,20210225_175454_(1).jpg,.jpg,,,,,LGE,LM-K300,JPEG
/home/rich/Pictures/My princess Aileana M Sprague -1-001/My princess Aileana M Sprague /20210227_024430.jpg,20210227_024430.jpg,.jpg,2021:02:27 02:44:30,2021:02:27 02:44:30,,,LGE,LM-K300,JPEG
/home/rich/Pictures/My princess Aileana M Sprague -1-001/My princess Aileana M Sprague /20210227_131844.jpg,20210227_131844.jpg,.jpg,2021:02:27 13:18:44,2021:02:27 13:18:44,,,LGE,LM-K300,JPEG
/home/rich/Pictures/My princess Aileana M Sprague -1-001/My princess Aileana M Sprague /20210227_142158-COLLAGE.jpg,20210227_142158-COLLAGE.jpg,.jpg,2021:02:27 14:21:58,,,,LGE,LM-K300,JPEG
/home/rich/Pictures/My princess Aileana M Sprague -1-001/My princess Aileana M Sprague /20210227_154424.jpg,20210227_154424.jpg,.jpg,2021:02:27 15:44:24,2021:02:27 15:44:24,,,LGE,LM-K300,JPEG
/home/rich/Pictures/My princess Aileana M Sprague -1-001/My princess Aileana M Sprague /20210227_154430.jpg,20210227_154430.jpg,.jpg,2021:02:27 15:44:30,2021:02:27 15:44:30,,,LGE,LM-K300,JPEG
/home/rich/Pictures/My princess Aileana M Sprague -1-001/My princess Aileana M Sprague /20210227_154432.jpg,20210227_154432.jpg,.jpg,2021:02:27 15:44:32,2021:02:27 15:44:32,,,LGE,LM-K300,JPEG
/home/rich/Pictures/My princess Aileana M Sprague -1-001/My princess Aileana M Sprague /20210227_154438.jpg,20210227_154438.jpg,.jpg,2021:02:27 15:44:38,2021:02:27 15:44:38,,,LGE,LM-K300,JPEG
/home/rich/Pictures/My princess Aileana M Sprague -1-001/My princess Aileana M Sprague /20210227_161332-COLLAGE.jpg,20210227_161332-COLLAGE.jpg,.jpg,2021:02:27 16:13:55,,,,LGE,LM-K300,JPEG
/home/rich/Pictures/My princess Aileana M Sprague -1-001/My princess Aileana M Sprague /20210227_161332.jpg,20210227_161332.jpg,.jpg,2021:02:27 16:13:32,2021:02:27 16:13:32,,,LGE,LM-K300,JPEG
/home/rich/Pictures/My princess Aileana M Sprague -1-001/My princess Aileana M Sprague /20210227_161334.jpg,20210227_161334.jpg,.jpg,2021:02:27 16:13:34,2021:02:27 16:13:34,,,LGE,LM-K300,JPEG
/home/rich/Pictures/My princess Aileana M Sprague -1-001/My princess Aileana M Sprague /20210227_161342.jpg,20210227_161342.jpg,.jpg,2021:02:27 16:13:42,2021:02:27 16:13:42,,,LGE,LM-K300,JPEG
/home/rich/Pictures/My princess Aileana M Sprague -1-001/My princess Aileana M Sprague /20210227_161355.jpg,20210227_161355.jpg,.jpg,2021:02:27 16:13:55,2021:02:27 16:13:55,,,LGE,LM-K300,JPEG
/home/rich/Pictures/My princess Aileana M Sprague -1-001/My princess Aileana M Sprague /20210227_161503.jpg,20210227_161503.jpg,.jpg,2021:02:27 16:15:03,2021:02:27 16:15:03,,,LGE,LM-K300,JPEG
/home/rich/Pictures/My princess Aileana M Sprague -1-001/My princess Aileana M Sprague /20210227_162016.jpg,20210227_162016.jpg,.jpg,2021:02:27 16:20:16,2021:02:27 16:20:16,,,LGE,LM-K300,JPEG
/home/rich/Pictures/My princess Aileana M Sprague -1-001/My princess Aileana M Sprague /20210227_162018.jpg,20210227_162018.jpg,.jpg,2021:02:27 16:20:18,2021:02:27 16:20:18,,,LGE,LM-K300,JPEG
/home/rich/Pictures/My princess Aileana M Sprague -1-001/My princess Aileana M Sprague /20210227_162021.jpg,20210227_162021.jpg,.jpg,2021:02:27 16:20:21,2021:02:27 16:20:21,,,LGE,LM-K300,JPEG
/home/rich/Pictures/My princess Aileana M Sprague -1-001/My princess Aileana M Sprague /20210227_234949.jpg,20210227_234949.jpg,.jpg,2021:02:27 23:49:49,2021:02:27 23:49:49,,,LGE,LM-K300,JPEG
/home/rich/Pictures/My princess Aileana M Sprague -1-001/My princess Aileana M Sprague /20210228_141319.jpg,20210228_141319.jpg,.jpg,2021:02:28 14:13:19,2021:02:28 14:13:19,,,LGE,LM-K300,JPEG
/home/rich/Pictures/My princess Aileana M Sprague -1-001/My princess Aileana M Sprague /20210302_144053.jpg,20210302_144053.jpg,.jpg,2021:03:02 14:40:53,2021:03:02 14:40:53,,,LGE,LM-K300,JPEG
/home/rich/Pictures/My princess Aileana M Sprague -1-001/My princess Aileana M Sprague /20210302_151208.jpg,20210302_151208.jpg,.jpg,2021:03:02 15:12:08,2021:03:02 15:12:08,,,LGE,LM-K300,JPEG
/home/rich/Pictures/My princess Aileana M Sprague -1-001/My princess Aileana M Sprague /20210302_151212.jpg,20210302_151212.jpg,.jpg,2021:03:02 15:12:12,2021:03:02 15:12:12,,,LGE,LM-K300,JPEG
/home/rich/Pictures/My princess Aileana M Sprague -1-001/My princess Aileana M Sprague /20210302_151301.jpg,20210302_151301.jpg,.jpg,2021:03:02 15:13:01,2021:03:02 15:13:01,,,LGE,LM-K300,JPEG
/home/rich/Pictures/My princess Aileana M Sprague -1-001/My princess Aileana M Sprague /20210302_151348.jpg,20210302_151348.jpg,.jpg,2021:03:02 15:13:48,2021:03:02 15:13:48,,,LGE,LM-K300,JPEG
/home/rich/Pictures/My princess Aileana M Sprague -1-001/My princess Aileana M Sprague /20210306_132337.jpg,20210306_132337.jpg,.jpg,2021:03:06 13:23:37,2021:03:06 13:23:37,,,LGE,LM-K300,JPEG
/home/rich/Pictures/My princess Aileana M Sprague -1-001/My princess Aileana M Sprague /20210306_132339.jpg,20210306_132339.jpg,.jpg,2021:03:06 13:23:39,2021:03:06 13:23:39,,,LGE,LM-K300,JPEG
/home/rich/Pictures/My princess Aileana M Sprague -1-001/My princess Aileana M Sprague /20210306_132408.jpg,20210306_132408.jpg,.jpg,2021:03:06 13:24:08,2021:03:06 13:24:08,,,LGE,LM-K300,JPEG
/home/rich/Pictures/My princess Aileana M Sprague -1-001/My princess Aileana M Sprague /20210306_132415.jpg,20210306_132415.jpg,.jpg,2021:03:06 13:24:15,2021:03:06 13:24:15,,,LGE,LM-K300,JPEG
/home/rich/Pictures/My princess Aileana M Sprague -1-001/My princess Aileana M Sprague /20210306_132453.jpg,20210306_132453.jpg,.jpg,2021:03:06 13:24:53,2021:03:06 13:24:53,,,LGE,LM-K300,JPEG
/home/rich/Pictures/My princess Aileana M Sprague -1-001/My princess Aileana M Sprague /20210306_132502.jpg,20210306_132502.jpg,.jpg,2021:03:06 13:25:02,2021:03:06 13:25:02,,,LGE,LM-K300,JPEG
/home/rich/Pictures/My princess Aileana M Sprague -1-001/My princess Aileana M Sprague /20210308_150539_HDR.jpg,20210308_150539_HDR.jpg,.jpg,2021:03:08 15:05:39,2021:03:08 15:05:39,,,LGE,LM-K300,JPEG
/home/rich/Pictures/My princess Aileana M Sprague -1-001/My princess Aileana M Sprague /20210308_150555_HDR.jpg,20210308_150555_HDR.jpg,.jpg,2021:03:08 15:05:55,2021:03:08 15:05:55,,,LGE,LM-K300,JPEG
/home/rich/Pictures/My princess Aileana M Sprague -1-001/My princess Aileana M Sprague /20210308_151004.jpg,20210308_151004.jpg,.jpg,2021:03:08 15:10:04,2021:03:08 15:10:04,,,LGE,LM-K300,JPEG
/home/rich/Pictures/My princess Aileana M Sprague -1-001/My princess Aileana M Sprague /20210308_151032.jpg,20210308_151032.jpg,.jpg,2021:03:08 15:10:32,2021:03:08 15:10:32,,,LGE,LM-K300,JPEG
/home/rich/Pictures/My princess Aileana M Sprague -1-001/My princess Aileana M Sprague /20210308_151302_HDR.jpg,20210308_151302_HDR.jpg,.jpg,2021:03:08 15:13:01,2021:03:08 15:13:01,,,LGE,LM-K300,JPEG
/home/rich/Pictures/My princess Aileana M Sprague -1-001/My princess Aileana M Sprague /20210308_151308_HDR.jpg,20210308_151308_HDR.jpg,.jpg,2021:03:08 15:13:08,2021:03:08 15:13:08,,,LGE,LM-K300,JPEG
/home/rich/Pictures/My princess Aileana M Sprague -1-001/My princess Aileana M Sprague /20210308_151317_HDR.jpg,20210308_151317_HDR.jpg,.jpg,2021:03:08 15:13:16,2021:03:08 15:13:16,,,LGE,LM-K300,JPEG
/home/rich/Pictures/My princess Aileana M Sprague -1-001/My princess Aileana M Sprague /20210308_151320_HDR.jpg,20210308_151320_HDR.jpg,.jpg,2021:03:08 15:13:20,2021:03:08 15:13:20,,,LGE,LM-K300,JPEG
/home/rich/Pictures/My princess Aileana M Sprague -1-001/My princess Aileana M Sprague /20210308_151331_HDR.jpg,20210308_151331_HDR.jpg,.jpg,2021:03:08 15:13:31,2021:03:08 15:13:31,,,LGE,LM-K300,JPEG
/home/rich/Pictures/My princess Aileana M Sprague -1-001/My princess Aileana M Sprague /20210308_151334_HDR.jpg,20210308_151334_HDR.jpg,.jpg,2021:03:08 15:13:34,2021:03:08 15:13:34,,,LGE,LM-K300,JPEG
/home/rich/Pictures/My princess Aileana M Sprague -1-001/My princess Aileana M Sprague /20210308_151340_HDR.jpg,20210308_151340_HDR.jpg,.jpg,2021:03:08 15:13:40,2021:03:08 15:13:40,,,LGE,LM-K300,JPEG
/home/rich/Pictures/My princess Aileana M Sprague -1-001/My princess Aileana M Sprague /20210308_151342_HDR.jpg,20210308_151342_HDR.jpg,.jpg,2021:03:08 15:13:42,2021:03:08 15:13:42,,,LGE,LM-K300,JPEG
/home/rich/Pictures/My princess Aileana M Sprague -1-001/My princess Aileana M Sprague /20210308_151343_HDR.jpg,20210308_151343_HDR.jpg,.jpg,2021:03:08 15:13:43,2021:03:08 15:13:43,,,LGE,LM-K300,JPEG
/home/rich/Pictures/My princess Aileana M Sprague -1-001/My princess Aileana M Sprague /20210311_102818.jpg,20210311_102818.jpg,.jpg,2021:03:11 10:28:18,2021:03:11 10:28:18,,,LGE,LM-K300,JPEG
/home/rich/Pictures/My princess Aileana M Sprague -1-001/My princess Aileana M Sprague /20210311_102825-COLLAGE.jpg,20210311_102825-COLLAGE.jpg,.jpg,2021:03:11 10:46:01,,,,LGE,LM-K300,JPEG
/home/rich/Pictures/My princess Aileana M Sprague -1-001/My princess Aileana M Sprague /20210311_102825.jpg,20210311_102825.jpg,.jpg,2021:03:11 10:28:25,2021:03:11 10:28:25,,,LGE,LM-K300,JPEG
/home/rich/Pictures/My princess Aileana M Sprague -1-001/My princess Aileana M Sprague /20210311_102848.jpg,20210311_102848.jpg,.jpg,2021:03:11 10:28:48,2021:03:11 10:28:48,,,LGE,LM-K300,JPEG
/home/rich/Pictures/My princess Aileana M Sprague -1-001/My princess Aileana M Sprague /20210311_103026.jpg,20210311_103026.jpg,.jpg,2021:03:11 10:30:26,2021:03:11 10:30:26,,,LGE,LM-K300,JPEG
/home/rich/Pictures/My princess Aileana M Sprague -1-001/My princess Aileana M Sprague /20210311_103029.jpg,20210311_103029.jpg,.jpg,2021:03:11 10:30:29,2021:03:11 10:30:29,,,LGE,LM-K300,JPEG
/home/rich/Pictures/My princess Aileana M Sprague -1-001/My princess Aileana M Sprague /20210311_103031.jpg,20210311_103031.jpg,.jpg,2021:03:11 10:30:31,2021:03:11 10:30:31,,,LGE,LM-K300,JPEG
/home/rich/Pictures/My princess Aileana M Sprague -1-001/My princess Aileana M Sprague /20210311_104601.jpg,20210311_104601.jpg,.jpg,2021:03:11 10:46:01,2021:03:11 10:46:01,,,LGE,LM-K300,JPEG
/home/rich/Pictures/My princess Aileana M Sprague -1-001/My princess Aileana M Sprague /20210311_222124.jpg,20210311_222124.jpg,.jpg,2021:03:11 22:21:24,2021:03:11 22:21:24,,,LGE,LM-K300,JPEG
/home/rich/Pictures/My princess Aileana M Sprague -1-001/My princess Aileana M Sprague /20210313_140719.jpg,20210313_140719.jpg,.jpg,2021:03:13 14:07:19,2021:03:13 14:07:19,,,LGE,LM-K300,JPEG
/home/rich/Pictures/My princess Aileana M Sprague -1-001/My princess Aileana M Sprague /20210313_142425.jpg,20210313_142425.jpg,.jpg,2021:03:13 14:24:25,2021:03:13 14:24:25,,,LGE,LM-K300,JPEG
/home/rich/Pictures/My princess Aileana M Sprague -1-001/My princess Aileana M Sprague /20210313_142428.jpg,20210313_142428.jpg,.jpg,2021:03:13 14:24:28,2021:03:13 14:24:28,,,LGE,LM-K300,JPEG
/home/rich/Pictures/My princess Aileana M Sprague -1-001/My princess Aileana M Sprague /20210313_153747_HDR.jpg,20210313_153747_HDR.jpg,.jpg,2021:03:13 15:37:47,2021:03:13 15:37:47,,,LGE,LM-K300,JPEG
/home/rich/Pictures/My princess Aileana M Sprague -1-001/My princess Aileana M Sprague /20210313_153754_HDR.jpg,20210313_153754_HDR.jpg,.jpg,2021:03:13 15:37:54,2021:03:13 15:37:54,,,LGE,LM-K300,JPEG
/home/rich/Pictures/My princess Aileana M Sprague -1-001/My princess Aileana M Sprague /20210316_124235.jpg,20210316_124235.jpg,.jpg,2021:03:16 12:42:35,2021:03:16 12:42:35,,,LGE,LM-K300,JPEG
/home/rich/Pictures/My princess Aileana M Sprague -1-001/My princess Aileana M Sprague /20210316_124254.jpg,20210316_124254.jpg,.jpg,2021:03:16 12:42:54,2021:03:16 12:42:54,,,LGE,LM-K300,JPEG
/home/rich/Pictures/My princess Aileana M Sprague -1-001/My princess Aileana M Sprague /20210610_000848.jpg,20210610_000848.jpg,.jpg,2021:06:10 00:08:48,2021:06:10 00:08:48,,,LGE,LM-K300,JPEG
/home/rich/Pictures/My princess Aileana M Sprague -1-001/My princess Aileana M Sprague /20210610_000851.jpg,20210610_000851.jpg,.jpg,2021:06:10 00:08:51,2021:06:10 00:08:51,,,LGE,LM-K300,JPEG
/home/rich/Pictures/My princess Aileana M Sprague -1-001/My princess Aileana M Sprague /20210610_000906.jpg,20210610_000906.jpg,.jpg,2021:06:10 00:09:06,2021:06:10 00:09:06,,,LGE,LM-K300,JPEG
/home/rich/Pictures/My princess Aileana M Sprague -1-001/My princess Aileana M Sprague /20210610_000913.jpg,20210610_000913.jpg,.jpg,2021:06:10 00:09:13,2021:06:10 00:09:13,,,LGE,LM-K300,JPEG
/home/rich/Pictures/My princess Aileana M Sprague -1-001/My princess Aileana M Sprague /20210610_000922.jpg,20210610_000922.jpg,.jpg,2021:06:10 00:09:22,2021:06:10 00:09:22,,,LGE,LM-K300,JPEG
/home/rich/Pictures/My princess Aileana M Sprague -1-001/My princess Aileana M Sprague /20210610_001029.jpg,20210610_001029.jpg,.jpg,2021:06:10 00:10:29,2021:06:10 00:10:29,,,LGE,LM-K300,JPEG
/home/rich/Pictures/My princess Aileana M Sprague -1-001/My princess Aileana M Sprague /20210610_001034.jpg,20210610_001034.jpg,.jpg,2021:06:10 00:10:34,2021:06:10 00:10:34,,,LGE,LM-K300,JPEG
/home/rich/Pictures/My princess Aileana M Sprague -1-001/My princess Aileana M Sprague /20210616_143103.jpg,20210616_143103.jpg,.jpg,2021:06:16 14:31:03,2021:06:16 14:31:03,,,LGE,LM-Q730,JPEG
/home/rich/Pictures/My princess Aileana M Sprague -1-001/My princess Aileana M Sprague /20210616_143211.jpg,20210616_143211.jpg,.jpg,2021:06:16 14:32:11,2021:06:16 14:32:11,,,LGE,LM-Q730,JPEG
/home/rich/Pictures/My princess Aileana M Sprague -1-001/My princess Aileana M Sprague /20210616_143219.jpg,20210616_143219.jpg,.jpg,2021:06:16 14:32:19,2021:06:16 14:32:19,,,LGE,LM-Q730,JPEG
/home/rich/Pictures/My princess Aileana M Sprague -1-001/My princess Aileana M Sprague /20210616_143234.jpg,20210616_143234.jpg,.jpg,2021:06:16 14:32:34,2021:06:16 14:32:34,,,LGE,LM-Q730,JPEG
/home/rich/Pictures/My princess Aileana M Sprague -1-001/My princess Aileana M Sprague /20210616_143247.jpg,20210616_143247.jpg,.jpg,2021:06:16 14:32:47,2021:06:16 14:32:47,,,LGE,LM-Q730,JPEG
/home/rich/Pictures/My princess Aileana M Sprague -1-001/My princess Aileana M Sprague /20210620_135800.jpg,20210620_135800.jpg,.jpg,,,,,LGE,LM-Q730,JPEG
/home/rich/Pictures/My princess Aileana M Sprague -1-001/My princess Aileana M Sprague /20210620_135812.jpg,20210620_135812.jpg,.jpg,,,,,LGE,LM-Q730,JPEG
/home/rich/Pictures/My princess Aileana M Sprague -1-001/My princess Aileana M Sprague /20210620_140138.jpg,20210620_140138.jpg,.jpg,2021:06:20 14:01:38,2021:06:20 14:01:38,,,LGE,LM-Q730,JPEG
/home/rich/Pictures/My princess Aileana M Sprague -1-001/My princess Aileana M Sprague /20210624_162057_HDR.jpg,20210624_162057_HDR.jpg,.jpg,2021:06:24 16:20:56,2021:06:24 16:20:56,"41 deg 3' 10.82"" N","86 deg 13' 38.15"" W",LGE,LM-Q730,JPEG
/home/rich/Pictures/My princess Aileana M Sprague -1-001/My princess Aileana M Sprague /20210624_162121_HDR.jpg,20210624_162121_HDR.jpg,.jpg,2021:06:24 16:21:21,2021:06:24 16:21:21,"41 deg 3' 10.80"" N","86 deg 13' 38.48"" W",LGE,LM-Q730,JPEG
/home/rich/Pictures/My princess Aileana M Sprague -1-001/My princess Aileana M Sprague /20210624_162131.jpg,20210624_162131.jpg,.jpg,2021:06:24 16:21:31,2021:06:24 16:21:31,"41 deg 3' 10.68"" N","86 deg 13' 38.56"" W",LGE,LM-Q730,JPEG
/home/rich/Pictures/My princess Aileana M Sprague -1-001/My princess Aileana M Sprague /20210701_195857.jpg,20210701_195857.jpg,.jpg,2021:07:01 19:58:57,2021:07:01 19:58:57,"41 deg 3' 10.76"" N","86 deg 13' 37.90"" W",LGE,LM-Q730,JPEG
/home/rich/Pictures/My princess Aileana M Sprague -1-001/My princess Aileana M Sprague /20210701_195859.jpg,20210701_195859.jpg,.jpg,2021:07:01 19:58:59,2021:07:01 19:58:59,"41 deg 3' 10.78"" N","86 deg 13' 37.93"" W",LGE,LM-Q730,JPEG
/home/rich/Pictures/My princess Aileana M Sprague -1-001/My princess Aileana M Sprague /20210704_183643.jpg,20210704_183643.jpg,.jpg,2021:07:04 18:36:43,2021:07:04 18:36:43,"40 deg 48' 44.35"" N","85 deg 49' 21.94"" W",LGE,LM-Q730,JPEG
/home/rich/Pictures/My princess Aileana M Sprague -1-001/My princess Aileana M Sprague /20210704_183818.jpg,20210704_183818.jpg,.jpg,2021:07:04 18:38:18,2021:07:04 18:38:18,"40 deg 48' 44.24"" N","85 deg 49' 22.00"" W",LGE,LM-Q730,JPEG
/home/rich/Pictures/My princess Aileana M Sprague -1-001/My princess Aileana M Sprague /20210704_185255.jpg,20210704_185255.jpg,.jpg,2021:07:04 18:52:55,2021:07:04 18:52:55,"40 deg 48' 45.14"" N","85 deg 49' 22.49"" W",LGE,LM-Q730,JPEG
/home/rich/Pictures/My princess Aileana M Sprague -1-001/My princess Aileana M Sprague /20210704_204414.jpg,20210704_204414.jpg,.jpg,2021:07:04 20:44:14,2021:07:04 20:44:14,"40 deg 48' 44.35"" N","85 deg 49' 22.57"" W",LGE,LM-Q730,JPEG
/home/rich/Pictures/My princess Aileana M Sprague -1-001/My princess Aileana M Sprague /20210704_204421.jpg,20210704_204421.jpg,.jpg,2021:07:04 20:44:21,2021:07:04 20:44:21,"40 deg 48' 44.34"" N","85 deg 49' 22.27"" W",LGE,LM-Q730,JPEG
/home/rich/Pictures/My princess Aileana M Sprague -1-001/My princess Aileana M Sprague /20210704_204440.jpg,20210704_204440.jpg,.jpg,2021:07:04 20:44:39,2021:07:04 20:44:39,"40 deg 48' 44.07"" N","85 deg 49' 22.02"" W",LGE,LM-Q730,JPEG
/home/rich/Pictures/My princess Aileana M Sprague -1-001/My princess Aileana M Sprague /20210704_204506.jpg,20210704_204506.jpg,.jpg,2021:07:04 20:45:05,2021:07:04 20:45:05,"40 deg 48' 44.11"" N","85 deg 49' 22.22"" W",LGE,LM-Q730,JPEG
/home/rich/Pictures/My princess Aileana M Sprague -1-001/My princess Aileana M Sprague /20210704_212600.jpg,20210704_212600.jpg,.jpg,2021:07:04 21:26:00,2021:07:04 21:26:00,"40 deg 48' 44.64"" N","85 deg 49' 21.83"" W",LGE,LM-Q730,JPEG
/home/rich/Pictures/My princess Aileana M Sprague -1-001/My princess Aileana M Sprague /20210704_212601.jpg,20210704_212601.jpg,.jpg,2021:07:04 21:26:01,2021:07:04 21:26:01,"40 deg 48' 44.64"" N","85 deg 49' 21.83"" W",LGE,LM-Q730,JPEG
/home/rich/Pictures/My princess Aileana M Sprague -1-001/My princess Aileana M Sprague /20210704_212700.jpg,20210704_212700.jpg,.jpg,2021:07:04 21:27:00,2021:07:04 21:27:00,"40 deg 48' 44.34"" N","85 deg 49' 22.13"" W",LGE,LM-Q730,JPEG
/home/rich/Pictures/My princess Aileana M Sprague -1-001/My princess Aileana M Sprague /20210704_212702.jpg,20210704_212702.jpg,.jpg,2021:07:04 21:27:02,2021:07:04 21:27:02,"40 deg 48' 44.35"" N","85 deg 49' 22.16"" W",LGE,LM-Q730,JPEG
/home/rich/Pictures/My princess Aileana M Sprague -1-001/My princess Aileana M Sprague /20210704_212705.jpg,20210704_212705.jpg,.jpg,2021:07:04 21:27:05,2021:07:04 21:27:05,"40 deg 48' 44.34"" N","85 deg 49' 22.16"" W",LGE,LM-Q730,JPEG
/home/rich/Pictures/My princess Aileana M Sprague -1-001/My princess Aileana M Sprague /20210704_212724.jpg,20210704_212724.jpg,.jpg,2021:07:04 21:27:24,2021:07:04 21:27:24,"40 deg 48' 44.13"" N","85 deg 49' 22.16"" W",LGE,LM-Q730,JPEG
/home/rich/Pictures/My princess Aileana M Sprague -1-001/My princess Aileana M Sprague /20210704_213035.jpg,20210704_213035.jpg,.jpg,2021:07:04 21:30:35,2021:07:04 21:30:35,"40 deg 48' 44.59"" N","85 deg 49' 22.33"" W",LGE,LM-Q730,JPEG
/home/rich/Pictures/My princess Aileana M Sprague -1-001/My princess Aileana M Sprague /20210704_213037.jpg,20210704_213037.jpg,.jpg,2021:07:04 21:30:37,2021:07:04 21:30:37,"40 deg 48' 44.60"" N","85 deg 49' 22.24"" W",LGE,LM-Q730,JPEG
/home/rich/Pictures/My princess Aileana M Sprague -1-001/My princess Aileana M Sprague /20210704_213039.jpg,20210704_213039.jpg,.jpg,2021:07:04 21:30:39,2021:07:04 21:30:39,"40 deg 48' 44.57"" N","85 deg 49' 22.22"" W",LGE,LM-Q730,JPEG
/home/rich/Pictures/My princess Aileana M Sprague -1-001/My princess Aileana M Sprague /20210704_213047.jpg,20210704_213047.jpg,.jpg,2021:07:04 21:30:47,2021:07:04 21:30:47,"40 deg 48' 44.57"" N","85 deg 49' 22.27"" W",LGE,LM-Q730,JPEG
/home/rich/Pictures/My princess Aileana M Sprague -1-001/My princess Aileana M Sprague /20210704_213057.jpg,20210704_213057.jpg,.jpg,2021:07:04 21:30:57,2021:07:04 21:30:57,"40 deg 48' 44.42"" N","85 deg 49' 22.24"" W",LGE,LM-Q730,JPEG
/home/rich/Pictures/My princess Aileana M Sprague -1-001/My princess Aileana M Sprague /20210704_213110.jpg,20210704_213110.jpg,.jpg,2021:07:04 21:31:10,2021:07:04 21:31:10,"40 deg 48' 44.51"" N","85 deg 49' 22.19"" W",LGE,LM-Q730,JPEG
/home/rich/Pictures/My princess Aileana M Sprague -1-001/My princess Aileana M Sprague /20210721_205753.jpg,20210721_205753.jpg,.jpg,2021:07:21 20:57:53,2021:07:21 20:57:53,"41 deg 3' 10.71"" N","86 deg 13' 37.90"" W",LGE,LM-Q730,JPEG
/home/rich/Pictures/My princess Aileana M Sprague -1-001/My princess Aileana M Sprague /20210721_205754.jpg,20210721_205754.jpg,.jpg,2021:07:21 20:57:54,2021:07:21 20:57:54,"41 deg 3' 10.71"" N","86 deg 13' 37.90"" W",LGE,LM-Q730,JPEG
/home/rich/Pictures/My princess Aileana M Sprague -1-001/My princess Aileana M Sprague /20210721_205756.jpg,20210721_205756.jpg,.jpg,2021:07:21 20:57:56,2021:07:21 20:57:56,"41 deg 3' 10.70"" N","86 deg 13' 37.90"" W",LGE,LM-Q730,JPEG
/home/rich/Pictures/My princess Aileana M Sprague -1-001/My princess Aileana M Sprague /20210721_205808.jpg,20210721_205808.jpg,.jpg,2021:07:21 20:58:08,2021:07:21 20:58:08,"41 deg 3' 10.70"" N","86 deg 13' 37.90"" W",LGE,LM-Q730,JPEG
/home/rich/Pictures/My princess Aileana M Sprague -1-001/My princess Aileana M Sprague /20210721_205809.jpg,20210721_205809.jpg,.jpg,2021:07:21 20:58:09,2021:07:21 20:58:09,"41 deg 3' 10.70"" N","86 deg 13' 37.90"" W",LGE,LM-Q730,JPEG
/home/rich/Pictures/My princess Aileana M Sprague -1-001/My princess Aileana M Sprague /20210721_205811.jpg,20210721_205811.jpg,.jpg,2021:07:21 20:58:11,2021:07:21 20:58:11,"41 deg 3' 10.70"" N","86 deg 13' 37.90"" W",LGE,LM-Q730,JPEG
/home/rich/Pictures/My princess Aileana M Sprague -1-001/My princess Aileana M Sprague /20210721_205812.jpg,20210721_205812.jpg,.jpg,2021:07:21 20:58:12,2021:07:21 20:58:12,"41 deg 3' 10.70"" N","86 deg 13' 37.90"" W",LGE,LM-Q730,JPEG
/home/rich/Pictures/My princess Aileana M Sprague -1-001/My princess Aileana M Sprague /20210820_221536.jpg,20210820_221536.jpg,.jpg,2021:08:20 22:15:36,2021:08:20 22:15:36,"41 deg 3' 11.00"" N","86 deg 13' 37.82"" W",LGE,LM-Q730,JPEG
/home/rich/Pictures/My princess Aileana M Sprague -1-001/My princess Aileana M Sprague /20210822_160409.jpg,20210822_160409.jpg,.jpg,2021:08:22 16:04:09,2021:08:22 16:04:09,"40 deg 44' 44.72"" N","86 deg 3' 41.29"" W",LGE,LM-Q730,JPEG
/home/rich/Pictures/My princess Aileana M Sprague -1-001/My princess Aileana M Sprague /20211111_151221_Burst01.jpg,20211111_151221_Burst01.jpg,.jpg,2021:11:11 15:12:21,2021:11:11 15:12:21,"41 deg 3' 59.64"" N","86 deg 12' 58.13"" W",LGE,LM-Q730,JPEG
/home/rich/Pictures/My princess Aileana M Sprague -1-001/My princess Aileana M Sprague /20211111_151235_HDR_Signature.jpg,20211111_151235_HDR_Signature.jpg,.jpg,,,"41 deg 3' 59.63"" N","86 deg 12' 58.35"" W",LGE,LM-Q730,JPEG
/home/rich/Pictures/My princess Aileana M Sprague -1-001/My princess Aileana M Sprague /20211111_151304.jpg,20211111_151304.jpg,.jpg,2021:11:11 15:13:04,2021:11:11 15:13:04,"41 deg 3' 59.64"" N","86 deg 12' 58.19"" W",LGE,LM-Q730,JPEG
/home/rich/Pictures/My princess Aileana M Sprague -1-001/My princess Aileana M Sprague /20211125_221423.jpg,20211125_221423.jpg,.jpg,2021:11:25 22:14:23,2021:11:25 22:14:23,"41 deg 3' 10.79"" N","86 deg 13' 37.93"" W",LGE,LM-Q730,JPEG
/home/rich/Pictures/My princess Aileana M Sprague -1-001/My princess Aileana M Sprague /20211125_221503.jpg,20211125_221503.jpg,.jpg,2021:11:25 22:15:03,2021:11:25 22:15:03,"41 deg 3' 10.85"" N","86 deg 13' 37.96"" W",LGE,LM-Q730,JPEG
/home/rich/Pictures/My princess Aileana M Sprague -1-001/My princess Aileana M Sprague /2022-04-14_14-57-48.jpg,2022-04-14_14-57-48.jpg,.jpg,2022:04:14 14:57:48,2022:04:14 14:57:48,"41 deg 3' 10.72"" N","86 deg 13' 37.89"" W",samsung,SM-G955U,JPEG
/home/rich/Pictures/My princess Aileana M Sprague -1-001/My princess Aileana M Sprague /20220206_230455_Burst01_Signature_(1).jpg,20220206_230455_Burst01_Signature_(1).jpg,.jpg,,,"41 deg 3' 10.63"" N","86 deg 13' 37.90"" W",LGE,LM-Q730,JPEG
/home/rich/Pictures/My princess Aileana M Sprague -1-001/My princess Aileana M Sprague /20220206_230455_Burst01_Signature_Signature.jpg,20220206_230455_Burst01_Signature_Signature.jpg,.jpg,,,"41 deg 3' 10.63"" N","86 deg 13' 37.90"" W",LGE,LM-Q730,JPEG
/home/rich/Pictures/My princess Aileana M Sprague -1-001/My princess Aileana M Sprague /20220206_230542_Burst01_Signature_(1).jpg,20220206_230542_Burst01_Signature_(1).jpg,.jpg,,,"41 deg 3' 10.64"" N","86 deg 13' 37.85"" W",LGE,LM-Q730,JPEG
/home/rich/Pictures/My princess Aileana M Sprague -1-001/My princess Aileana M Sprague /20220718_172430.jpg,20220718_172430.jpg,.jpg,2022:07:18 17:24:30,2022:07:18 17:24:30,"0 deg 0' 0.00"" N","0 deg 0' 0.00"" E",samsung,SM-G955U,JPEG
/home/rich/Pictures/My princess Aileana M Sprague -1-001/My princess Aileana M Sprague /20220718_172453.jpg,20220718_172453.jpg,.jpg,2022:07:18 17:24:53,2022:07:18 17:24:53,"0 deg 0' 0.00"" N","0 deg 0' 0.00"" E",samsung,SM-G955U,JPEG
/home/rich/Pictures/My princess Aileana M Sprague -1-001/My princess Aileana M Sprague /20220718_172457.jpg,20220718_172457.jpg,.jpg,2022:07:18 17:24:57,2022:07:18 17:24:57,"0 deg 0' 0.00"" N","0 deg 0' 0.00"" E",samsung,SM-G955U,JPEG
/home/rich/Pictures/My princess Aileana M Sprague -1-001/My princess Aileana M Sprague /20220718_172458.jpg,20220718_172458.jpg,.jpg,2022:07:18 17:24:58,2022:07:18 17:24:58,"0 deg 0' 0.00"" N","0 deg 0' 0.00"" E",samsung,SM-G955U,JPEG
/home/rich/Pictures/My princess Aileana M Sprague -1-001/My princess Aileana M Sprague /20220718_172500.jpg,20220718_172500.jpg,.jpg,2022:07:18 17:25:00,2022:07:18 17:25:00,"0 deg 0' 0.00"" N","0 deg 0' 0.00"" E",samsung,SM-G955U,JPEG
/home/rich/Pictures/My princess Aileana M Sprague -1-001/My princess Aileana M Sprague /20220820_175116.jpg,20220820_175116.jpg,.jpg,2022:08:20 17:51:16,2022:08:20 17:51:16,"0 deg 0' 0.00"" N","0 deg 0' 0.00"" E",samsung,SM-G955U,JPEG
/home/rich/Pictures/My princess Aileana M Sprague -1-001/My princess Aileana M Sprague /20220820_175119.jpg,20220820_175119.jpg,.jpg,2022:08:20 17:51:18,2022:08:20 17:51:18,"0 deg 0' 0.00"" N","0 deg 0' 0.00"" E",samsung,SM-G955U,JPEG
/home/rich/Pictures/My princess Aileana M Sprague -1-001/My princess Aileana M Sprague /20220820_175120.jpg,20220820_175120.jpg,.jpg,2022:08:20 17:51:20,2022:08:20 17:51:20,"0 deg 0' 0.00"" N","0 deg 0' 0.00"" E",samsung,SM-G955U,JPEG
/home/rich/Pictures/My princess Aileana M Sprague -1-001/My princess Aileana M Sprague /20220820_175126.jpg,20220820_175126.jpg,.jpg,2022:08:20 17:51:26,2022:08:20 17:51:26,"0 deg 0' 0.00"" N","0 deg 0' 0.00"" E",samsung,SM-G955U,JPEG
/home/rich/Pictures/My princess Aileana M Sprague -1-001/My princess Aileana M Sprague /20220820_175133.jpg,20220820_175133.jpg,.jpg,2022:08:20 17:51:33,2022:08:20 17:51:33,"0 deg 0' 0.00"" N","0 deg 0' 0.00"" E",samsung,SM-G955U,JPEG
/home/rich/Pictures/My princess Aileana M Sprague -1-001/My princess Aileana M Sprague /20220820_175137.jpg,20220820_175137.jpg,.jpg,2022:08:20 17:51:37,2022:08:20 17:51:37,"0 deg 0' 0.00"" N","0 deg 0' 0.00"" E",samsung,SM-G955U,JPEG
/home/rich/Pictures/My princess Aileana M Sprague -1-001/My princess Aileana M Sprague /20220821_171022.jpg,20220821_171022.jpg,.jpg,2022:08:21 17:10:21,2022:08:21 17:10:21,"0 deg 0' 0.00"" N","0 deg 0' 0.00"" E",samsung,SM-G955U,JPEG
/home/rich/Pictures/My princess Aileana M Sprague -1-001/My princess Aileana M Sprague /20220821_171024.jpg,20220821_171024.jpg,.jpg,2022:08:21 17:10:24,2022:08:21 17:10:24,"0 deg 0' 0.00"" N","0 deg 0' 0.00"" E",samsung,SM-G955U,JPEG
/home/rich/Pictures/My princess Aileana M Sprague -1-001/My princess Aileana M Sprague /20220821_171025.jpg,20220821_171025.jpg,.jpg,2022:08:21 17:10:25,2022:08:21 17:10:25,"0 deg 0' 0.00"" N","0 deg 0' 0.00"" E",samsung,SM-G955U,JPEG
/home/rich/Pictures/My princess Aileana M Sprague -1-001/My princess Aileana M Sprague /20221028_171226.jpg,20221028_171226.jpg,.jpg,2022:10:28 17:12:26,2022:10:28 17:12:26,"0 deg 0' 0.00"" N","0 deg 0' 0.00"" E",samsung,SM-G955U,JPEG
/home/rich/Pictures/My princess Aileana M Sprague -1-001/My princess Aileana M Sprague /20221028_171228.jpg,20221028_171228.jpg,.jpg,2022:10:28 17:12:28,2022:10:28 17:12:28,"0 deg 0' 0.00"" N","0 deg 0' 0.00"" E",samsung,SM-G955U,JPEG
/home/rich/Pictures/My princess Aileana M Sprague -1-001/My princess Aileana M Sprague /20221028_171230.jpg,20221028_171230.jpg,.jpg,2022:10:28 17:12:30,2022:10:28 17:12:30,"0 deg 0' 0.00"" N","0 deg 0' 0.00"" E",samsung,SM-G955U,JPEG
/home/rich/Pictures/My princess Aileana M Sprague -1-001/My princess Aileana M Sprague /20221028_171233.jpg,20221028_171233.jpg,.jpg,2022:10:28 17:12:33,2022:10:28 17:12:33,"0 deg 0' 0.00"" N","0 deg 0' 0.00"" E",samsung,SM-G955U,JPEG
/home/rich/Pictures/My princess Aileana M Sprague -1-001/My princess Aileana M Sprague /20221028_171235.jpg,20221028_171235.jpg,.jpg,2022:10:28 17:12:34,2022:10:28 17:12:34,"0 deg 0' 0.00"" N","0 deg 0' 0.00"" E",samsung,SM-G955U,JPEG
/home/rich/Pictures/My princess Aileana M Sprague -1-001/My princess Aileana M Sprague /20221028_171236.jpg,20221028_171236.jpg,.jpg,2022:10:28 17:12:35,2022:10:28 17:12:35,"0 deg 0' 0.00"" N","0 deg 0' 0.00"" E",samsung,SM-G955U,JPEG
/home/rich/Pictures/My princess Aileana M Sprague -1-001/My princess Aileana M Sprague /20221028_171259.jpg,20221028_171259.jpg,.jpg,2022:10:28 17:12:58,2022:10:28 17:12:58,"0 deg 0' 0.00"" N","0 deg 0' 0.00"" E",samsung,SM-G955U,JPEG
/home/rich/Pictures/My princess Aileana M Sprague -1-001/My princess Aileana M Sprague /20250610_192934.heic,20250610_192934.heic,.heic,2025:06:10 19:29:34,2025:06:10 19:29:34,"41 deg 3' 10.80"" N","86 deg 13' 37.43"" W",samsung,SM-G715U1,HEIC
/home/rich/Pictures/My princess Aileana M Sprague -1-001/My princess Aileana M Sprague /20250610_192936.heic,20250610_192936.heic,.heic,2025:06:10 19:29:37,2025:06:10 19:29:37,"41 deg 3' 10.80"" N","86 deg 13' 37.43"" W",samsung,SM-G715U1,HEIC
/home/rich/Pictures/My princess Aileana M Sprague -1-001/My princess Aileana M Sprague /20250610_192938.heic,20250610_192938.heic,.heic,2025:06:10 19:29:38,2025:06:10 19:29:38,"41 deg 3' 10.80"" N","86 deg 13' 37.43"" W",samsung,SM-G715U1,HEIC
/home/rich/Pictures/My princess Aileana M Sprague -1-001/My princess Aileana M Sprague /COLOR_POP.jpg,COLOR_POP.jpg,.jpg,2021:11:25 22:04:43,,"41 deg 3' 10.72"" N","86 deg 13' 37.85"" W",LGE,LM-Q730,JPEG
/home/rich/Pictures/My princess Aileana M Sprague -1-001/My princess Aileana M Sprague /FB_IMG_1611721835251.jpg,FB_IMG_1611721835251.jpg,.jpg,,,,,,,JPEG
/home/rich/Pictures/My princess Aileana M Sprague -1-001/My princess Aileana M Sprague /FB_IMG_1635727647632.jpg,FB_IMG_1635727647632.jpg,.jpg,,,,,,,JPEG
/home/rich/Pictures/My princess Aileana M Sprague -1-001/My princess Aileana M Sprague /FB_IMG_1635727661300.jpg,FB_IMG_1635727661300.jpg,.jpg,,,,,,,JPEG
/home/rich/Pictures/My princess Aileana M Sprague -1-001/My princess Aileana M Sprague /FB_IMG_1635727667724.jpg,FB_IMG_1635727667724.jpg,.jpg,,,,,,,JPEG
/home/rich/Pictures/My princess Aileana M Sprague -1-001/My princess Aileana M Sprague /FB_IMG_1636756077814.jpg,FB_IMG_1636756077814.jpg,.jpg,,,,,,,JPEG
/home/rich/Pictures/My princess Aileana M Sprague -1-001/My princess Aileana M Sprague /FB_IMG_1636756090898.jpg,FB_IMG_1636756090898.jpg,.jpg,,,,,,,JPEG
/home/rich/Pictures/My princess Aileana M Sprague -1-001/My princess Aileana M Sprague /FB_IMG_1636756106783.jpg,FB_IMG_1636756106783.jpg,.jpg,,,,,,,JPEG
/home/rich/Pictures/My princess Aileana M Sprague -1-001/My princess Aileana M Sprague /FB_IMG_1637896177541.jpg,FB_IMG_1637896177541.jpg,.jpg,,,,,,,JPEG
/home/rich/Pictures/My princess Aileana M Sprague -1-001/My princess Aileana M Sprague /FB_IMG_1637896180644.jpg,FB_IMG_1637896180644.jpg,.jpg,,,,,,,JPEG
/home/rich/Pictures/My princess Aileana M Sprague -1-001/My princess Aileana M Sprague /FB_IMG_1662581873187.jpg,FB_IMG_1662581873187.jpg,.jpg,,,,,,,JPEG
/home/rich/Pictures/My princess Aileana M Sprague -1-001/My princess Aileana M Sprague /FB_IMG_1662581917826.jpg,FB_IMG_1662581917826.jpg,.jpg,,,,,,,JPEG
/home/rich/Pictures/My princess Aileana M Sprague -1-001/My princess Aileana M Sprague /FB_IMG_1662581975184.jpg,FB_IMG_1662581975184.jpg,.jpg,,,,,,,JPEG
/home/rich/Pictures/My princess Aileana M Sprague -1-001/My princess Aileana M Sprague /IMG_20211221_141658_tigr.jpg,IMG_20211221_141658_tigr.jpg,.jpg,2021:12:21 14:16:58,2021:12:21 14:16:58,"41 deg 3' 10.96"" N","86 deg 13' 38.01"" W",Google,LM-Q730,JPEG
/home/rich/Pictures/My princess Aileana M Sprague -1-001/My princess Aileana M Sprague /IMG_20211221_141711_tigr.jpg,IMG_20211221_141711_tigr.jpg,.jpg,2021:12:21 14:17:11,2021:12:21 14:17:11,"41 deg 3' 10.96"" N","86 deg 13' 38.01"" W",Google,LM-Q730,JPEG
/home/rich/Pictures/My princess Aileana M Sprague -1-001/My princess Aileana M Sprague /IMG_20250614_145619125.jpg,IMG_20250614_145619125.jpg,.jpg,2025:06:14 14:56:19,2025:06:14 14:56:19,"41 deg 35' 22.76"" N","85 deg 48' 56.29"" W",motorola,moto g pure,JPEG
/home/rich/Pictures/My princess Aileana M Sprague -1-001/My princess Aileana M Sprague /IMG_20250614_145629863.jpg,IMG_20250614_145629863.jpg,.jpg,2025:06:14 14:56:30,2025:06:14 14:56:30,"41 deg 35' 22.76"" N","85 deg 48' 56.29"" W",motorola,moto g pure,JPEG
/home/rich/Pictures/My princess Aileana M Sprague -1-001/My princess Aileana M Sprague /IMG_20250614_185122079_PORTRAIT.jpg,IMG_20250614_185122079_PORTRAIT.jpg,.jpg,2025:06:14 18:51:22,2025:06:14 18:51:22,"41 deg 3' 10.37"" N","86 deg 13' 38.32"" W",motorola,moto g pure,JPEG
/home/rich/Pictures/My princess Aileana M Sprague -1-001/My princess Aileana M Sprague /IMG_20250614_185135380.jpg,IMG_20250614_185135380.jpg,.jpg,2025:06:14 18:51:35,2025:06:14 18:51:35,"41 deg 3' 10.37"" N","86 deg 13' 38.32"" W",motorola,moto g pure,JPEG
/home/rich/Pictures/My princess Aileana M Sprague -1-001/My princess Aileana M Sprague /IMG_20250614_185141438.jpg,IMG_20250614_185141438.jpg,.jpg,2025:06:14 18:51:42,2025:06:14 18:51:42,"41 deg 3' 10.37"" N","86 deg 13' 38.32"" W",motorola,moto g pure,JPEG
/home/rich/Pictures/My princess Aileana M Sprague -1-001/My princess Aileana M Sprague /IMG_20250614_185143819_BURST000_COVER.jpg,IMG_20250614_185143819_BURST000_COVER.jpg,.jpg,2025:06:14 18:51:45,2025:06:14 18:51:45,"41 deg 3' 10.37"" N","86 deg 13' 38.32"" W",motorola,moto g pure,JPEG
/home/rich/Pictures/My princess Aileana M Sprague -1-001/My princess Aileana M Sprague /IMG_20250614_185144648_BURST000_COVER.jpg,IMG_20250614_185144648_BURST000_COVER.jpg,.jpg,2025:06:14 18:51:46,2025:06:14 18:51:46,"41 deg 3' 10.37"" N","86 deg 13' 38.32"" W",motorola,moto g pure,JPEG
/home/rich/Pictures/My princess Aileana M Sprague -1-001/My princess Aileana M Sprague /IMG_20250614_185157604.jpg,IMG_20250614_185157604.jpg,.jpg,2025:06:14 18:51:58,2025:06:14 18:51:58,"41 deg 3' 10.37"" N","86 deg 13' 38.32"" W",motorola,moto g pure,JPEG
/home/rich/Pictures/My princess Aileana M Sprague -1-001/My princess Aileana M Sprague /IMG_20250614_185232988_MP.jpg,IMG_20250614_185232988_MP.jpg,.jpg,2025:06:14 18:52:53,2025:06:14 18:52:53,"41 deg 3' 10.37"" N","86 deg 13' 38.32"" W",motorola,moto g pure,JPEG
/home/rich/Pictures/My princess Aileana M Sprague -1-001/My princess Aileana M Sprague /IMG_20250614_185240788.jpg,IMG_20250614_185240788.jpg,.jpg,2025:06:14 18:53:09,2025:06:14 18:53:09,"41 deg 3' 10.37"" N","86 deg 13' 38.32"" W",motorola,moto g pure,JPEG
/home/rich/Pictures/My princess Aileana M Sprague -1-001/My princess Aileana M Sprague /IMG_20250614_185336326.jpg,IMG_20250614_185336326.jpg,.jpg,2025:06:14 18:54:03,2025:06:14 18:54:03,"41 deg 3' 11.96"" N","86 deg 13' 12.50"" W",motorola,moto g pure,JPEG
/home/rich/Pictures/Screenshots/Screenshot from 2025-08-13 17-50-26.png,Screenshot from 2025-08-13 17-50-26.png,.png,,,,,,,PNG
/home/rich/Pictures/Screenshots/Screenshot from 2025-11-30 04-06-43.png,Screenshot from 2025-11-30 04-06-43.png,.png,,,,,,,PNG
/home/rich/Pictures/Screenshots/Screenshot from 2025-11-30 08-12-39.png,Screenshot from 2025-11-30 08-12-39.png,.png,,,,,,,PNG
/home/rich/Pictures/Screenshots/Screenshot from 2026-03-04 17-02-23.png,Screenshot from 2026-03-04 17-02-23.png,.png,,,,,,,PNG
/home/rich/Pictures/Screenshots/Screenshot from 2026-03-07 10-59-49.png,Screenshot from 2026-03-07 10-59-49.png,.png,,,,,,,PNG
/home/rich/Pictures/Screenshots/Screenshot from 2026-03-07 12-01-30.png,Screenshot from 2026-03-07 12-01-30.png,.png,,,,,,,PNG
/home/rich/Pictures/Screenshots/Screenshot from 2026-03-07 12-09-27.png,Screenshot from 2026-03-07 12-09-27.png,.png,,,,,,,PNG
/home/rich/Pictures/Screenshots/Screenshot from 2026-03-07 12-13-35.png,Screenshot from 2026-03-07 12-13-35.png,.png,,,,,,,PNG
/home/rich/Pictures/Screenshots/Screenshot from 2026-03-07 12-13-43.png,Screenshot from 2026-03-07 12-13-43.png,.png,,,,,,,PNG
/home/rich/Pictures/Screenshots/Screenshot from 2026-03-07 16-25-20.png,Screenshot from 2026-03-07 16-25-20.png,.png,,,,,,,PNG
/home/rich/Pictures/Screenshots/Screenshot from 2026-03-07 16-25-35.png,Screenshot from 2026-03-07 16-25-35.png,.png,,,,,,,PNG
/home/rich/Pictures/Screenshots/Screenshot from 2026-03-07 16-25-59.png,Screenshot from 2026-03-07 16-25-59.png,.png,,,,,,,PNG
/home/rich/Pictures/Screenshots/Screenshot from 2026-03-07 16-26-22.png,Screenshot from 2026-03-07 16-26-22.png,.png,,,,,,,PNG
/home/rich/Pictures/Screenshots/Screenshot from 2026-03-07 16-27-14.png,Screenshot from 2026-03-07 16-27-14.png,.png,,,,,,,PNG
/home/rich/Pictures/Screenshots/Screenshot from 2026-03-07 16-27-39.png,Screenshot from 2026-03-07 16-27-39.png,.png,,,,,,,PNG
/home/rich/Pictures/Screenshots/Screenshot from 2026-03-07 20-20-28.png,Screenshot from 2026-03-07 20-20-28.png,.png,,,,,,,PNG
/home/rich/Pictures/Screenshots/Screenshot from 2026-03-07 20-33-40.png,Screenshot from 2026-03-07 20-33-40.png,.png,,,,,,,PNG
/home/rich/Pictures/Screenshots/Screenshot from 2026-03-07 20-34-40.png,Screenshot from 2026-03-07 20-34-40.png,.png,,,,,,,PNG
/home/rich/Pictures/Screenshots/Screenshot from 2026-03-07 20-49-58.png,Screenshot from 2026-03-07 20-49-58.png,.png,,,,,,,PNG
/home/rich/Pictures/Screenshots/Screenshot from 2026-03-07 22-05-57.png,Screenshot from 2026-03-07 22-05-57.png,.png,,,,,,,PNG
/home/rich/Pictures/Screenshots/Screenshot from 2026-03-07 22-06-03.png,Screenshot from 2026-03-07 22-06-03.png,.png,,,,,,,PNG
/home/rich/Pictures/Screenshots/Screenshot from 2026-03-07 22-06-16.png,Screenshot from 2026-03-07 22-06-16.png,.png,,,,,,,PNG
/home/rich/Pictures/Screenshots/Screenshot from 2026-03-07 22-06-25.png,Screenshot from 2026-03-07 22-06-25.png,.png,,,,,,,PNG
/home/rich/Pictures/Screenshots/Screenshot from 2026-03-07 22-06-30.png,Screenshot from 2026-03-07 22-06-30.png,.png,,,,,,,PNG
/home/rich/Pictures/Screenshots/Screenshot from 2026-03-07 22-06-37.png,Screenshot from 2026-03-07 22-06-37.png,.png,,,,,,,PNG
/home/rich/Pictures/Screenshots/Screenshot from 2026-03-07 22-06-41.png,Screenshot from 2026-03-07 22-06-41.png,.png,,,,,,,PNG
/home/rich/Pictures/Screenshots/Screenshot from 2026-03-07 22-06-52.png,Screenshot from 2026-03-07 22-06-52.png,.png,,,,,,,PNG
/home/rich/Pictures/Screenshots/Screenshot from 2026-03-08 15-22-55.png,Screenshot from 2026-03-08 15-22-55.png,.png,,,,,,,PNG
/home/rich/Pictures/Screenshots/Screenshot from 2026-03-08 15-23-17.png,Screenshot from 2026-03-08 15-23-17.png,.png,,,,,,,PNG
/home/rich/Pictures/Screenshots/Screenshot from 2026-03-08 15-25-10.png,Screenshot from 2026-03-08 15-25-10.png,.png,,,,,,,PNG
/home/rich/Pictures/Screenshots/Screenshot from 2026-03-08 15-26-15.png,Screenshot from 2026-03-08 15-26-15.png,.png,,,,,,,PNG
/home/rich/Pictures/Screenshots/Screenshot from 2026-03-08 15-26-50.png,Screenshot from 2026-03-08 15-26-50.png,.png,,,,,,,PNG
/home/rich/Pictures/Screenshots/Screenshot from 2026-03-08 15-27-07.png,Screenshot from 2026-03-08 15-27-07.png,.png,,,,,,,PNG
/home/rich/Pictures/Screenshots/Screenshot from 2026-03-20 00-49-23.png,Screenshot from 2026-03-20 00-49-23.png,.png,,,,,,,PNG
/home/rich/Pictures/Screenshots/Screenshot from 2026-03-20 00-49-35.png,Screenshot from 2026-03-20 00-49-35.png,.png,,,,,,,PNG
/home/rich/Pictures/Screenshots/Screenshot from 2026-03-20 00-49-50.png,Screenshot from 2026-03-20 00-49-50.png,.png,,,,,,,PNG
/home/rich/Pictures/Screenshots/Screenshot from 2026-03-20 00-50-00.png,Screenshot from 2026-03-20 00-50-00.png,.png,,,,,,,PNG
/home/rich/Pictures/Screenshots/Screenshot from 2026-05-19 22-36-41.png,Screenshot from 2026-05-19 22-36-41.png,.png,,,,,,,PNG
/home/rich/Pictures/Screenshots/Screenshot from 2026-06-07 18-30-49.png,Screenshot from 2026-06-07 18-30-49.png,.png,,,,,,,PNG
/home/rich/Pictures/Screenshots/Screenshot from 2026-06-10 09-50-31.png,Screenshot from 2026-06-10 09-50-31.png,.png,,,,,,,PNG
/home/rich/Pictures/Screenshots/Screenshot from 2026-09-03 09-27-35.png,Screenshot from 2026-09-03 09-27-35.png,.png,,,,,,,PNG
/home/rich/Pictures/Screenshots/Screenshot from 2026-09-03 17-29-15.png,Screenshot from 2026-09-03 17-29-15.png,.png,,,,,,,PNG
/home/rich/Pictures/pictures-1-001/pictures/20181013_010142.jpg,20181013_010142.jpg,.jpg,2018:10:13 01:01:42,2018:10:13 01:01:42,,,LG Electronics,LG-M150,JPEG
/home/rich/Pictures/pictures-1-001/pictures/20181013_010148.jpg,20181013_010148.jpg,.jpg,2018:10:13 01:01:48,2018:10:13 01:01:48,,,LG Electronics,LG-M150,JPEG
/home/rich/Pictures/pictures-1-001/pictures/20181024_182951.jpg,20181024_182951.jpg,.jpg,2018:10:24 18:29:51,2018:10:24 18:29:51,,,LG Electronics,LG-M150,JPEG
/home/rich/Pictures/pictures-1-001/pictures/20181024_183501_Burst01.jpg,20181024_183501_Burst01.jpg,.jpg,2018:10:24 18:35:01,2018:10:24 18:35:01,,,LG Electronics,LG-M150,JPEG
/home/rich/Pictures/pictures-1-001/pictures/20181024_183507.jpg,20181024_183507.jpg,.jpg,2018:10:24 18:35:07,2018:10:24 18:35:07,,,LG Electronics,LG-M150,JPEG
/home/rich/Pictures/pictures-1-001/pictures/20181024_183533.jpg,20181024_183533.jpg,.jpg,2018:10:24 18:35:33,2018:10:24 18:35:33,,,LG Electronics,LG-M150,JPEG
/home/rich/Pictures/pictures-1-001/pictures/20181024_183550.jpg,20181024_183550.jpg,.jpg,2018:10:24 18:35:50,2018:10:24 18:35:50,,,LG Electronics,LG-M150,JPEG
/home/rich/Pictures/pictures-1-001/pictures/20190509_091847.jpg,20190509_091847.jpg,.jpg,2019:05:09 09:18:47,2019:05:09 09:18:47,,,LG Electronics,LG-M150,JPEG
/home/rich/Pictures/pictures-1-001/pictures/20190602_222518.jpg,20190602_222518.jpg,.jpg,2019:06:02 22:25:18,2019:06:02 22:25:18,,,LG Electronics,LG-M150,JPEG
/home/rich/Pictures/pictures-1-001/pictures/20191205_204940.jpg,20191205_204940.jpg,.jpg,2019:12:05 20:49:40,2019:12:05 20:49:40,,,LG Electronics,LGLS675,JPEG
/home/rich/Pictures/pictures-1-001/pictures/20191205_204943.jpg,20191205_204943.jpg,.jpg,2019:12:05 20:49:43,2019:12:05 20:49:43,,,LG Electronics,LGLS675,JPEG
/home/rich/Pictures/pictures-1-001/pictures/20191205_205003.jpg,20191205_205003.jpg,.jpg,2019:12:05 20:50:03,2019:12:05 20:50:03,,,LG Electronics,LGLS675,JPEG
/home/rich/Pictures/pictures-1-001/pictures/20191208_183332.jpg,20191208_183332.jpg,.jpg,2019:12:08 18:33:32,2019:12:08 18:33:32,,,LG Electronics,LGLS675,JPEG
/home/rich/Pictures/pictures-1-001/pictures/20191208_183344.jpg,20191208_183344.jpg,.jpg,2019:12:08 18:33:44,2019:12:08 18:33:44,,,LG Electronics,LGLS675,JPEG
/home/rich/Pictures/pictures-1-001/pictures/20200703_211047.jpg,20200703_211047.jpg,.jpg,2020:07:03 21:10:47,2020:07:03 21:10:47,,,LGE,LM-Q730,JPEG
/home/rich/Pictures/pictures-1-001/pictures/20200703_211122.jpg,20200703_211122.jpg,.jpg,2020:07:03 21:11:22,2020:07:03 21:11:22,,,LGE,LM-Q730,JPEG
/home/rich/Pictures/pictures-1-001/pictures/20200704_225951.jpg,20200704_225951.jpg,.jpg,2020:07:04 22:59:51,2020:07:04 22:59:51,,,LGE,LM-Q730,JPEG
/home/rich/Pictures/pictures-1-001/pictures/20200704_225953_Signature.jpg,20200704_225953_Signature.jpg,.jpg,,,"0 deg 0' 0.00"" N","0 deg 0' 0.00"" E",LGE,LM-Q730,JPEG
/home/rich/Pictures/pictures-1-001/pictures/20200704_230011.jpg,20200704_230011.jpg,.jpg,2020:07:04 23:00:11,2020:07:04 23:00:11,,,LGE,LM-Q730,JPEG
/home/rich/Pictures/pictures-1-001/pictures/20200704_230015.jpg,20200704_230015.jpg,.jpg,2020:07:04 23:00:15,2020:07:04 23:00:15,,,LGE,LM-Q730,JPEG
/home/rich/Pictures/pictures-1-001/pictures/20200704_230030.jpg,20200704_230030.jpg,.jpg,2020:07:04 23:00:30,2020:07:04 23:00:30,,,LGE,LM-Q730,JPEG
/home/rich/Pictures/pictures-1-001/pictures/20200704_230100_Signature.jpg,20200704_230100_Signature.jpg,.jpg,,,"0 deg 0' 0.00"" N","0 deg 0' 0.00"" E",LGE,LM-Q730,JPEG
/home/rich/Pictures/pictures-1-001/pictures/20200704_230131.jpg,20200704_230131.jpg,.jpg,2020:07:04 23:01:31,2020:07:04 23:01:31,,,LGE,LM-Q730,JPEG
/home/rich/Pictures/pictures-1-001/pictures/20200704_230131_Signature.jpg,20200704_230131_Signature.jpg,.jpg,,,"0 deg 0' 0.00"" N","0 deg 0' 0.00"" E",LGE,LM-Q730,JPEG
/home/rich/Pictures/pictures-1-001/pictures/20200704_230148.jpg,20200704_230148.jpg,.jpg,2020:07:04 23:01:48,2020:07:04 23:01:48,,,LGE,LM-Q730,JPEG
/home/rich/Pictures/pictures-1-001/pictures/20200704_230148_Signature.jpg,20200704_230148_Signature.jpg,.jpg,,,"0 deg 0' 0.00"" N","0 deg 0' 0.00"" E",LGE,LM-Q730,JPEG
/home/rich/Pictures/pictures-1-001/pictures/20200704_230311-edited.jpg,20200704_230311-edited.jpg,.jpg,2020:07:04 23:03:11,2020:07:04 23:03:11,"41 deg 3' 10.86"" N","86 deg 13' 37.85"" W",LGE,LM-Q730,JPEG
/home/rich/Pictures/pictures-1-001/pictures/20200704_230311_Signature.jpg,20200704_230311_Signature.jpg,.jpg,,,"0 deg 0' 0.00"" N","0 deg 0' 0.00"" E",LGE,LM-Q730,JPEG
/home/rich/Pictures/pictures-1-001/pictures/20200704_230313.jpg,20200704_230313.jpg,.jpg,2020:07:04 23:03:13,2020:07:04 23:03:13,,,LGE,LM-Q730,JPEG
/home/rich/Pictures/pictures-1-001/pictures/20200720_155106.jpg,20200720_155106.jpg,.jpg,2020:07:20 15:51:06,2020:07:20 15:51:06,"41 deg 3' 10.79"" N","86 deg 13' 37.90"" W",LGE,LM-Q730,JPEG
/home/rich/Pictures/pictures-1-001/pictures/20200819_144121.jpg,20200819_144121.jpg,.jpg,2020:08:19 14:41:21,2020:08:19 14:41:21,,,LGE,LM-Q730,JPEG
/home/rich/Pictures/pictures-1-001/pictures/20200819_154441.jpg,20200819_154441.jpg,.jpg,2020:08:19 15:44:41,2020:08:19 15:44:41,"40 deg 48' 7.43"" N","85 deg 48' 40.74"" W",LGE,LM-Q730,JPEG
/home/rich/Pictures/pictures-1-001/pictures/20200819_154505.jpg,20200819_154505.jpg,.jpg,2020:08:19 15:45:05,2020:08:19 15:45:05,"40 deg 48' 7.03"" N","85 deg 48' 40.91"" W",LGE,LM-Q730,JPEG
/home/rich/Pictures/pictures-1-001/pictures/20200819_154543.jpg,20200819_154543.jpg,.jpg,2020:08:19 15:45:43,2020:08:19 15:45:43,"40 deg 48' 6.88"" N","85 deg 48' 40.50"" W",LGE,LM-Q730,JPEG
/home/rich/Pictures/pictures-1-001/pictures/20200819_154553.jpg,20200819_154553.jpg,.jpg,2020:08:19 15:45:53,2020:08:19 15:45:53,"40 deg 48' 6.86"" N","85 deg 48' 40.52"" W",LGE,LM-Q730,JPEG
/home/rich/Pictures/pictures-1-001/pictures/20200819_154621_HDR.jpg,20200819_154621_HDR.jpg,.jpg,2020:08:19 15:46:21,2020:08:19 15:46:21,"40 deg 48' 7.22"" N","85 deg 48' 40.47"" W",LGE,LM-Q730,JPEG
/home/rich/Pictures/pictures-1-001/pictures/20200819_154626_HDR.jpg,20200819_154626_HDR.jpg,.jpg,2020:08:19 15:46:26,2020:08:19 15:46:26,"40 deg 48' 7.07"" N","85 deg 48' 40.41"" W",LGE,LM-Q730,JPEG
/home/rich/Pictures/pictures-1-001/pictures/20200819_154638.jpg,20200819_154638.jpg,.jpg,2020:08:19 15:46:38,2020:08:19 15:46:38,"40 deg 48' 7.01"" N","85 deg 48' 40.30"" W",LGE,LM-Q730,JPEG
/home/rich/Pictures/pictures-1-001/pictures/20200903_194752.jpg,20200903_194752.jpg,.jpg,2020:09:03 19:47:51,2020:09:03 19:47:51,"41 deg 2' 54.61"" N","86 deg 13' 14.67"" W",LGE,LM-Q730,JPEG
/home/rich/Pictures/pictures-1-001/pictures/20200903_194754.jpg,20200903_194754.jpg,.jpg,2020:09:03 19:47:54,2020:09:03 19:47:54,"41 deg 2' 54.61"" N","86 deg 13' 14.67"" W",LGE,LM-Q730,JPEG
/home/rich/Pictures/pictures-1-001/pictures/20200903_194800.jpg,20200903_194800.jpg,.jpg,2020:09:03 19:47:59,2020:09:03 19:47:59,"41 deg 2' 54.77"" N","86 deg 13' 14.53"" W",LGE,LM-Q730,JPEG
/home/rich/Pictures/pictures-1-001/pictures/20200903_194809.jpg,20200903_194809.jpg,.jpg,2020:09:03 19:48:09,2020:09:03 19:48:09,"41 deg 2' 54.71"" N","86 deg 13' 14.78"" W",LGE,LM-Q730,JPEG
/home/rich/Pictures/pictures-1-001/pictures/20200903_194847.jpg,20200903_194847.jpg,.jpg,2020:09:03 19:48:47,2020:09:03 19:48:47,"41 deg 2' 54.61"" N","86 deg 13' 14.67"" W",LGE,LM-Q730,JPEG
/home/rich/Pictures/pictures-1-001/pictures/20200903_194922.jpg,20200903_194922.jpg,.jpg,2020:09:03 19:49:22,2020:09:03 19:49:22,"41 deg 2' 54.87"" N","86 deg 13' 14.37"" W",LGE,LM-Q730,JPEG
/home/rich/Pictures/pictures-1-001/pictures/20200903_195139.jpg,20200903_195139.jpg,.jpg,2020:09:03 19:51:39,2020:09:03 19:51:39,"41 deg 2' 54.77"" N","86 deg 13' 14.48"" W",LGE,LM-Q730,JPEG
/home/rich/Pictures/pictures-1-001/pictures/20200903_195404.jpg,20200903_195404.jpg,.jpg,2020:09:03 19:54:04,2020:09:03 19:54:04,"41 deg 2' 54.96"" N","86 deg 13' 14.31"" W",LGE,LM-Q730,JPEG
/home/rich/Pictures/pictures-1-001/pictures/20200903_195408.jpg,20200903_195408.jpg,.jpg,2020:09:03 19:54:08,2020:09:03 19:54:08,"41 deg 2' 54.85"" N","86 deg 13' 14.31"" W",LGE,LM-Q730,JPEG
/home/rich/Pictures/pictures-1-001/pictures/20200903_195519_HDR.jpg,20200903_195519_HDR.jpg,.jpg,2020:09:03 19:55:19,2020:09:03 19:55:19,"41 deg 2' 54.85"" N","86 deg 13' 14.72"" W",LGE,LM-Q730,JPEG
/home/rich/Pictures/pictures-1-001/pictures/20200921_113129.jpg,20200921_113129.jpg,.jpg,2020:09:21 11:31:28,2020:09:21 11:31:28,"40 deg 47' 39.93"" N","85 deg 49' 32.96"" W",LGE,LM-Q730,JPEG
/home/rich/Pictures/pictures-1-001/pictures/20200921_113130.jpg,20200921_113130.jpg,.jpg,2020:09:21 11:31:30,2020:09:21 11:31:30,"40 deg 47' 39.93"" N","85 deg 49' 33.01"" W",LGE,LM-Q730,JPEG
/home/rich/Pictures/pictures-1-001/pictures/20200921_114524_HDR.jpg,20200921_114524_HDR.jpg,.jpg,2020:09:21 11:45:24,2020:09:21 11:45:24,"40 deg 47' 39.93"" N","85 deg 49' 32.98"" W",LGE,LM-Q730,JPEG
/home/rich/Pictures/pictures-1-001/pictures/20200921_114528_HDR.jpg,20200921_114528_HDR.jpg,.jpg,2020:09:21 11:45:28,2020:09:21 11:45:28,"40 deg 47' 39.91"" N","85 deg 49' 33.04"" W",LGE,LM-Q730,JPEG
/home/rich/Pictures/pictures-1-001/pictures/20200921_114535_HDR.jpg,20200921_114535_HDR.jpg,.jpg,2020:09:21 11:45:35,2020:09:21 11:45:35,"40 deg 47' 40.02"" N","85 deg 49' 33.15"" W",LGE,LM-Q730,JPEG
/home/rich/Pictures/pictures-1-001/pictures/20200921_114538_HDR.jpg,20200921_114538_HDR.jpg,.jpg,2020:09:21 11:45:38,2020:09:21 11:45:38,"40 deg 47' 40.07"" N","85 deg 49' 33.20"" W",LGE,LM-Q730,JPEG
/home/rich/Pictures/pictures-1-001/pictures/20200921_114734_HDR.jpg,20200921_114734_HDR.jpg,.jpg,2020:09:21 11:47:34,2020:09:21 11:47:34,"40 deg 47' 39.91"" N","85 deg 49' 33.07"" W",LGE,LM-Q730,JPEG
/home/rich/Pictures/pictures-1-001/pictures/20200921_114736_HDR.jpg,20200921_114736_HDR.jpg,.jpg,2020:09:21 11:47:36,2020:09:21 11:47:36,"40 deg 47' 39.86"" N","85 deg 49' 33.07"" W",LGE,LM-Q730,JPEG
/home/rich/Pictures/pictures-1-001/pictures/20200921_121525_HDR.jpg,20200921_121525_HDR.jpg,.jpg,2020:09:21 12:15:25,2020:09:21 12:15:25,"40 deg 47' 39.56"" N","85 deg 49' 32.93"" W",LGE,LM-Q730,JPEG
/home/rich/Pictures/pictures-1-001/pictures/20200921_121530_HDR.jpg,20200921_121530_HDR.jpg,.jpg,2020:09:21 12:15:30,2020:09:21 12:15:30,"40 deg 47' 39.47"" N","85 deg 49' 32.79"" W",LGE,LM-Q730,JPEG
/home/rich/Pictures/pictures-1-001/pictures/20200921_121531_HDR.jpg,20200921_121531_HDR.jpg,.jpg,2020:09:21 12:15:31,2020:09:21 12:15:31,"40 deg 47' 39.45"" N","85 deg 49' 32.76"" W",LGE,LM-Q730,JPEG
/home/rich/Pictures/pictures-1-001/pictures/20200924_145257_HDR.jpg,20200924_145257_HDR.jpg,.jpg,2020:09:24 14:52:57,2020:09:24 14:52:57,"41 deg 3' 40.84"" N","86 deg 13' 30.52"" W",LGE,LM-Q730,JPEG
/home/rich/Pictures/pictures-1-001/pictures/20200924_145300_HDR.jpg,20200924_145300_HDR.jpg,.jpg,2020:09:24 14:53:00,2020:09:24 14:53:00,"41 deg 3' 40.80"" N","86 deg 13' 30.60"" W",LGE,LM-Q730,JPEG
/home/rich/Pictures/pictures-1-001/pictures/20200924_145315_HDR.jpg,20200924_145315_HDR.jpg,.jpg,2020:09:24 14:53:15,2020:09:24 14:53:15,"41 deg 3' 40.73"" N","86 deg 13' 30.32"" W",LGE,LM-Q730,JPEG
/home/rich/Pictures/pictures-1-001/pictures/20200924_145346_HDR.jpg,20200924_145346_HDR.jpg,.jpg,2020:09:24 14:53:46,2020:09:24 14:53:46,"41 deg 3' 40.62"" N","86 deg 13' 29.55"" W",LGE,LM-Q730,JPEG
/home/rich/Pictures/pictures-1-001/pictures/20200924_145350_HDR.jpg,20200924_145350_HDR.jpg,.jpg,2020:09:24 14:53:50,2020:09:24 14:53:50,"41 deg 3' 40.62"" N","86 deg 13' 29.55"" W",LGE,LM-Q730,JPEG
/home/rich/Pictures/pictures-1-001/pictures/20200924_145358_HDR.jpg,20200924_145358_HDR.jpg,.jpg,2020:09:24 14:53:58,2020:09:24 14:53:58,"41 deg 3' 40.62"" N","86 deg 13' 29.55"" W",LGE,LM-Q730,JPEG
/home/rich/Pictures/pictures-1-001/pictures/20200924_145529_HDR.jpg,20200924_145529_HDR.jpg,.jpg,2020:09:24 14:55:29,2020:09:24 14:55:29,"41 deg 3' 40.69"" N","86 deg 13' 28.59"" W",LGE,LM-Q730,JPEG
/home/rich/Pictures/pictures-1-001/pictures/20200924_145534_HDR.jpg,20200924_145534_HDR.jpg,.jpg,2020:09:24 14:55:34,2020:09:24 14:55:34,"41 deg 3' 40.65"" N","86 deg 13' 28.54"" W",LGE,LM-Q730,JPEG
/home/rich/Pictures/pictures-1-001/pictures/20200924_145536_HDR.jpg,20200924_145536_HDR.jpg,.jpg,2020:09:24 14:55:36,2020:09:24 14:55:36,"41 deg 3' 40.66"" N","86 deg 13' 28.46"" W",LGE,LM-Q730,JPEG
/home/rich/Pictures/pictures-1-001/pictures/20200924_145623_HDR.jpg,20200924_145623_HDR.jpg,.jpg,2020:09:24 14:56:22,2020:09:24 14:56:22,"41 deg 3' 40.85"" N","86 deg 13' 28.65"" W",LGE,LM-Q730,JPEG
/home/rich/Pictures/pictures-1-001/pictures/20200924_145635_HDR.jpg,20200924_145635_HDR.jpg,.jpg,2020:09:24 14:56:35,2020:09:24 14:56:35,"41 deg 3' 40.83"" N","86 deg 13' 28.59"" W",LGE,LM-Q730,JPEG
/home/rich/Pictures/pictures-1-001/pictures/20200924_145743_HDR.jpg,20200924_145743_HDR.jpg,.jpg,2020:09:24 14:57:43,2020:09:24 14:57:43,"41 deg 3' 41.29"" N","86 deg 13' 28.43"" W",LGE,LM-Q730,JPEG
/home/rich/Pictures/pictures-1-001/pictures/20200924_145746_HDR.jpg,20200924_145746_HDR.jpg,.jpg,2020:09:24 14:57:46,2020:09:24 14:57:46,"41 deg 3' 41.26"" N","86 deg 13' 28.40"" W",LGE,LM-Q730,JPEG
/home/rich/Pictures/pictures-1-001/pictures/20200924_145747_HDR.jpg,20200924_145747_HDR.jpg,.jpg,2020:09:24 14:57:47,2020:09:24 14:57:47,"41 deg 3' 41.26"" N","86 deg 13' 28.43"" W",LGE,LM-Q730,JPEG
/home/rich/Pictures/pictures-1-001/pictures/20200924_145928_HDR.jpg,20200924_145928_HDR.jpg,.jpg,2020:09:24 14:59:28,2020:09:24 14:59:28,"41 deg 3' 40.96"" N","86 deg 13' 29.61"" W",LGE,LM-Q730,JPEG
/home/rich/Pictures/pictures-1-001/pictures/20200924_145933_HDR.jpg,20200924_145933_HDR.jpg,.jpg,2020:09:24 14:59:33,2020:09:24 14:59:33,"41 deg 3' 40.96"" N","86 deg 13' 29.50"" W",LGE,LM-Q730,JPEG
/home/rich/Pictures/pictures-1-001/pictures/20200924_145935_HDR.jpg,20200924_145935_HDR.jpg,.jpg,2020:09:24 14:59:35,2020:09:24 14:59:35,"41 deg 3' 40.96"" N","86 deg 13' 29.47"" W",LGE,LM-Q730,JPEG
/home/rich/Pictures/pictures-1-001/pictures/20200924_145940_HDR.jpg,20200924_145940_HDR.jpg,.jpg,2020:09:24 14:59:40,2020:09:24 14:59:40,"41 deg 3' 40.96"" N","86 deg 13' 29.47"" W",LGE,LM-Q730,JPEG
/home/rich/Pictures/pictures-1-001/pictures/20200924_150414_HDR.jpg,20200924_150414_HDR.jpg,.jpg,2020:09:24 15:04:14,2020:09:24 15:04:14,"41 deg 3' 42.25"" N","86 deg 13' 28.48"" W",LGE,LM-Q730,JPEG
/home/rich/Pictures/pictures-1-001/pictures/20200924_150415_HDR.jpg,20200924_150415_HDR.jpg,.jpg,2020:09:24 15:04:14,2020:09:24 15:04:14,"41 deg 3' 42.25"" N","86 deg 13' 28.48"" W",LGE,LM-Q730,JPEG
/home/rich/Pictures/pictures-1-001/pictures/20200924_150422_HDR.jpg,20200924_150422_HDR.jpg,.jpg,2020:09:24 15:04:22,2020:09:24 15:04:22,"41 deg 3' 42.23"" N","86 deg 13' 28.54"" W",LGE,LM-Q730,JPEG
/home/rich/Pictures/pictures-1-001/pictures/20200924_150513_HDR.jpg,20200924_150513_HDR.jpg,.jpg,2020:09:24 15:05:13,2020:09:24 15:05:13,"41 deg 3' 42.07"" N","86 deg 13' 28.51"" W",LGE,LM-Q730,JPEG
/home/rich/Pictures/pictures-1-001/pictures/20200924_150547_HDR.jpg,20200924_150547_HDR.jpg,.jpg,2020:09:24 15:05:47,2020:09:24 15:05:47,"41 deg 3' 41.96"" N","86 deg 13' 28.90"" W",LGE,LM-Q730,JPEG
/home/rich/Pictures/pictures-1-001/pictures/20200926_165122_HDR.jpg,20200926_165122_HDR.jpg,.jpg,2020:09:26 16:51:22,2020:09:26 16:51:22,,,LGE,LM-Q730,JPEG
/home/rich/Pictures/pictures-1-001/pictures/20200926_165129_HDR.jpg,20200926_165129_HDR.jpg,.jpg,2020:09:26 16:51:29,2020:09:26 16:51:29,,,LGE,LM-Q730,JPEG
/home/rich/Pictures/pictures-1-001/pictures/20200926_165144_HDR.jpg,20200926_165144_HDR.jpg,.jpg,2020:09:26 16:51:44,2020:09:26 16:51:44,,,LGE,LM-Q730,JPEG
/home/rich/Pictures/pictures-1-001/pictures/20200926_165152_HDR.jpg,20200926_165152_HDR.jpg,.jpg,2020:09:26 16:51:52,2020:09:26 16:51:52,,,LGE,LM-Q730,JPEG
/home/rich/Pictures/pictures-1-001/pictures/20200927_210305_HDR.jpg,20200927_210305_HDR.jpg,.jpg,2020:09:27 21:03:05,2020:09:27 21:03:05,,,LGE,LM-Q730,JPEG
/home/rich/Pictures/pictures-1-001/pictures/20200927_210315_HDR.jpg,20200927_210315_HDR.jpg,.jpg,2020:09:27 21:03:15,2020:09:27 21:03:15,,,LGE,LM-Q730,JPEG
/home/rich/Pictures/pictures-1-001/pictures/20201003_000955.jpg,20201003_000955.jpg,.jpg,2020:10:03 00:09:55,2020:10:03 00:09:55,"41 deg 3' 11.04"" N","86 deg 13' 38.21"" W",LGE,LM-Q730,JPEG
/home/rich/Pictures/pictures-1-001/pictures/20201003_001005.jpg,20201003_001005.jpg,.jpg,2020:10:03 00:10:05,2020:10:03 00:10:05,"41 deg 3' 11.09"" N","86 deg 13' 37.99"" W",LGE,LM-Q730,JPEG
/home/rich/Pictures/pictures-1-001/pictures/20201003_001018.jpg,20201003_001018.jpg,.jpg,2020:10:03 00:10:18,2020:10:03 00:10:18,"41 deg 3' 11.04"" N","86 deg 13' 38.01"" W",LGE,LM-Q730,JPEG
/home/rich/Pictures/pictures-1-001/pictures/20201012_225817.jpg,20201012_225817.jpg,.jpg,2020:10:12 22:58:17,2020:10:12 22:58:17,"41 deg 3' 11.08"" N","86 deg 13' 38.01"" W",LGE,LM-Q730,JPEG
/home/rich/Pictures/pictures-1-001/pictures/20201012_225821.jpg,20201012_225821.jpg,.jpg,2020:10:12 22:58:21,2020:10:12 22:58:21,"41 deg 3' 11.01"" N","86 deg 13' 38.01"" W",LGE,LM-Q730,JPEG
/home/rich/Pictures/pictures-1-001/pictures/20201012_225828.jpg,20201012_225828.jpg,.jpg,2020:10:12 22:58:27,2020:10:12 22:58:27,"41 deg 3' 10.98"" N","86 deg 13' 37.99"" W",LGE,LM-Q730,JPEG
/home/rich/Pictures/pictures-1-001/pictures/20201012_225830.jpg,20201012_225830.jpg,.jpg,2020:10:12 22:58:30,2020:10:12 22:58:30,"41 deg 3' 11.01"" N","86 deg 13' 37.96"" W",LGE,LM-Q730,JPEG
/home/rich/Pictures/pictures-1-001/pictures/20201012_225834.jpg,20201012_225834.jpg,.jpg,2020:10:12 22:58:34,2020:10:12 22:58:34,"41 deg 3' 11.00"" N","86 deg 13' 37.96"" W",LGE,LM-Q730,JPEG
/home/rich/Pictures/pictures-1-001/pictures/20201012_225839.jpg,20201012_225839.jpg,.jpg,2020:10:12 22:58:39,2020:10:12 22:58:39,"41 deg 3' 11.01"" N","86 deg 13' 37.99"" W",LGE,LM-Q730,JPEG
/home/rich/Pictures/pictures-1-001/pictures/20201012_225842.jpg,20201012_225842.jpg,.jpg,2020:10:12 22:58:42,2020:10:12 22:58:42,"41 deg 3' 11.04"" N","86 deg 13' 38.04"" W",LGE,LM-Q730,JPEG
/home/rich/Pictures/pictures-1-001/pictures/20201012_225845.jpg,20201012_225845.jpg,.jpg,2020:10:12 22:58:45,2020:10:12 22:58:45,"41 deg 3' 11.04"" N","86 deg 13' 38.10"" W",LGE,LM-Q730,JPEG
/home/rich/Pictures/pictures-1-001/pictures/20201012_225855.jpg,20201012_225855.jpg,.jpg,2020:10:12 22:58:55,2020:10:12 22:58:55,"41 deg 3' 11.12"" N","86 deg 13' 38.18"" W",LGE,LM-Q730,JPEG
/home/rich/Pictures/pictures-1-001/pictures/20201012_225859.jpg,20201012_225859.jpg,.jpg,2020:10:12 22:58:59,2020:10:12 22:58:59,"41 deg 3' 11.13"" N","86 deg 13' 38.18"" W",LGE,LM-Q730,JPEG
/home/rich/Pictures/pictures-1-001/pictures/20201012_225936.jpg,20201012_225936.jpg,.jpg,2020:10:12 22:59:36,2020:10:12 22:59:36,"41 deg 3' 11.08"" N","86 deg 13' 37.96"" W",LGE,LM-Q730,JPEG
/home/rich/Pictures/pictures-1-001/pictures/20201012_225941.jpg,20201012_225941.jpg,.jpg,2020:10:12 22:59:41,2020:10:12 22:59:41,"41 deg 3' 11.08"" N","86 deg 13' 37.96"" W",LGE,LM-Q730,JPEG
/home/rich/Pictures/pictures-1-001/pictures/20201012_225945.jpg,20201012_225945.jpg,.jpg,2020:10:12 22:59:45,2020:10:12 22:59:45,"41 deg 3' 11.08"" N","86 deg 13' 37.96"" W",LGE,LM-Q730,JPEG
/home/rich/Pictures/pictures-1-001/pictures/20201012_225949.jpg,20201012_225949.jpg,.jpg,2020:10:12 22:59:49,2020:10:12 22:59:49,"41 deg 3' 11.08"" N","86 deg 13' 37.96"" W",LGE,LM-Q730,JPEG
/home/rich/Pictures/pictures-1-001/pictures/20201018_143506.jpg,20201018_143506.jpg,.jpg,2020:10:18 14:35:06,2020:10:18 14:35:06,"41 deg 5' 56.82"" N","86 deg 16' 24.32"" W",LGE,LM-Q730,JPEG
/home/rich/Pictures/pictures-1-001/pictures/20201018_143509.jpg,20201018_143509.jpg,.jpg,2020:10:18 14:35:09,2020:10:18 14:35:09,"41 deg 5' 56.81"" N","86 deg 16' 24.32"" W",LGE,LM-Q730,JPEG
/home/rich/Pictures/pictures-1-001/pictures/20201018_143511.jpg,20201018_143511.jpg,.jpg,2020:10:18 14:35:11,2020:10:18 14:35:11,"41 deg 5' 56.81"" N","86 deg 16' 24.32"" W",LGE,LM-Q730,JPEG
/home/rich/Pictures/pictures-1-001/pictures/20201018_143514.jpg,20201018_143514.jpg,.jpg,2020:10:18 14:35:14,2020:10:18 14:35:14,"41 deg 5' 56.81"" N","86 deg 16' 24.32"" W",LGE,LM-Q730,JPEG
/home/rich/Pictures/pictures-1-001/pictures/20201018_143529.jpg,20201018_143529.jpg,.jpg,2020:10:18 14:35:29,2020:10:18 14:35:29,"41 deg 5' 56.74"" N","86 deg 16' 24.02"" W",LGE,LM-Q730,JPEG
/home/rich/Pictures/pictures-1-001/pictures/20201018_143533.jpg,20201018_143533.jpg,.jpg,2020:10:18 14:35:33,2020:10:18 14:35:33,"41 deg 5' 56.68"" N","86 deg 16' 24.02"" W",LGE,LM-Q730,JPEG
/home/rich/Pictures/pictures-1-001/pictures/20201018_143537.jpg,20201018_143537.jpg,.jpg,2020:10:18 14:35:37,2020:10:18 14:35:37,"41 deg 5' 56.67"" N","86 deg 16' 24.07"" W",LGE,LM-Q730,JPEG
/home/rich/Pictures/pictures-1-001/pictures/20201018_143539.jpg,20201018_143539.jpg,.jpg,2020:10:18 14:35:39,2020:10:18 14:35:39,"41 deg 5' 56.67"" N","86 deg 16' 24.10"" W",LGE,LM-Q730,JPEG
/home/rich/Pictures/pictures-1-001/pictures/20201018_143600.jpg,20201018_143600.jpg,.jpg,2020:10:18 14:36:00,2020:10:18 14:36:00,"41 deg 5' 56.89"" N","86 deg 16' 24.27"" W",LGE,LM-Q730,JPEG
/home/rich/Pictures/pictures-1-001/pictures/20201018_143625.jpg,20201018_143625.jpg,.jpg,2020:10:18 14:36:25,2020:10:18 14:36:25,"41 deg 5' 56.85"" N","86 deg 16' 24.35"" W",LGE,LM-Q730,JPEG
/home/rich/Pictures/pictures-1-001/pictures/20201018_143649.jpg,20201018_143649.jpg,.jpg,2020:10:18 14:36:49,2020:10:18 14:36:49,"41 deg 5' 56.85"" N","86 deg 16' 24.35"" W",LGE,LM-Q730,JPEG
/home/rich/Pictures/pictures-1-001/pictures/20201018_143655.jpg,20201018_143655.jpg,.jpg,2020:10:18 14:36:55,2020:10:18 14:36:55,"41 deg 5' 56.85"" N","86 deg 16' 24.35"" W",LGE,LM-Q730,JPEG
/home/rich/Pictures/pictures-1-001/pictures/20201018_143704.jpg,20201018_143704.jpg,.jpg,2020:10:18 14:37:04,2020:10:18 14:37:04,"41 deg 5' 56.84"" N","86 deg 16' 24.29"" W",LGE,LM-Q730,JPEG
/home/rich/Pictures/pictures-1-001/pictures/20201018_143714.jpg,20201018_143714.jpg,.jpg,2020:10:18 14:37:14,2020:10:18 14:37:14,"41 deg 5' 56.86"" N","86 deg 16' 24.40"" W",LGE,LM-Q730,JPEG
/home/rich/Pictures/pictures-1-001/pictures/20201018_143723.jpg,20201018_143723.jpg,.jpg,2020:10:18 14:37:23,2020:10:18 14:37:23,"41 deg 5' 56.85"" N","86 deg 16' 24.38"" W",LGE,LM-Q730,JPEG
/home/rich/Pictures/pictures-1-001/pictures/20201018_143725.jpg,20201018_143725.jpg,.jpg,2020:10:18 14:37:25,2020:10:18 14:37:25,"41 deg 5' 56.82"" N","86 deg 16' 24.35"" W",LGE,LM-Q730,JPEG
/home/rich/Pictures/pictures-1-001/pictures/20201018_143726.jpg,20201018_143726.jpg,.jpg,2020:10:18 14:37:26,2020:10:18 14:37:26,"41 deg 5' 56.81"" N","86 deg 16' 24.38"" W",LGE,LM-Q730,JPEG
/home/rich/Pictures/pictures-1-001/pictures/20201018_143727.jpg,20201018_143727.jpg,.jpg,2020:10:18 14:37:27,2020:10:18 14:37:27,"41 deg 5' 56.81"" N","86 deg 16' 24.38"" W",LGE,LM-Q730,JPEG
/home/rich/Pictures/pictures-1-001/pictures/20201018_143744.jpg,20201018_143744.jpg,.jpg,2020:10:18 14:37:44,2020:10:18 14:37:44,"41 deg 5' 56.85"" N","86 deg 16' 24.32"" W",LGE,LM-Q730,JPEG
/home/rich/Pictures/pictures-1-001/pictures/20201018_143746.jpg,20201018_143746.jpg,.jpg,2020:10:18 14:37:46,2020:10:18 14:37:46,"41 deg 5' 56.85"" N","86 deg 16' 24.32"" W",LGE,LM-Q730,JPEG
/home/rich/Pictures/pictures-1-001/pictures/20201018_143747.jpg,20201018_143747.jpg,.jpg,2020:10:18 14:37:47,2020:10:18 14:37:47,"41 deg 5' 56.86"" N","86 deg 16' 24.32"" W",LGE,LM-Q730,JPEG
/home/rich/Pictures/pictures-1-001/pictures/20201018_143749.jpg,20201018_143749.jpg,.jpg,2020:10:18 14:37:49,2020:10:18 14:37:49,"41 deg 5' 56.86"" N","86 deg 16' 24.32"" W",LGE,LM-Q730,JPEG
/home/rich/Pictures/pictures-1-001/pictures/20201018_143813.jpg,20201018_143813.jpg,.jpg,2020:10:18 14:38:13,2020:10:18 14:38:13,"41 deg 5' 56.66"" N","86 deg 16' 24.24"" W",LGE,LM-Q730,JPEG
/home/rich/Pictures/pictures-1-001/pictures/20201018_143824.jpg,20201018_143824.jpg,.jpg,2020:10:18 14:38:24,2020:10:18 14:38:24,"41 deg 5' 56.78"" N","86 deg 16' 24.32"" W",LGE,LM-Q730,JPEG
/home/rich/Pictures/pictures-1-001/pictures/20201018_143826.jpg,20201018_143826.jpg,.jpg,2020:10:18 14:38:26,2020:10:18 14:38:26,"41 deg 5' 56.81"" N","86 deg 16' 24.32"" W",LGE,LM-Q730,JPEG
/home/rich/Pictures/pictures-1-001/pictures/20201018_143828.jpg,20201018_143828.jpg,.jpg,2020:10:18 14:38:28,2020:10:18 14:38:28,"41 deg 5' 56.81"" N","86 deg 16' 24.35"" W",LGE,LM-Q730,JPEG
/home/rich/Pictures/pictures-1-001/pictures/20201018_143901.jpg,20201018_143901.jpg,.jpg,2020:10:18 14:39:01,2020:10:18 14:39:01,"41 deg 5' 56.84"" N","86 deg 16' 24.29"" W",LGE,LM-Q730,JPEG
/home/rich/Pictures/pictures-1-001/pictures/20201018_143951.jpg,20201018_143951.jpg,.jpg,2020:10:18 14:39:51,2020:10:18 14:39:51,"41 deg 5' 56.86"" N","86 deg 16' 24.32"" W",LGE,LM-Q730,JPEG
/home/rich/Pictures/pictures-1-001/pictures/20201018_143953.jpg,20201018_143953.jpg,.jpg,2020:10:18 14:39:53,2020:10:18 14:39:53,"41 deg 5' 56.86"" N","86 deg 16' 24.32"" W",LGE,LM-Q730,JPEG
/home/rich/Pictures/pictures-1-001/pictures/20201018_144006.jpg,20201018_144006.jpg,.jpg,2020:10:18 14:40:06,2020:10:18 14:40:06,"41 deg 5' 56.86"" N","86 deg 16' 24.32"" W",LGE,LM-Q730,JPEG
/home/rich/Pictures/pictures-1-001/pictures/20201018_144040.jpg,20201018_144040.jpg,.jpg,2020:10:18 14:40:39,2020:10:18 14:40:39,"41 deg 5' 56.86"" N","86 deg 16' 24.21"" W",LGE,LM-Q730,JPEG
/home/rich/Pictures/pictures-1-001/pictures/20201018_144041.jpg,20201018_144041.jpg,.jpg,2020:10:18 14:40:41,2020:10:18 14:40:41,"41 deg 5' 56.90"" N","86 deg 16' 24.18"" W",LGE,LM-Q730,JPEG
/home/rich/Pictures/pictures-1-001/pictures/20201018_144043.jpg,20201018_144043.jpg,.jpg,2020:10:18 14:40:43,2020:10:18 14:40:43,"41 deg 5' 56.93"" N","86 deg 16' 24.13"" W",LGE,LM-Q730,JPEG
/home/rich/Pictures/pictures-1-001/pictures/20201018_224228.jpg,20201018_224228.jpg,.jpg,2020:10:18 22:42:28,2020:10:18 22:42:28,"41 deg 3' 10.57"" N","86 deg 13' 38.26"" W",LGE,LM-Q730,JPEG
/home/rich/Pictures/pictures-1-001/pictures/20201106_160229.jpg,20201106_160229.jpg,.jpg,2020:11:06 16:02:29,2020:11:06 16:02:29,"41 deg 3' 10.75"" N","86 deg 13' 38.26"" W",LGE,LM-Q730,JPEG
/home/rich/Pictures/pictures-1-001/pictures/20201106_160231.jpg,20201106_160231.jpg,.jpg,2020:11:06 16:02:31,2020:11:06 16:02:31,"41 deg 3' 10.75"" N","86 deg 13' 38.15"" W",LGE,LM-Q730,JPEG
/home/rich/Pictures/pictures-1-001/pictures/20201106_160236.jpg,20201106_160236.jpg,.jpg,2020:11:06 16:02:36,2020:11:06 16:02:36,"41 deg 3' 10.70"" N","86 deg 13' 38.04"" W",LGE,LM-Q730,JPEG
/home/rich/Pictures/pictures-1-001/pictures/20201106_160251.jpg,20201106_160251.jpg,.jpg,2020:11:06 16:02:51,2020:11:06 16:02:51,,,LGE,LM-Q730,JPEG
/home/rich/Pictures/pictures-1-001/pictures/20201106_160321.jpg,20201106_160321.jpg,.jpg,2020:11:06 16:03:20,2020:11:06 16:03:20,"41 deg 3' 10.80"" N","86 deg 13' 38.04"" W",LGE,LM-Q730,JPEG
/home/rich/Pictures/pictures-1-001/pictures/20201106_160323.jpg,20201106_160323.jpg,.jpg,2020:11:06 16:03:23,2020:11:06 16:03:23,"41 deg 3' 10.78"" N","86 deg 13' 38.04"" W",LGE,LM-Q730,JPEG
/home/rich/Pictures/pictures-1-001/pictures/20201106_160335.jpg,20201106_160335.jpg,.jpg,2020:11:06 16:03:35,2020:11:06 16:03:35,"41 deg 3' 10.78"" N","86 deg 13' 38.04"" W",LGE,LM-Q730,JPEG
/home/rich/Pictures/pictures-1-001/pictures/20201106_160350.jpg,20201106_160350.jpg,.jpg,2020:11:06 16:03:50,2020:11:06 16:03:50,"41 deg 3' 10.87"" N","86 deg 13' 38.04"" W",LGE,LM-Q730,JPEG
/home/rich/Pictures/pictures-1-001/pictures/20201106_160354.jpg,20201106_160354.jpg,.jpg,2020:11:06 16:03:54,2020:11:06 16:03:54,"41 deg 3' 10.87"" N","86 deg 13' 38.04"" W",LGE,LM-Q730,JPEG
/home/rich/Pictures/pictures-1-001/pictures/20201106_160356.jpg,20201106_160356.jpg,.jpg,2020:11:06 16:03:56,2020:11:06 16:03:56,"41 deg 3' 10.87"" N","86 deg 13' 38.04"" W",LGE,LM-Q730,JPEG
/home/rich/Pictures/pictures-1-001/pictures/20201106_160412.jpg,20201106_160412.jpg,.jpg,2020:11:06 16:04:12,2020:11:06 16:04:12,"41 deg 3' 10.87"" N","86 deg 13' 38.04"" W",LGE,LM-Q730,JPEG
/home/rich/Pictures/pictures-1-001/pictures/20201106_160419.jpg,20201106_160419.jpg,.jpg,2020:11:06 16:04:19,2020:11:06 16:04:19,"41 deg 3' 10.67"" N","86 deg 13' 38.04"" W",LGE,LM-Q730,JPEG
/home/rich/Pictures/pictures-1-001/pictures/20201106_160420.jpg,20201106_160420.jpg,.jpg,2020:11:06 16:04:20,2020:11:06 16:04:20,"41 deg 3' 10.64"" N","86 deg 13' 37.99"" W",LGE,LM-Q730,JPEG
/home/rich/Pictures/pictures-1-001/pictures/20201106_160435.jpg,20201106_160435.jpg,.jpg,2020:11:06 16:04:35,2020:11:06 16:04:35,"41 deg 3' 10.64"" N","86 deg 13' 37.99"" W",LGE,LM-Q730,JPEG
/home/rich/Pictures/pictures-1-001/pictures/20201106_160437.jpg,20201106_160437.jpg,.jpg,2020:11:06 16:04:37,2020:11:06 16:04:37,"41 deg 3' 10.64"" N","86 deg 13' 37.99"" W",LGE,LM-Q730,JPEG
/home/rich/Pictures/pictures-1-001/pictures/20201106_160454.jpg,20201106_160454.jpg,.jpg,2020:11:06 16:04:53,2020:11:06 16:04:53,"41 deg 3' 10.64"" N","86 deg 13' 37.99"" W",LGE,LM-Q730,JPEG
/home/rich/Pictures/pictures-1-001/pictures/20201106_160457.jpg,20201106_160457.jpg,.jpg,2020:11:06 16:04:57,2020:11:06 16:04:57,"41 deg 3' 10.64"" N","86 deg 13' 37.99"" W",LGE,LM-Q730,JPEG
/home/rich/Pictures/pictures-1-001/pictures/20201106_160458.jpg,20201106_160458.jpg,.jpg,2020:11:06 16:04:58,2020:11:06 16:04:58,"41 deg 3' 10.64"" N","86 deg 13' 37.99"" W",LGE,LM-Q730,JPEG
/home/rich/Pictures/pictures-1-001/pictures/20201106_160955.jpg,20201106_160955.jpg,.jpg,2020:11:06 16:09:55,2020:11:06 16:09:55,"41 deg 3' 10.67"" N","86 deg 13' 37.99"" W",LGE,LM-Q730,JPEG
/home/rich/Pictures/pictures-1-001/pictures/20201106_161006.jpg,20201106_161006.jpg,.jpg,2020:11:06 16:10:05,2020:11:06 16:10:05,"41 deg 3' 10.63"" N","86 deg 13' 38.07"" W",LGE,LM-Q730,JPEG
/home/rich/Pictures/pictures-1-001/pictures/20201106_161008.jpg,20201106_161008.jpg,.jpg,2020:11:06 16:10:08,2020:11:06 16:10:08,"41 deg 3' 10.68"" N","86 deg 13' 38.07"" W",LGE,LM-Q730,JPEG
/home/rich/Pictures/pictures-1-001/pictures/20201106_161046.jpg,20201106_161046.jpg,.jpg,2020:11:06 16:10:46,2020:11:06 16:10:46,"41 deg 3' 10.71"" N","86 deg 13' 38.07"" W",LGE,LM-Q730,JPEG
/home/rich/Pictures/pictures-1-001/pictures/20201106_161049.jpg,20201106_161049.jpg,.jpg,2020:11:06 16:10:49,2020:11:06 16:10:49,"41 deg 3' 10.71"" N","86 deg 13' 38.07"" W",LGE,LM-Q730,JPEG
/home/rich/Pictures/pictures-1-001/pictures/20201106_161209.jpg,20201106_161209.jpg,.jpg,2020:11:06 16:12:09,2020:11:06 16:12:09,"41 deg 3' 10.82"" N","86 deg 13' 38.04"" W",LGE,LM-Q730,JPEG
/home/rich/Pictures/pictures-1-001/pictures/20201106_161212.jpg,20201106_161212.jpg,.jpg,2020:11:06 16:12:12,2020:11:06 16:12:12,"41 deg 3' 10.82"" N","86 deg 13' 38.04"" W",LGE,LM-Q730,JPEG
/home/rich/Pictures/pictures-1-001/pictures/20201106_161214.jpg,20201106_161214.jpg,.jpg,2020:11:06 16:12:14,2020:11:06 16:12:14,"41 deg 3' 10.82"" N","86 deg 13' 38.04"" W",LGE,LM-Q730,JPEG
/home/rich/Pictures/pictures-1-001/pictures/20201106_161216.jpg,20201106_161216.jpg,.jpg,2020:11:06 16:12:16,2020:11:06 16:12:16,"41 deg 3' 10.82"" N","86 deg 13' 38.04"" W",LGE,LM-Q730,JPEG
/home/rich/Pictures/pictures-1-001/pictures/20201106_161217.jpg,20201106_161217.jpg,.jpg,2020:11:06 16:12:17,2020:11:06 16:12:17,"41 deg 3' 10.82"" N","86 deg 13' 38.04"" W",LGE,LM-Q730,JPEG
/home/rich/Pictures/pictures-1-001/pictures/20201106_161218.jpg,20201106_161218.jpg,.jpg,2020:11:06 16:12:18,2020:11:06 16:12:18,"41 deg 3' 10.82"" N","86 deg 13' 38.04"" W",LGE,LM-Q730,JPEG
/home/rich/Pictures/pictures-1-001/pictures/20210605_180055.jpg,20210605_180055.jpg,.jpg,2021:06:05 18:00:55,2021:06:05 18:00:55,"40 deg 47' 44.08"" N","85 deg 48' 50.16"" W",LGE,LM-Q730,JPEG
/home/rich/Pictures/pictures-1-001/pictures/20210616_143103.jpg,20210616_143103.jpg,.jpg,2021:06:16 14:31:03,2021:06:16 14:31:03,,,LGE,LM-Q730,JPEG
/home/rich/Pictures/pictures-1-001/pictures/20210616_143211.jpg,20210616_143211.jpg,.jpg,2021:06:16 14:32:11,2021:06:16 14:32:11,,,LGE,LM-Q730,JPEG
/home/rich/Pictures/pictures-1-001/pictures/20210616_143219.jpg,20210616_143219.jpg,.jpg,2021:06:16 14:32:19,2021:06:16 14:32:19,,,LGE,LM-Q730,JPEG
/home/rich/Pictures/pictures-1-001/pictures/20210616_143234.jpg,20210616_143234.jpg,.jpg,2021:06:16 14:32:34,2021:06:16 14:32:34,,,LGE,LM-Q730,JPEG
/home/rich/Pictures/pictures-1-001/pictures/20210616_143247.jpg,20210616_143247.jpg,.jpg,2021:06:16 14:32:47,2021:06:16 14:32:47,,,LGE,LM-Q730,JPEG
/home/rich/Pictures/pictures-1-001/pictures/20210620_135800.jpg,20210620_135800.jpg,.jpg,,,,,LGE,LM-Q730,JPEG
/home/rich/Pictures/pictures-1-001/pictures/20210620_135812.jpg,20210620_135812.jpg,.jpg,,,,,LGE,LM-Q730,JPEG
/home/rich/Pictures/pictures-1-001/pictures/20210620_140130.jpg,20210620_140130.jpg,.jpg,2021:06:20 14:01:30,2021:06:20 14:01:30,,,LGE,LM-Q730,JPEG
/home/rich/Pictures/pictures-1-001/pictures/20210620_140138.jpg,20210620_140138.jpg,.jpg,2021:06:20 14:01:38,2021:06:20 14:01:38,,,LGE,LM-Q730,JPEG
/home/rich/Pictures/pictures-1-001/pictures/20210624_162057_HDR.jpg,20210624_162057_HDR.jpg,.jpg,2021:06:24 16:20:56,2021:06:24 16:20:56,"41 deg 3' 10.82"" N","86 deg 13' 38.15"" W",LGE,LM-Q730,JPEG
/home/rich/Pictures/pictures-1-001/pictures/20210624_162104.jpg,20210624_162104.jpg,.jpg,2021:06:24 16:21:04,2021:06:24 16:21:04,"41 deg 3' 10.78"" N","86 deg 13' 38.26"" W",LGE,LM-Q730,JPEG
/home/rich/Pictures/pictures-1-001/pictures/20210624_162121_HDR.jpg,20210624_162121_HDR.jpg,.jpg,2021:06:24 16:21:21,2021:06:24 16:21:21,"41 deg 3' 10.80"" N","86 deg 13' 38.48"" W",LGE,LM-Q730,JPEG
/home/rich/Pictures/pictures-1-001/pictures/20210624_162131.jpg,20210624_162131.jpg,.jpg,2021:06:24 16:21:31,2021:06:24 16:21:31,"41 deg 3' 10.68"" N","86 deg 13' 38.56"" W",LGE,LM-Q730,JPEG
/home/rich/Pictures/pictures-1-001/pictures/20210701_195857.jpg,20210701_195857.jpg,.jpg,2021:07:01 19:58:57,2021:07:01 19:58:57,"41 deg 3' 10.76"" N","86 deg 13' 37.90"" W",LGE,LM-Q730,JPEG
/home/rich/Pictures/pictures-1-001/pictures/20210701_195859.jpg,20210701_195859.jpg,.jpg,2021:07:01 19:58:59,2021:07:01 19:58:59,"41 deg 3' 10.78"" N","86 deg 13' 37.93"" W",LGE,LM-Q730,JPEG
/home/rich/Pictures/pictures-1-001/pictures/20210704_183643.jpg,20210704_183643.jpg,.jpg,2021:07:04 18:36:43,2021:07:04 18:36:43,"40 deg 48' 44.35"" N","85 deg 49' 21.94"" W",LGE,LM-Q730,JPEG
/home/rich/Pictures/pictures-1-001/pictures/20210704_183737.jpg,20210704_183737.jpg,.jpg,2021:07:04 18:37:37,2021:07:04 18:37:37,"40 deg 48' 44.27"" N","85 deg 49' 22.24"" W",LGE,LM-Q730,JPEG
/home/rich/Pictures/pictures-1-001/pictures/20210704_183744.jpg,20210704_183744.jpg,.jpg,2021:07:04 18:37:43,2021:07:04 18:37:43,"40 deg 48' 44.22"" N","85 deg 49' 22.02"" W",LGE,LM-Q730,JPEG
/home/rich/Pictures/pictures-1-001/pictures/20210704_183808.jpg,20210704_183808.jpg,.jpg,2021:07:04 18:38:08,2021:07:04 18:38:08,"40 deg 48' 44.09"" N","85 deg 49' 21.94"" W",LGE,LM-Q730,JPEG
/home/rich/Pictures/pictures-1-001/pictures/20210704_183818.jpg,20210704_183818.jpg,.jpg,2021:07:04 18:38:18,2021:07:04 18:38:18,"40 deg 48' 44.24"" N","85 deg 49' 22.00"" W",LGE,LM-Q730,JPEG
/home/rich/Pictures/pictures-1-001/pictures/20210704_184001.jpg,20210704_184001.jpg,.jpg,2021:07:04 18:40:00,2021:07:04 18:40:00,"40 deg 48' 43.98"" N","85 deg 49' 21.94"" W",LGE,LM-Q730,JPEG
/home/rich/Pictures/pictures-1-001/pictures/20210704_184023.jpg,20210704_184023.jpg,.jpg,2021:07:04 18:40:23,2021:07:04 18:40:23,"40 deg 48' 44.12"" N","85 deg 49' 21.97"" W",LGE,LM-Q730,JPEG
/home/rich/Pictures/pictures-1-001/pictures/20210704_185251_HDR.jpg,20210704_185251_HDR.jpg,.jpg,2021:07:04 18:52:51,2021:07:04 18:52:51,"40 deg 48' 46.28"" N","85 deg 49' 22.19"" W",LGE,LM-Q730,JPEG
/home/rich/Pictures/pictures-1-001/pictures/20210704_185255.jpg,20210704_185255.jpg,.jpg,2021:07:04 18:52:55,2021:07:04 18:52:55,"40 deg 48' 45.14"" N","85 deg 49' 22.49"" W",LGE,LM-Q730,JPEG
/home/rich/Pictures/pictures-1-001/pictures/20210704_204414.jpg,20210704_204414.jpg,.jpg,2021:07:04 20:44:14,2021:07:04 20:44:14,"40 deg 48' 44.35"" N","85 deg 49' 22.57"" W",LGE,LM-Q730,JPEG
/home/rich/Pictures/pictures-1-001/pictures/20210704_204421.jpg,20210704_204421.jpg,.jpg,2021:07:04 20:44:21,2021:07:04 20:44:21,"40 deg 48' 44.34"" N","85 deg 49' 22.27"" W",LGE,LM-Q730,JPEG
/home/rich/Pictures/pictures-1-001/pictures/20210704_204440.jpg,20210704_204440.jpg,.jpg,2021:07:04 20:44:39,2021:07:04 20:44:39,"40 deg 48' 44.07"" N","85 deg 49' 22.02"" W",LGE,LM-Q730,JPEG
/home/rich/Pictures/pictures-1-001/pictures/20210704_204445.jpg,20210704_204445.jpg,.jpg,2021:07:04 20:44:45,2021:07:04 20:44:45,"40 deg 48' 43.86"" N","85 deg 49' 22.02"" W",LGE,LM-Q730,JPEG
/home/rich/Pictures/pictures-1-001/pictures/20210704_204506.jpg,20210704_204506.jpg,.jpg,2021:07:04 20:45:05,2021:07:04 20:45:05,"40 deg 48' 44.11"" N","85 deg 49' 22.22"" W",LGE,LM-Q730,JPEG
/home/rich/Pictures/pictures-1-001/pictures/20210704_212558.jpg,20210704_212558.jpg,.jpg,2021:07:04 21:25:58,2021:07:04 21:25:58,"40 deg 48' 44.85"" N","85 deg 49' 21.91"" W",LGE,LM-Q730,JPEG
/home/rich/Pictures/pictures-1-001/pictures/20210704_212600.jpg,20210704_212600.jpg,.jpg,2021:07:04 21:26:00,2021:07:04 21:26:00,"40 deg 48' 44.64"" N","85 deg 49' 21.83"" W",LGE,LM-Q730,JPEG
/home/rich/Pictures/pictures-1-001/pictures/20210704_212601.jpg,20210704_212601.jpg,.jpg,2021:07:04 21:26:01,2021:07:04 21:26:01,"40 deg 48' 44.64"" N","85 deg 49' 21.83"" W",LGE,LM-Q730,JPEG
/home/rich/Pictures/pictures-1-001/pictures/20210704_212700.jpg,20210704_212700.jpg,.jpg,2021:07:04 21:27:00,2021:07:04 21:27:00,"40 deg 48' 44.34"" N","85 deg 49' 22.13"" W",LGE,LM-Q730,JPEG
/home/rich/Pictures/pictures-1-001/pictures/20210704_212702.jpg,20210704_212702.jpg,.jpg,2021:07:04 21:27:02,2021:07:04 21:27:02,"40 deg 48' 44.35"" N","85 deg 49' 22.16"" W",LGE,LM-Q730,JPEG
/home/rich/Pictures/pictures-1-001/pictures/20210704_212705.jpg,20210704_212705.jpg,.jpg,2021:07:04 21:27:05,2021:07:04 21:27:05,"40 deg 48' 44.34"" N","85 deg 49' 22.16"" W",LGE,LM-Q730,JPEG
/home/rich/Pictures/pictures-1-001/pictures/20210704_212724.jpg,20210704_212724.jpg,.jpg,2021:07:04 21:27:24,2021:07:04 21:27:24,"40 deg 48' 44.13"" N","85 deg 49' 22.16"" W",LGE,LM-Q730,JPEG
/home/rich/Pictures/pictures-1-001/pictures/20210704_213031.jpg,20210704_213031.jpg,.jpg,2021:07:04 21:30:31,2021:07:04 21:30:31,"40 deg 48' 44.93"" N","85 deg 49' 22.22"" W",LGE,LM-Q730,JPEG
/home/rich/Pictures/pictures-1-001/pictures/20210704_213035.jpg,20210704_213035.jpg,.jpg,2021:07:04 21:30:35,2021:07:04 21:30:35,"40 deg 48' 44.59"" N","85 deg 49' 22.33"" W",LGE,LM-Q730,JPEG
/home/rich/Pictures/pictures-1-001/pictures/20210704_213037.jpg,20210704_213037.jpg,.jpg,2021:07:04 21:30:37,2021:07:04 21:30:37,"40 deg 48' 44.60"" N","85 deg 49' 22.24"" W",LGE,LM-Q730,JPEG
/home/rich/Pictures/pictures-1-001/pictures/20210704_213039.jpg,20210704_213039.jpg,.jpg,2021:07:04 21:30:39,2021:07:04 21:30:39,"40 deg 48' 44.57"" N","85 deg 49' 22.22"" W",LGE,LM-Q730,JPEG
/home/rich/Pictures/pictures-1-001/pictures/20210704_213046.jpg,20210704_213046.jpg,.jpg,2021:07:04 21:30:46,2021:07:04 21:30:46,"40 deg 48' 44.55"" N","85 deg 49' 22.24"" W",LGE,LM-Q730,JPEG
/home/rich/Pictures/pictures-1-001/pictures/20210704_213047.jpg,20210704_213047.jpg,.jpg,2021:07:04 21:30:47,2021:07:04 21:30:47,"40 deg 48' 44.57"" N","85 deg 49' 22.27"" W",LGE,LM-Q730,JPEG
/home/rich/Pictures/pictures-1-001/pictures/20210704_213049.jpg,20210704_213049.jpg,.jpg,2021:07:04 21:30:49,2021:07:04 21:30:49,"40 deg 48' 44.57"" N","85 deg 49' 22.35"" W",LGE,LM-Q730,JPEG
/home/rich/Pictures/pictures-1-001/pictures/20210704_213057.jpg,20210704_213057.jpg,.jpg,2021:07:04 21:30:57,2021:07:04 21:30:57,"40 deg 48' 44.42"" N","85 deg 49' 22.24"" W",LGE,LM-Q730,JPEG
/home/rich/Pictures/pictures-1-001/pictures/20210704_213108.jpg,20210704_213108.jpg,.jpg,2021:07:04 21:31:08,2021:07:04 21:31:08,"40 deg 48' 44.51"" N","85 deg 49' 22.19"" W",LGE,LM-Q730,JPEG
/home/rich/Pictures/pictures-1-001/pictures/20210704_213110.jpg,20210704_213110.jpg,.jpg,2021:07:04 21:31:10,2021:07:04 21:31:10,"40 deg 48' 44.51"" N","85 deg 49' 22.19"" W",LGE,LM-Q730,JPEG
/home/rich/Pictures/pictures-1-001/pictures/20210721_205753.jpg,20210721_205753.jpg,.jpg,2021:07:21 20:57:53,2021:07:21 20:57:53,"41 deg 3' 10.71"" N","86 deg 13' 37.90"" W",LGE,LM-Q730,JPEG
/home/rich/Pictures/pictures-1-001/pictures/20210721_205754.jpg,20210721_205754.jpg,.jpg,2021:07:21 20:57:54,2021:07:21 20:57:54,"41 deg 3' 10.71"" N","86 deg 13' 37.90"" W",LGE,LM-Q730,JPEG
/home/rich/Pictures/pictures-1-001/pictures/20210721_205756.jpg,20210721_205756.jpg,.jpg,2021:07:21 20:57:56,2021:07:21 20:57:56,"41 deg 3' 10.70"" N","86 deg 13' 37.90"" W",LGE,LM-Q730,JPEG
/home/rich/Pictures/pictures-1-001/pictures/20210721_205808.jpg,20210721_205808.jpg,.jpg,2021:07:21 20:58:08,2021:07:21 20:58:08,"41 deg 3' 10.70"" N","86 deg 13' 37.90"" W",LGE,LM-Q730,JPEG
/home/rich/Pictures/pictures-1-001/pictures/20210721_205809.jpg,20210721_205809.jpg,.jpg,2021:07:21 20:58:09,2021:07:21 20:58:09,"41 deg 3' 10.70"" N","86 deg 13' 37.90"" W",LGE,LM-Q730,JPEG
/home/rich/Pictures/pictures-1-001/pictures/20210721_205811.jpg,20210721_205811.jpg,.jpg,2021:07:21 20:58:11,2021:07:21 20:58:11,"41 deg 3' 10.70"" N","86 deg 13' 37.90"" W",LGE,LM-Q730,JPEG
/home/rich/Pictures/pictures-1-001/pictures/20210721_205812.jpg,20210721_205812.jpg,.jpg,2021:07:21 20:58:12,2021:07:21 20:58:12,"41 deg 3' 10.70"" N","86 deg 13' 37.90"" W",LGE,LM-Q730,JPEG
/home/rich/Pictures/pictures-1-001/pictures/20210820_221536.jpg,20210820_221536.jpg,.jpg,2021:08:20 22:15:36,2021:08:20 22:15:36,"41 deg 3' 11.00"" N","86 deg 13' 37.82"" W",LGE,LM-Q730,JPEG
/home/rich/Pictures/pictures-1-001/pictures/20210822_160409.jpg,20210822_160409.jpg,.jpg,2021:08:22 16:04:09,2021:08:22 16:04:09,"40 deg 44' 44.72"" N","86 deg 3' 41.29"" W",LGE,LM-Q730,JPEG
/home/rich/Pictures/pictures-1-001/pictures/20210918_124712.jpg,20210918_124712.jpg,.jpg,2021:09:18 12:47:11,2021:09:18 12:47:11,"41 deg 3' 11.15"" N","86 deg 13' 37.60"" W",LGE,LM-Q730,JPEG
/home/rich/Pictures/pictures-1-001/pictures/2022-04-14_14-57-48.jpg,2022-04-14_14-57-48.jpg,.jpg,2022:04:14 14:57:48,2022:04:14 14:57:48,"41 deg 3' 10.72"" N","86 deg 13' 37.89"" W",samsung,SM-G955U,JPEG
/home/rich/Pictures/pictures-1-001/pictures/2022-04-14_14-59-43.jpg,2022-04-14_14-59-43.jpg,.jpg,2022:04:14 14:59:43,2022:04:14 14:59:43,"41 deg 3' 10.72"" N","86 deg 13' 37.89"" W",samsung,SM-G955U,JPEG
/home/rich/Pictures/pictures-1-001/pictures/2022-04-19_19-22-41.jpg,2022-04-19_19-22-41.jpg,.jpg,2022:04:19 19:22:41,2022:04:19 19:22:41,"41 deg 3' 10.44"" N","86 deg 13' 37.82"" W",samsung,SM-G955U,JPEG
/home/rich/Pictures/pictures-1-001/pictures/2022-04-19_19-22-45.jpg,2022-04-19_19-22-45.jpg,.jpg,2022:04:19 19:22:45,2022:04:19 19:22:45,"41 deg 3' 10.44"" N","86 deg 13' 37.82"" W",samsung,SM-G955U,JPEG
/home/rich/Pictures/pictures-1-001/pictures/2022-04-19_19-22-58.jpg,2022-04-19_19-22-58.jpg,.jpg,2022:04:19 19:22:58,2022:04:19 19:22:58,"41 deg 3' 10.44"" N","86 deg 13' 37.82"" W",samsung,SM-G955U,JPEG
/home/rich/Pictures/pictures-1-001/pictures/2022-04-19_19-22-59.jpg,2022-04-19_19-22-59.jpg,.jpg,2022:04:19 19:22:59,2022:04:19 19:22:59,"41 deg 3' 10.44"" N","86 deg 13' 37.82"" W",samsung,SM-G955U,JPEG
/home/rich/Pictures/pictures-1-001/pictures/2022-04-20_19-09-00.jpg,2022-04-20_19-09-00.jpg,.jpg,2022:04:20 19:09:00,2022:04:20 19:09:00,"41 deg 4' 42.00"" N","86 deg 13' 30.79"" W",samsung,SM-G955U,JPEG
/home/rich/Pictures/pictures-1-001/pictures/2022-04-20_19-09-22.jpg,2022-04-20_19-09-22.jpg,.jpg,2022:04:20 19:09:22,2022:04:20 19:09:22,"41 deg 4' 42.00"" N","86 deg 13' 30.79"" W",samsung,SM-G955U,JPEG
/home/rich/Pictures/pictures-1-001/pictures/2022-04-20_19-09-23.jpg,2022-04-20_19-09-23.jpg,.jpg,2022:04:20 19:09:23,2022:04:20 19:09:23,"41 deg 4' 42.00"" N","86 deg 13' 30.79"" W",samsung,SM-G955U,JPEG
/home/rich/Pictures/pictures-1-001/pictures/20220718_172453.jpg,20220718_172453.jpg,.jpg,2022:07:18 17:24:53,2022:07:18 17:24:53,"0 deg 0' 0.00"" N","0 deg 0' 0.00"" E",samsung,SM-G955U,JPEG
/home/rich/Pictures/pictures-1-001/pictures/20220718_172457.jpg,20220718_172457.jpg,.jpg,2022:07:18 17:24:57,2022:07:18 17:24:57,"0 deg 0' 0.00"" N","0 deg 0' 0.00"" E",samsung,SM-G955U,JPEG
/home/rich/Pictures/pictures-1-001/pictures/20220718_172458.jpg,20220718_172458.jpg,.jpg,2022:07:18 17:24:58,2022:07:18 17:24:58,"0 deg 0' 0.00"" N","0 deg 0' 0.00"" E",samsung,SM-G955U,JPEG
/home/rich/Pictures/pictures-1-001/pictures/20220718_172500.jpg,20220718_172500.jpg,.jpg,2022:07:18 17:25:00,2022:07:18 17:25:00,"0 deg 0' 0.00"" N","0 deg 0' 0.00"" E",samsung,SM-G955U,JPEG
/home/rich/Pictures/pictures-1-001/pictures/20220725_212252.jpg,20220725_212252.jpg,.jpg,2022:07:25 21:22:52,2022:07:25 21:22:52,"0 deg 0' 0.00"" N","0 deg 0' 0.00"" E",samsung,SM-G955U,JPEG
/home/rich/Pictures/pictures-1-001/pictures/20220725_212305.jpg,20220725_212305.jpg,.jpg,2022:07:25 21:23:05,2022:07:25 21:23:05,"0 deg 0' 0.00"" N","0 deg 0' 0.00"" E",samsung,SM-G955U,JPEG
/home/rich/Pictures/pictures-1-001/pictures/20220725_212310.jpg,20220725_212310.jpg,.jpg,2022:07:25 21:23:10,2022:07:25 21:23:10,"0 deg 0' 0.00"" N","0 deg 0' 0.00"" E",samsung,SM-G955U,JPEG
/home/rich/Pictures/pictures-1-001/pictures/20220813_155253.jpg,20220813_155253.jpg,.jpg,2022:08:13 15:52:52,2022:08:13 15:52:52,"0 deg 0' 0.00"" N","0 deg 0' 0.00"" E",samsung,SM-G955U,JPEG
/home/rich/Pictures/pictures-1-001/pictures/20220813_155256.jpg,20220813_155256.jpg,.jpg,2022:08:13 15:52:56,2022:08:13 15:52:56,"0 deg 0' 0.00"" N","0 deg 0' 0.00"" E",samsung,SM-G955U,JPEG
/home/rich/Pictures/pictures-1-001/pictures/20220813_155301.jpg,20220813_155301.jpg,.jpg,2022:08:13 15:53:01,2022:08:13 15:53:01,"0 deg 0' 0.00"" N","0 deg 0' 0.00"" E",samsung,SM-G955U,JPEG
/home/rich/Pictures/pictures-1-001/pictures/20220813_155318.jpg,20220813_155318.jpg,.jpg,2022:08:13 15:53:18,2022:08:13 15:53:18,"0 deg 0' 0.00"" N","0 deg 0' 0.00"" E",samsung,SM-G955U,JPEG
/home/rich/Pictures/pictures-1-001/pictures/20220813_155320.jpg,20220813_155320.jpg,.jpg,2022:08:13 15:53:20,2022:08:13 15:53:20,"0 deg 0' 0.00"" N","0 deg 0' 0.00"" E",samsung,SM-G955U,JPEG
/home/rich/Pictures/pictures-1-001/pictures/20220820_175119.jpg,20220820_175119.jpg,.jpg,2022:08:20 17:51:18,2022:08:20 17:51:18,"0 deg 0' 0.00"" N","0 deg 0' 0.00"" E",samsung,SM-G955U,JPEG
/home/rich/Pictures/pictures-1-001/pictures/20220820_175120.jpg,20220820_175120.jpg,.jpg,2022:08:20 17:51:20,2022:08:20 17:51:20,"0 deg 0' 0.00"" N","0 deg 0' 0.00"" E",samsung,SM-G955U,JPEG
/home/rich/Pictures/pictures-1-001/pictures/20220820_175126.jpg,20220820_175126.jpg,.jpg,2022:08:20 17:51:26,2022:08:20 17:51:26,"0 deg 0' 0.00"" N","0 deg 0' 0.00"" E",samsung,SM-G955U,JPEG
/home/rich/Pictures/pictures-1-001/pictures/20220820_175133.jpg,20220820_175133.jpg,.jpg,2022:08:20 17:51:33,2022:08:20 17:51:33,"0 deg 0' 0.00"" N","0 deg 0' 0.00"" E",samsung,SM-G955U,JPEG
/home/rich/Pictures/pictures-1-001/pictures/20220820_175137.jpg,20220820_175137.jpg,.jpg,2022:08:20 17:51:37,2022:08:20 17:51:37,"0 deg 0' 0.00"" N","0 deg 0' 0.00"" E",samsung,SM-G955U,JPEG
/home/rich/Pictures/pictures-1-001/pictures/20220821_171022.jpg,20220821_171022.jpg,.jpg,2022:08:21 17:10:21,2022:08:21 17:10:21,"0 deg 0' 0.00"" N","0 deg 0' 0.00"" E",samsung,SM-G955U,JPEG
/home/rich/Pictures/pictures-1-001/pictures/20220821_171024.jpg,20220821_171024.jpg,.jpg,2022:08:21 17:10:24,2022:08:21 17:10:24,"0 deg 0' 0.00"" N","0 deg 0' 0.00"" E",samsung,SM-G955U,JPEG
/home/rich/Pictures/pictures-1-001/pictures/20220821_171025.jpg,20220821_171025.jpg,.jpg,2022:08:21 17:10:25,2022:08:21 17:10:25,"0 deg 0' 0.00"" N","0 deg 0' 0.00"" E",samsung,SM-G955U,JPEG
/home/rich/Pictures/pictures-1-001/pictures/20220902_215332.jpg,20220902_215332.jpg,.jpg,2022:09:02 21:53:31,2022:09:02 21:53:31,"0 deg 0' 0.00"" N","0 deg 0' 0.00"" E",samsung,SM-G955U,JPEG
/home/rich/Pictures/pictures-1-001/pictures/20220902_215333.jpg,20220902_215333.jpg,.jpg,2022:09:02 21:53:33,2022:09:02 21:53:33,"0 deg 0' 0.00"" N","0 deg 0' 0.00"" E",samsung,SM-G955U,JPEG
/home/rich/Pictures/pictures-1-001/pictures/20220902_215337.jpg,20220902_215337.jpg,.jpg,2022:09:02 21:53:36,2022:09:02 21:53:36,"0 deg 0' 0.00"" N","0 deg 0' 0.00"" E",samsung,SM-G955U,JPEG
/home/rich/Pictures/pictures-1-001/pictures/20220902_215341.jpg,20220902_215341.jpg,.jpg,2022:09:02 21:53:41,2022:09:02 21:53:41,"0 deg 0' 0.00"" N","0 deg 0' 0.00"" E",samsung,SM-G955U,JPEG
/home/rich/Pictures/pictures-1-001/pictures/20220902_215423.jpg,20220902_215423.jpg,.jpg,2022:09:02 21:54:23,2022:09:02 21:54:23,"0 deg 0' 0.00"" N","0 deg 0' 0.00"" E",samsung,SM-G955U,JPEG
/home/rich/Pictures/pictures-1-001/pictures/20220902_215426.jpg,20220902_215426.jpg,.jpg,2022:09:02 21:54:26,2022:09:02 21:54:26,"0 deg 0' 0.00"" N","0 deg 0' 0.00"" E",samsung,SM-G955U,JPEG
/home/rich/Pictures/pictures-1-001/pictures/20220902_215428.jpg,20220902_215428.jpg,.jpg,2022:09:02 21:54:27,2022:09:02 21:54:27,"0 deg 0' 0.00"" N","0 deg 0' 0.00"" E",samsung,SM-G955U,JPEG
/home/rich/Pictures/pictures-1-001/pictures/20220902_215432.jpg,20220902_215432.jpg,.jpg,2022:09:02 21:54:32,2022:09:02 21:54:32,"0 deg 0' 0.00"" N","0 deg 0' 0.00"" E",samsung,SM-G955U,JPEG
/home/rich/Pictures/pictures-1-001/pictures/20221028_171226.jpg,20221028_171226.jpg,.jpg,2022:10:28 17:12:26,2022:10:28 17:12:26,"0 deg 0' 0.00"" N","0 deg 0' 0.00"" E",samsung,SM-G955U,JPEG
/home/rich/Pictures/pictures-1-001/pictures/20221028_171228.jpg,20221028_171228.jpg,.jpg,2022:10:28 17:12:28,2022:10:28 17:12:28,"0 deg 0' 0.00"" N","0 deg 0' 0.00"" E",samsung,SM-G955U,JPEG
/home/rich/Pictures/pictures-1-001/pictures/20221028_171230.jpg,20221028_171230.jpg,.jpg,2022:10:28 17:12:30,2022:10:28 17:12:30,"0 deg 0' 0.00"" N","0 deg 0' 0.00"" E",samsung,SM-G955U,JPEG
/home/rich/Pictures/pictures-1-001/pictures/20221028_171233.jpg,20221028_171233.jpg,.jpg,2022:10:28 17:12:33,2022:10:28 17:12:33,"0 deg 0' 0.00"" N","0 deg 0' 0.00"" E",samsung,SM-G955U,JPEG
/home/rich/Pictures/pictures-1-001/pictures/20221028_171235.jpg,20221028_171235.jpg,.jpg,2022:10:28 17:12:34,2022:10:28 17:12:34,"0 deg 0' 0.00"" N","0 deg 0' 0.00"" E",samsung,SM-G955U,JPEG
/home/rich/Pictures/pictures-1-001/pictures/20221028_171236.jpg,20221028_171236.jpg,.jpg,2022:10:28 17:12:35,2022:10:28 17:12:35,"0 deg 0' 0.00"" N","0 deg 0' 0.00"" E",samsung,SM-G955U,JPEG
/home/rich/Pictures/pictures-1-001/pictures/20221028_171259.jpg,20221028_171259.jpg,.jpg,2022:10:28 17:12:58,2022:10:28 17:12:58,"0 deg 0' 0.00"" N","0 deg 0' 0.00"" E",samsung,SM-G955U,JPEG
/home/rich/Pictures/pictures-1-001/pictures/20250610_192934.heic,20250610_192934.heic,.heic,2025:06:10 19:29:34,2025:06:10 19:29:34,"41 deg 3' 10.80"" N","86 deg 13' 37.43"" W",samsung,SM-G715U1,HEIC
/home/rich/Pictures/pictures-1-001/pictures/20250610_192936.heic,20250610_192936.heic,.heic,2025:06:10 19:29:37,2025:06:10 19:29:37,"41 deg 3' 10.80"" N","86 deg 13' 37.43"" W",samsung,SM-G715U1,HEIC
/home/rich/Pictures/pictures-1-001/pictures/20250610_192938.heic,20250610_192938.heic,.heic,2025:06:10 19:29:38,2025:06:10 19:29:38,"41 deg 3' 10.80"" N","86 deg 13' 37.43"" W",samsung,SM-G715U1,HEIC
/home/rich/Pictures/pictures-1-001/pictures/20250616_011748.heic,20250616_011748.heic,.heic,2025:06:16 01:17:49,2025:06:16 01:17:49,"41 deg 3' 10.70"" N","86 deg 13' 37.67"" W",samsung,SM-G715U1,HEIC
/home/rich/Pictures/pictures-1-001/pictures/20250616_011752.heic,20250616_011752.heic,.heic,2025:06:16 01:17:54,2025:06:16 01:17:54,"41 deg 3' 10.70"" N","86 deg 13' 37.67"" W",samsung,SM-G715U1,HEIC
/home/rich/Pictures/pictures-1-001/pictures/20250616_011808.heic,20250616_011808.heic,.heic,2025:06:16 01:18:09,2025:06:16 01:18:09,"41 deg 3' 10.70"" N","86 deg 13' 37.67"" W",samsung,SM-G715U1,HEIC
/home/rich/Pictures/pictures-1-001/pictures/20250616_011814.heic,20250616_011814.heic,.heic,2025:06:16 01:18:15,2025:06:16 01:18:15,"41 deg 3' 10.70"" N","86 deg 13' 37.67"" W",samsung,SM-G715U1,HEIC
/home/rich/Pictures/pictures-1-001/pictures/20250616_011829.jpg,20250616_011829.jpg,.jpg,2025:06:16 01:18:30,2025:06:16 01:18:30,"41 deg 3' 10.70"" N","86 deg 13' 37.67"" W",samsung,SM-G715U1,JPEG
/home/rich/Pictures/pictures-1-001/pictures/20250616_011833.jpg,20250616_011833.jpg,.jpg,2025:06:16 01:18:35,2025:06:16 01:18:35,"41 deg 3' 10.70"" N","86 deg 13' 37.67"" W",samsung,SM-G715U1,JPEG
/home/rich/Pictures/pictures-1-001/pictures/20250616_011841.jpg,20250616_011841.jpg,.jpg,2025:06:16 01:18:43,2025:06:16 01:18:43,"41 deg 3' 10.73"" N","86 deg 13' 37.86"" W",samsung,SM-G715U1,JPEG
/home/rich/Pictures/pictures-1-001/pictures/20250616_011845.jpg,20250616_011845.jpg,.jpg,2025:06:16 01:18:46,2025:06:16 01:18:46,"41 deg 3' 10.73"" N","86 deg 13' 37.86"" W",samsung,SM-G715U1,JPEG
/home/rich/Pictures/pictures-1-001/pictures/20250621_122106.heic,20250621_122106.heic,.heic,2025:06:21 12:21:06,2025:06:21 12:21:06,"41 deg 3' 10.82"" N","86 deg 13' 37.75"" W",samsung,SM-G715U1,HEIC
/home/rich/Pictures/pictures-1-001/pictures/20250621_122141.heic,20250621_122141.heic,.heic,2025:06:21 12:21:41,2025:06:21 12:21:41,"41 deg 3' 10.82"" N","86 deg 13' 37.75"" W",samsung,SM-G715U1,HEIC
/home/rich/Pictures/pictures-1-001/pictures/20250628_135739.heic,20250628_135739.heic,.heic,2025:06:28 13:57:39,2025:06:28 13:57:39,"41 deg 2' 55.75"" N","86 deg 13' 18.14"" W",samsung,SM-G715U1,HEIC
/home/rich/Pictures/pictures-1-001/pictures/20250628_135945.heic,20250628_135945.heic,.heic,2025:06:28 13:59:46,2025:06:28 13:59:46,"41 deg 3' 2.96"" N","86 deg 12' 57.38"" W",samsung,SM-G715U1,HEIC
/home/rich/Pictures/pictures-1-001/pictures/COLOR_POP.jpg,COLOR_POP.jpg,.jpg,2021:11:25 22:04:43,,"41 deg 3' 10.72"" N","86 deg 13' 37.85"" W",LGE,LM-Q730,JPEG
/home/rich/Pictures/pictures-1-001/pictures/FB_IMG_1542252984820.jpg,FB_IMG_1542252984820.jpg,.jpg,,,,,,,JPEG
/home/rich/Pictures/pictures-1-001/pictures/FB_IMG_1542253011424.jpg,FB_IMG_1542253011424.jpg,.jpg,,,,,,,JPEG
/home/rich/Pictures/pictures-1-001/pictures/FB_IMG_1542253015546.jpg,FB_IMG_1542253015546.jpg,.jpg,,,,,,,JPEG
/home/rich/Pictures/pictures-1-001/pictures/FB_IMG_1542253027383.jpg,FB_IMG_1542253027383.jpg,.jpg,,,,,,,JPEG
/home/rich/Pictures/pictures-1-001/pictures/FB_IMG_1542253032233.jpg,FB_IMG_1542253032233.jpg,.jpg,,,,,,,JPEG
/home/rich/Pictures/pictures-1-001/pictures/FB_IMG_1542253035617.jpg,FB_IMG_1542253035617.jpg,.jpg,,,,,,,JPEG
/home/rich/Pictures/pictures-1-001/pictures/FB_IMG_1542253040590.jpg,FB_IMG_1542253040590.jpg,.jpg,,,,,,,JPEG
/home/rich/Pictures/pictures-1-001/pictures/FB_IMG_1542253044435.jpg,FB_IMG_1542253044435.jpg,.jpg,,,,,,,JPEG
/home/rich/Pictures/pictures-1-001/pictures/FB_IMG_1542253048037.jpg,FB_IMG_1542253048037.jpg,.jpg,,,,,,,JPEG
/home/rich/Pictures/pictures-1-001/pictures/FB_IMG_1542253053920.jpg,FB_IMG_1542253053920.jpg,.jpg,,,,,,,JPEG
/home/rich/Pictures/pictures-1-001/pictures/FB_IMG_1578205267454.jpg,FB_IMG_1578205267454.jpg,.jpg,,,,,,,JPEG
/home/rich/Pictures/pictures-1-001/pictures/FB_IMG_1578205273285.jpg,FB_IMG_1578205273285.jpg,.jpg,,,,,,,JPEG
/home/rich/Pictures/pictures-1-001/pictures/FB_IMG_1579231367274.jpg,FB_IMG_1579231367274.jpg,.jpg,,,,,,,JPEG
/home/rich/Pictures/pictures-1-001/pictures/FB_IMG_1602743360066.jpg,FB_IMG_1602743360066.jpg,.jpg,,,,,,,JPEG
/home/rich/Pictures/pictures-1-001/pictures/FB_IMG_1602743430419.jpg,FB_IMG_1602743430419.jpg,.jpg,,,,,,,JPEG
/home/rich/Pictures/pictures-1-001/pictures/FB_IMG_1602743473581.jpg,FB_IMG_1602743473581.jpg,.jpg,,,,,,,JPEG
/home/rich/Pictures/pictures-1-001/pictures/FB_IMG_1602743499066.jpg,FB_IMG_1602743499066.jpg,.jpg,,,,,,,JPEG
/home/rich/Pictures/pictures-1-001/pictures/FB_IMG_1602743537780.jpg,FB_IMG_1602743537780.jpg,.jpg,,,,,,,JPEG
/home/rich/Pictures/pictures-1-001/pictures/FB_IMG_1602743581116.jpg,FB_IMG_1602743581116.jpg,.jpg,,,,,,,JPEG
/home/rich/Pictures/pictures-1-001/pictures/FB_IMG_1602743601917.jpg,FB_IMG_1602743601917.jpg,.jpg,,,,,,,JPEG
/home/rich/Pictures/pictures-1-001/pictures/FB_IMG_1602743608061.jpg,FB_IMG_1602743608061.jpg,.jpg,,,,,,,JPEG
/home/rich/Pictures/pictures-1-001/pictures/FB_IMG_1602743642761.jpg,FB_IMG_1602743642761.jpg,.jpg,,,,,,,JPEG
/home/rich/Pictures/pictures-1-001/pictures/FB_IMG_1602743680651.jpg,FB_IMG_1602743680651.jpg,.jpg,,,,,,,JPEG
/home/rich/Pictures/pictures-1-001/pictures/FB_IMG_1602743719469.jpg,FB_IMG_1602743719469.jpg,.jpg,,,,,,,JPEG
/home/rich/Pictures/pictures-1-001/pictures/FB_IMG_1602743731538.jpg,FB_IMG_1602743731538.jpg,.jpg,,,,,,,JPEG
/home/rich/Pictures/pictures-1-001/pictures/FB_IMG_1602743778363.jpg,FB_IMG_1602743778363.jpg,.jpg,,,,,,,JPEG
/home/rich/Pictures/pictures-1-001/pictures/FB_IMG_1602743784379.jpg,FB_IMG_1602743784379.jpg,.jpg,,,,,,,JPEG
/home/rich/Pictures/pictures-1-001/pictures/FB_IMG_1602743796450.jpg,FB_IMG_1602743796450.jpg,.jpg,,,,,,,JPEG
/home/rich/Pictures/pictures-1-001/pictures/FB_IMG_1602743851211.jpg,FB_IMG_1602743851211.jpg,.jpg,,,,,,,JPEG
/home/rich/Pictures/pictures-1-001/pictures/FB_IMG_1602743860137.jpg,FB_IMG_1602743860137.jpg,.jpg,,,,,,,JPEG
/home/rich/Pictures/pictures-1-001/pictures/FB_IMG_1602743864670.jpg,FB_IMG_1602743864670.jpg,.jpg,,,,,,,JPEG
/home/rich/Pictures/pictures-1-001/pictures/FB_IMG_1602743947641.jpg,FB_IMG_1602743947641.jpg,.jpg,,,,,,,JPEG
/home/rich/Pictures/pictures-1-001/pictures/FB_IMG_1602743951107.jpg,FB_IMG_1602743951107.jpg,.jpg,,,,,,,JPEG
/home/rich/Pictures/pictures-1-001/pictures/FB_IMG_1602743962424.jpg,FB_IMG_1602743962424.jpg,.jpg,,,,,,,JPEG
/home/rich/Pictures/pictures-1-001/pictures/FB_IMG_1602743967533.jpg,FB_IMG_1602743967533.jpg,.jpg,,,,,,,JPEG
/home/rich/Pictures/pictures-1-001/pictures/FB_IMG_1602743982923.jpg,FB_IMG_1602743982923.jpg,.jpg,,,,,,,JPEG
/home/rich/Pictures/pictures-1-001/pictures/FB_IMG_1602744071802.jpg,FB_IMG_1602744071802.jpg,.jpg,,,,,,,JPEG
/home/rich/Pictures/pictures-1-001/pictures/FB_IMG_1602744079865.jpg,FB_IMG_1602744079865.jpg,.jpg,,,,,,,JPEG
/home/rich/Pictures/pictures-1-001/pictures/FB_IMG_1602744128719.jpg,FB_IMG_1602744128719.jpg,.jpg,,,,,,,JPEG
/home/rich/Pictures/pictures-1-001/pictures/FB_IMG_1602744151385.jpg,FB_IMG_1602744151385.jpg,.jpg,,,,,,,JPEG
/home/rich/Pictures/pictures-1-001/pictures/FB_IMG_1602744182279.jpg,FB_IMG_1602744182279.jpg,.jpg,,,,,,,JPEG
/home/rich/Pictures/pictures-1-001/pictures/FB_IMG_1635727647632.jpg,FB_IMG_1635727647632.jpg,.jpg,,,,,,,JPEG
/home/rich/Pictures/pictures-1-001/pictures/FB_IMG_1635727661300.jpg,FB_IMG_1635727661300.jpg,.jpg,,,,,,,JPEG
/home/rich/Pictures/pictures-1-001/pictures/FB_IMG_1635727667724.jpg,FB_IMG_1635727667724.jpg,.jpg,,,,,,,JPEG
/home/rich/Pictures/pictures-1-001/pictures/FB_IMG_1662581873187.jpg,FB_IMG_1662581873187.jpg,.jpg,,,,,,,JPEG
/home/rich/Pictures/pictures-1-001/pictures/FB_IMG_1662581917826.jpg,FB_IMG_1662581917826.jpg,.jpg,,,,,,,JPEG
/home/rich/Pictures/pictures-1-001/pictures/FB_IMG_1662581975184.jpg,FB_IMG_1662581975184.jpg,.jpg,,,,,,,JPEG
/home/rich/Pictures/pictures-1-001/pictures/IMG_20170919_223945.jpg,IMG_20170919_223945.jpg,.jpg,2017:09:19 22:39:46,2017:09:19 22:39:46,,,TCL,A466BG,JPEG
/home/rich/Pictures/pictures-1-001/pictures/IMG_20180401_120429.jpg,IMG_20180401_120429.jpg,.jpg,2018:04:01 12:04:33,2018:04:01 12:04:33,,,TCL,Alcatel_5044R,JPEG
/home/rich/Pictures/pictures-1-001/pictures/IMG_20180401_120828.jpg,IMG_20180401_120828.jpg,.jpg,2018:04:01 12:08:31,2018:04:01 12:08:31,,,TCL,Alcatel_5044R,JPEG
/home/rich/Pictures/pictures-1-001/pictures/IMG_20180418_234835.jpg,IMG_20180418_234835.jpg,.jpg,2018:04:18 23:48:39,2018:04:18 23:48:39,,,TCL,Alcatel_5044R,JPEG
/home/rich/Pictures/pictures-1-001/pictures/IMG_20180418_234844.jpg,IMG_20180418_234844.jpg,.jpg,2018:04:18 23:48:49,2018:04:18 23:48:49,,,TCL,Alcatel_5044R,JPEG
/home/rich/Pictures/pictures-1-001/pictures/IMG_20180418_234857.jpg,IMG_20180418_234857.jpg,.jpg,2018:04:18 23:49:02,2018:04:18 23:49:02,,,TCL,Alcatel_5044R,JPEG
/home/rich/Pictures/pictures-1-001/pictures/IMG_20180418_234904.jpg,IMG_20180418_234904.jpg,.jpg,2018:04:18 23:49:08,2018:04:18 23:49:08,,,TCL,Alcatel_5044R,JPEG
/home/rich/Pictures/pictures-1-001/pictures/IMG_20180418_234917.jpg,IMG_20180418_234917.jpg,.jpg,2018:04:18 23:49:21,2018:04:18 23:49:21,,,TCL,Alcatel_5044R,JPEG
/home/rich/Pictures/pictures-1-001/pictures/IMG_20180418_234926.jpg,IMG_20180418_234926.jpg,.jpg,2018:04:18 23:49:31,2018:04:18 23:49:31,,,TCL,Alcatel_5044R,JPEG
/home/rich/Pictures/pictures-1-001/pictures/IMG_20191219_160734.jpg,IMG_20191219_160734.jpg,.jpg,2019:12:19 16:07:35,2019:12:19 16:07:35,,,Alcatel,5041C,JPEG
/home/rich/Pictures/pictures-1-001/pictures/IMG_20191219_160739.jpg,IMG_20191219_160739.jpg,.jpg,2019:12:19 16:07:40,2019:12:19 16:07:40,,,Alcatel,5041C,JPEG
/home/rich/Pictures/pictures-1-001/pictures/IMG_20191226_094022.jpg,IMG_20191226_094022.jpg,.jpg,2019:12:26 09:40:22,2019:12:26 09:40:22,,,Alcatel,5041C,JPEG
/home/rich/Pictures/pictures-1-001/pictures/IMG_20191226_094039.jpg,IMG_20191226_094039.jpg,.jpg,2019:12:26 09:40:40,2019:12:26 09:40:40,,,Alcatel,5041C,JPEG
/home/rich/Pictures/pictures-1-001/pictures/IMG_20191226_094100.jpg,IMG_20191226_094100.jpg,.jpg,2019:12:26 09:41:02,2019:12:26 09:41:02,,,Alcatel,5041C,JPEG
/home/rich/Pictures/pictures-1-001/pictures/IMG_20200115_030718.jpg,IMG_20200115_030718.jpg,.jpg,2020:01:15 03:07:21,2020:01:15 03:07:21,,,Alcatel,5041C,JPEG
/home/rich/Pictures/pictures-1-001/pictures/IMG_20200115_030729.jpg,IMG_20200115_030729.jpg,.jpg,2020:01:15 03:07:31,2020:01:15 03:07:31,,,Alcatel,5041C,JPEG
/home/rich/Pictures/pictures-1-001/pictures/IMG_20200120_155254.jpg,IMG_20200120_155254.jpg,.jpg,2020:01:20 15:52:55,2020:01:20 15:52:55,,,Alcatel,5041C,JPEG
/home/rich/Pictures/pictures-1-001/pictures/IMG_20200123_193232.jpg,IMG_20200123_193232.jpg,.jpg,2020:01:23 19:32:33,2020:01:23 19:32:33,,,Alcatel,5041C,JPEG
/home/rich/Pictures/pictures-1-001/pictures/IMG_20200123_193251.jpg,IMG_20200123_193251.jpg,.jpg,2020:01:23 19:32:51,2020:01:23 19:32:51,,,Alcatel,5041C,JPEG
/home/rich/Pictures/pictures-1-001/pictures/IMG_20200123_210725.jpg,IMG_20200123_210725.jpg,.jpg,2020:01:23 21:07:25,2020:01:23 21:07:25,,,Alcatel,5041C,JPEG
/home/rich/Pictures/pictures-1-001/pictures/IMG_20200123_210901.jpg,IMG_20200123_210901.jpg,.jpg,2020:01:23 21:09:03,2020:01:23 21:09:03,,,Alcatel,5041C,JPEG
/home/rich/Pictures/pictures-1-001/pictures/IMG_20200123_211123.jpg,IMG_20200123_211123.jpg,.jpg,2020:01:23 21:11:24,2020:01:23 21:11:24,,,Alcatel,5041C,JPEG
/home/rich/Pictures/pictures-1-001/pictures/IMG_20200123_211252.jpg,IMG_20200123_211252.jpg,.jpg,2020:01:23 21:12:53,2020:01:23 21:12:53,,,Alcatel,5041C,JPEG
/home/rich/Pictures/pictures-1-001/pictures/IMG_20200125_121605.jpg,IMG_20200125_121605.jpg,.jpg,2020:01:25 12:16:05,2020:01:25 12:16:05,,,Alcatel,5041C,JPEG
/home/rich/Pictures/pictures-1-001/pictures/IMG_20200125_121617.jpg,IMG_20200125_121617.jpg,.jpg,2020:01:25 12:16:18,2020:01:25 12:16:18,,,Alcatel,5041C,JPEG
/home/rich/Pictures/pictures-1-001/pictures/IMG_20200125_121621.jpg,IMG_20200125_121621.jpg,.jpg,2020:01:25 12:16:22,2020:01:25 12:16:22,,,Alcatel,5041C,JPEG
/home/rich/Pictures/pictures-1-001/pictures/IMG_20200128_134844.jpg,IMG_20200128_134844.jpg,.jpg,2020:01:28 13:48:47,2020:01:28 13:48:47,,,Alcatel,5041C,JPEG
/home/rich/Pictures/pictures-1-001/pictures/IMG_20200130_205326.jpg,IMG_20200130_205326.jpg,.jpg,2020:01:30 20:53:27,2020:01:30 20:53:27,,,Alcatel,5041C,JPEG
/home/rich/Pictures/pictures-1-001/pictures/IMG_20200205_030946.jpg,IMG_20200205_030946.jpg,.jpg,2020:02:05 03:09:49,2020:02:05 03:09:49,,,Alcatel,5041C,JPEG
/home/rich/Pictures/pictures-1-001/pictures/IMG_20200205_031008.jpg,IMG_20200205_031008.jpg,.jpg,2020:02:05 03:10:11,2020:02:05 03:10:11,,,Alcatel,5041C,JPEG
/home/rich/Pictures/pictures-1-001/pictures/IMG_20200205_031134.jpg,IMG_20200205_031134.jpg,.jpg,2020:02:05 03:11:36,2020:02:05 03:11:36,,,Alcatel,5041C,JPEG
/home/rich/Pictures/pictures-1-001/pictures/IMG_20200205_031330.jpg,IMG_20200205_031330.jpg,.jpg,2020:02:05 03:13:33,2020:02:05 03:13:33,,,Alcatel,5041C,JPEG
/home/rich/Pictures/pictures-1-001/pictures/IMG_20200206_152340.jpg,IMG_20200206_152340.jpg,.jpg,2020:02:06 15:23:42,2020:02:06 15:23:42,,,Alcatel,5041C,JPEG
/home/rich/Pictures/pictures-1-001/pictures/IMG_20200206_152404.jpg,IMG_20200206_152404.jpg,.jpg,2020:02:06 15:24:06,2020:02:06 15:24:06,,,Alcatel,5041C,JPEG
/home/rich/Pictures/pictures-1-001/pictures/IMG_20200207_034756.jpg,IMG_20200207_034756.jpg,.jpg,2020:02:07 03:47:57,2020:02:07 03:47:57,,,Alcatel,5041C,JPEG
/home/rich/Pictures/pictures-1-001/pictures/IMG_20200220_194948.jpg,IMG_20200220_194948.jpg,.jpg,2020:02:20 19:49:49,2020:02:20 19:49:49,,,Alcatel,5041C,JPEG
/home/rich/Pictures/pictures-1-001/pictures/IMG_20200220_194956.jpg,IMG_20200220_194956.jpg,.jpg,2020:02:20 19:49:56,2020:02:20 19:49:56,,,Alcatel,5041C,JPEG
/home/rich/Pictures/pictures-1-001/pictures/IMG_20200221_230252.jpg,IMG_20200221_230252.jpg,.jpg,2020:02:21 23:02:52,2020:02:21 23:02:52,,,Alcatel,5041C,JPEG
/home/rich/Pictures/pictures-1-001/pictures/IMG_20200303_123654.jpg,IMG_20200303_123654.jpg,.jpg,2020:03:03 12:36:55,2020:03:03 12:36:55,,,Alcatel,5041C,JPEG
/home/rich/Pictures/pictures-1-001/pictures/IMG_20240612_140136941_HDR.jpg,IMG_20240612_140136941_HDR.jpg,.jpg,2024:06:12 14:01:42,2024:06:12 14:01:42,"41 deg 3' 2.55"" N","86 deg 12' 54.34"" W",motorola,moto g pure,JPEG
/home/rich/Pictures/pictures-1-001/pictures/IMG_20240921_145058668.jpg,IMG_20240921_145058668.jpg,.jpg,2024:09:21 14:50:59,2024:09:21 14:50:59,"41 deg 3' 10.63"" N","86 deg 13' 38.01"" W",motorola,moto g pure,JPEG
/home/rich/Pictures/pictures-1-001/pictures/IMG_20240921_145102396.jpg,IMG_20240921_145102396.jpg,.jpg,2024:09:21 14:51:02,2024:09:21 14:51:02,"41 deg 3' 10.63"" N","86 deg 13' 38.01"" W",motorola,moto g pure,JPEG
/home/rich/Pictures/pictures-1-001/pictures/IMG_20240921_145108087.jpg,IMG_20240921_145108087.jpg,.jpg,2024:09:21 14:51:08,2024:09:21 14:51:08,"41 deg 3' 10.63"" N","86 deg 13' 38.01"" W",motorola,moto g pure,JPEG
/home/rich/Pictures/pictures-1-001/pictures/IMG_20241012_125513391.jpg,IMG_20241012_125513391.jpg,.jpg,2024:10:12 12:55:14,2024:10:12 12:55:14,"41 deg 3' 10.93"" N","86 deg 13' 38.12"" W",motorola,moto g pure,JPEG
/home/rich/Pictures/pictures-1-001/pictures/IMG_20241205_235957431.jpg,IMG_20241205_235957431.jpg,.jpg,2024:12:05 23:59:58,2024:12:05 23:59:58,"41 deg 3' 1.74"" N","86 deg 12' 50.75"" W",motorola,moto g pure,JPEG
/home/rich/Pictures/pictures-1-001/pictures/IMG_20250121_102427775.jpg,IMG_20250121_102427775.jpg,.jpg,2025:01:21 10:24:28,2025:01:21 10:24:28,"41 deg 3' 12.33"" N","86 deg 13' 23.92"" W",motorola,moto g pure,JPEG
/home/rich/Pictures/pictures-1-001/pictures/IMG_20250121_102431470.jpg,IMG_20250121_102431470.jpg,.jpg,2025:01:21 10:24:32,2025:01:21 10:24:32,"41 deg 3' 11.12"" N","86 deg 13' 38.70"" W",motorola,moto g pure,JPEG
/home/rich/Pictures/pictures-1-001/pictures/IMG_20250127_233150695.jpg,IMG_20250127_233150695.jpg,.jpg,2025:01:27 23:31:52,2025:01:27 23:31:52,"41 deg 3' 3.95"" N","86 deg 13' 2.67"" W",motorola,moto g pure,JPEG
/home/rich/Pictures/pictures-1-001/pictures/IMG_20250614_145614795.jpg,IMG_20250614_145614795.jpg,.jpg,2025:06:14 14:56:15,2025:06:14 14:56:15,"41 deg 35' 22.76"" N","85 deg 48' 56.29"" W",motorola,moto g pure,JPEG
/home/rich/Pictures/pictures-1-001/pictures/IMG_20250614_145619125.jpg,IMG_20250614_145619125.jpg,.jpg,2025:06:14 14:56:19,2025:06:14 14:56:19,"41 deg 35' 22.76"" N","85 deg 48' 56.29"" W",motorola,moto g pure,JPEG
/home/rich/Pictures/pictures-1-001/pictures/IMG_20250614_145629863.jpg,IMG_20250614_145629863.jpg,.jpg,2025:06:14 14:56:30,2025:06:14 14:56:30,"41 deg 35' 22.76"" N","85 deg 48' 56.29"" W",motorola,moto g pure,JPEG
/home/rich/Pictures/pictures-1-001/pictures/IMG_20250614_185122079_PORTRAIT.jpg,IMG_20250614_185122079_PORTRAIT.jpg,.jpg,2025:06:14 18:51:22,2025:06:14 18:51:22,"41 deg 3' 10.37"" N","86 deg 13' 38.32"" W",motorola,moto g pure,JPEG
/home/rich/Pictures/pictures-1-001/pictures/IMG_20250614_185135380.jpg,IMG_20250614_185135380.jpg,.jpg,2025:06:14 18:51:35,2025:06:14 18:51:35,"41 deg 3' 10.37"" N","86 deg 13' 38.32"" W",motorola,moto g pure,JPEG
/home/rich/Pictures/pictures-1-001/pictures/IMG_20250614_185141438.jpg,IMG_20250614_185141438.jpg,.jpg,2025:06:14 18:51:42,2025:06:14 18:51:42,"41 deg 3' 10.37"" N","86 deg 13' 38.32"" W",motorola,moto g pure,JPEG
/home/rich/Pictures/pictures-1-001/pictures/IMG_20250614_185143819_BURST000_COVER.jpg,IMG_20250614_185143819_BURST000_COVER.jpg,.jpg,2025:06:14 18:51:45,2025:06:14 18:51:45,"41 deg 3' 10.37"" N","86 deg 13' 38.32"" W",motorola,moto g pure,JPEG
/home/rich/Pictures/pictures-1-001/pictures/IMG_20250614_185144648_BURST000_COVER.jpg,IMG_20250614_185144648_BURST000_COVER.jpg,.jpg,2025:06:14 18:51:46,2025:06:14 18:51:46,"41 deg 3' 10.37"" N","86 deg 13' 38.32"" W",motorola,moto g pure,JPEG
/home/rich/Pictures/pictures-1-001/pictures/IMG_20250614_185157604.jpg,IMG_20250614_185157604.jpg,.jpg,2025:06:14 18:51:58,2025:06:14 18:51:58,"41 deg 3' 10.37"" N","86 deg 13' 38.32"" W",motorola,moto g pure,JPEG
/home/rich/Pictures/pictures-1-001/pictures/IMG_20250614_185232988_MP.jpg,IMG_20250614_185232988_MP.jpg,.jpg,2025:06:14 18:52:53,2025:06:14 18:52:53,"41 deg 3' 10.37"" N","86 deg 13' 38.32"" W",motorola,moto g pure,JPEG
/home/rich/Pictures/pictures-1-001/pictures/IMG_20250614_185240788.jpg,IMG_20250614_185240788.jpg,.jpg,2025:06:14 18:53:09,2025:06:14 18:53:09,"41 deg 3' 10.37"" N","86 deg 13' 38.32"" W",motorola,moto g pure,JPEG
/home/rich/Pictures/pictures-1-001/pictures/IMG_20250614_185336326.jpg,IMG_20250614_185336326.jpg,.jpg,2025:06:14 18:54:03,2025:06:14 18:54:03,"41 deg 3' 11.96"" N","86 deg 13' 12.50"" W",motorola,moto g pure,JPEG
/home/rich/Pictures/pictures-1-001/pictures/IMG_20250614_185525536_PORTRAIT.jpg,IMG_20250614_185525536_PORTRAIT.jpg,.jpg,2025:06:14 18:55:26,2025:06:14 18:55:26,"41 deg 3' 10.56"" N","86 deg 13' 37.93"" W",motorola,moto g pure,JPEG
/home/rich/Pictures/pictures-1-001/pictures/IMG_20250614_185531800_PORTRAIT.jpg,IMG_20250614_185531800_PORTRAIT.jpg,.jpg,2025:06:14 18:55:32,2025:06:14 18:55:32,"41 deg 3' 10.56"" N","86 deg 13' 37.93"" W",motorola,moto g pure,JPEG
/home/rich/Pictures/pictures-1-001/pictures/IMG_20250614_185536612_PORTRAIT.jpg,IMG_20250614_185536612_PORTRAIT.jpg,.jpg,2025:06:14 18:55:37,2025:06:14 18:55:37,"41 deg 3' 10.56"" N","86 deg 13' 37.93"" W",motorola,moto g pure,JPEG
/home/rich/Pictures/pictures-1-001/pictures/ProfilePhoto.jpg,ProfilePhoto.jpg,.jpg,,,,,,,JPEG
/home/rich/Pictures/pictures-1-001/pictures/received_361328765877921.jpeg,received_361328765877921.jpeg,.jpeg,,,,,,,JPEG
