path,filename,extension,size_bytes,modified,sha256
/home/rich/Pictures/2018/20181013_010142.jpg,20181013_010142.jpg,.jpg,399629,2018-11-14T21:42:59,b3815a9dae10b097ffc9d592d542b53343680e774e482f16046f1a9e6838e526
/home/rich/Pictures/2018/20181013_010148.jpg,20181013_010148.jpg,.jpg,123673,2018-11-14T21:42:59,a6f816751f80a65836df7ce7be4b116b71344aeb7f2f3488f9c64fb48853ebc3
/home/rich/Pictures/2018/20181013_010200.jpg,20181013_010200.jpg,.jpg,202069,2018-11-14T21:43:06,1398199a3b008fa12e96208b831e5844c3b696a12497d566965fc668f3072397
/home/rich/Pictures/2018/20181013_010226.jpg,20181013_010226.jpg,.jpg,430371,2018-11-14T21:43:10,d8ed27cfee3534c133196763ada9373184faa721dfb2a1a701e5ce277cd06f75
/home/rich/Pictures/2018/20181013_010248.jpg,20181013_010248.jpg,.jpg,247907,2018-11-14T21:43:15,ebbfb5e5106c3ba9caf0e50045429bab7e44a7f03d19cc8549c6140f2fc69cb7
/home/rich/Pictures/2018/20181013_010251.jpg,20181013_010251.jpg,.jpg,214276,2018-11-14T21:43:19,62032631f11b6d013736440f39bf0783fbad74361e01a05ed8f845f1d6ddecd7
/home/rich/Pictures/2018/20181013_204017.jpg,20181013_204017.jpg,.jpg,196824,2018-11-14T21:43:23,76222545a738778258edd0502a58127344edd9440cce9ab23a26817757f27eab
/home/rich/Pictures/2018/20181013_204022.jpg,20181013_204022.jpg,.jpg,185876,2018-11-14T21:43:23,851938650c795cb565e74ee12ea0795d8416414a3b2d2a16ea08703a1c237483
/home/rich/Pictures/2018/20181013_204034_Burst01.jpg,20181013_204034_Burst01.jpg,.jpg,287274,2018-11-14T21:43:29,f5d770662cbe4a76d619891fe0c5366fb3d3bc1f02a2d8a219332c4a201aa40e
/home/rich/Pictures/2018/20181013_204037.jpg,20181013_204037.jpg,.jpg,153095,2018-11-14T21:43:29,e9b898527701cf1ebbed55da30aa55af0ffc3b021036f879a5d3d65667b06720
/home/rich/Pictures/2018/20181014_182534.jpg,20181014_182534.jpg,.jpg,559093,2018-11-14T21:43:39,ac36abfca9df9a0e261b0dae00b92ac8430a887b465de23ca8f193a8d621737d
/home/rich/Pictures/2018/20181017_150238.jpg,20181017_150238.jpg,.jpg,541741,2018-11-14T21:43:52,4ddcfb0931f169a102bce1c8228a4fbc38465ecad07600c1562403094c23f7d9
/home/rich/Pictures/2018/20181017_150252.jpg,20181017_150252.jpg,.jpg,436859,2018-11-14T21:43:57,f405962e4b9088c62ff726dfc88f3dd4fa69b771ecf927a0d13f607f8c7cb91b
/home/rich/Pictures/2018/20181017_150300.jpg,20181017_150300.jpg,.jpg,264116,2018-11-14T21:43:57,fad4db12a8d7232aee7fa33f826c91c2f67501a4cee0b0c799407b96ffaaa713
/home/rich/Pictures/2018/20181018_192812.jpg,20181018_192812.jpg,.jpg,384419,2018-11-14T21:44:12,44a8490814c3847f3c62127b88181174df9f8f916fb2ee57f4090be1cb6a8bc0
/home/rich/Pictures/2018/20181018_193250.jpg,20181018_193250.jpg,.jpg,147287,2018-11-14T21:44:16,90cdc2efd3f9a27367d6a1d2e221808c24df950f1b94d3829ce3638c0f1d980f
/home/rich/Pictures/2018/20181018_193256.jpg,20181018_193256.jpg,.jpg,155511,2018-11-14T21:44:16,fa2590cd5ce289802f6fca0eac593278a4af2d0bfafbc0d5a13ae2ef3dd97b17
/home/rich/Pictures/2018/20181018_193308.jpg,20181018_193308.jpg,.jpg,154021,2018-11-14T21:44:19,76f468bac55621e9f3d5cea4e98c8fe738ff65ea2bab51b8b430d5db27f4fa1e
/home/rich/Pictures/2018/20181018_193308~2.jpg,20181018_193308~2.jpg,.jpg,88397,2018-11-14T21:44:19,f69dab63f0ba2abf0bb0942a1b289def7d6b39e4e2691cfd649df0ccbb785489
/home/rich/Pictures/2018/20181018_193321.jpg,20181018_193321.jpg,.jpg,103607,2018-11-14T21:44:19,58d6077c10612a1b10ec94ec80af925a9e8bf6d6f1a0c05fc9906ecbaf4600ae
/home/rich/Pictures/2018/20181018_193321~2.jpg,20181018_193321~2.jpg,.jpg,73414,2018-11-14T21:44:23,fe260fe6fcdd366ae7dce0e54c0756ae1d17117f4a544e804bf59783d95f9530
/home/rich/Pictures/2018/20181019_140406.jpg,20181019_140406.jpg,.jpg,435503,2018-11-14T21:44:23,ef013a9d1d6d4d1516c6be94748dd62f3ee738817f8cbf3e9ab8373cacae3171
/home/rich/Pictures/2018/20181019_140408.jpg,20181019_140408.jpg,.jpg,760348,2018-11-14T21:44:27,5ced2b0c8223f973de8a71009b38effd11f4a83ad55accf97a193fbf7fd471b5
/home/rich/Pictures/2018/20181019_140439.jpg,20181019_140439.jpg,.jpg,452880,2018-11-14T21:44:27,c6236ca0cc4c99c923d6800942a559d915d0a5f6b415e6751b08e374385729cc
/home/rich/Pictures/2018/20181019_140506.jpg,20181019_140506.jpg,.jpg,674617,2018-11-14T21:44:32,67c38712ad9455605e80d216d669842e5f187816fbf05176ec1d057c04892c9a
/home/rich/Pictures/2018/20181019_140518.jpg,20181019_140518.jpg,.jpg,242665,2018-11-14T21:44:39,34318daf464d3e5adac2e819c7bf56ea5afa100779fa28337822b1c61c9db6d1
/home/rich/Pictures/2018/20181019_140826.jpg,20181019_140826.jpg,.jpg,150410,2018-11-14T21:44:44,2bfa7a7ba8833054104bfeedd20fcf6d2a7c86dbe2b1e698cc447a3c17e5e38a
/home/rich/Pictures/2018/20181019_140829.jpg,20181019_140829.jpg,.jpg,404165,2018-11-14T21:44:52,5b8c8ae73e4f961638bd318a8528320ec06e92fa4333d515ade16313849c7392
/home/rich/Pictures/2018/20181019_141205.jpg,20181019_141205.jpg,.jpg,114556,2018-11-14T21:44:52,87234622bdb4821e90ba1ee361ec9c600ad20d8a59edb0812e382d21e9304955
/home/rich/Pictures/2018/20181019_141208.jpg,20181019_141208.jpg,.jpg,143329,2018-11-14T21:44:57,318526c0caa7598823265c76172da88bbeb95d07c4ad594ec37fe2b8fe9b1fb9
/home/rich/Pictures/2018/20181019_141211.jpg,20181019_141211.jpg,.jpg,254234,2018-11-14T21:45:01,d5ca2a594b979da869303a10411978627ea24c4a27877064ea670613755275de
/home/rich/Pictures/2018/20181019_141214.jpg,20181019_141214.jpg,.jpg,316280,2018-11-14T21:45:05,59228bd16662cf6582a6988cc165ffc547517e5f633b9c28916b443614675caf
/home/rich/Pictures/2018/20181021_104729.jpg,20181021_104729.jpg,.jpg,151733,2018-11-14T21:45:05,af14ed211e23b2d63176623302161aef5d47053318cddfba8fb5657fd534e5e8
/home/rich/Pictures/2018/20181021_104735.jpg,20181021_104735.jpg,.jpg,108790,2018-11-14T21:45:08,7989f847ad2c65956585700d63530c910e69328b4292c9a32f684066d2e22058
/home/rich/Pictures/2018/20181021_151129.jpg,20181021_151129.jpg,.jpg,120762,2018-11-14T21:45:08,100b871fb7714423ccb536056302ab58b3fa757d4e8d56c7a10cda8065bed29e
/home/rich/Pictures/2018/20181021_151138.jpg,20181021_151138.jpg,.jpg,144085,2018-11-14T21:45:08,cda49b2c0f68a3c402ccb821400938cb3f12bd6ed77b89cc3a5717f414613d9d
/home/rich/Pictures/2018/20181021_151147.jpg,20181021_151147.jpg,.jpg,121201,2018-11-14T21:45:12,6e7b9bfbf61d5ec896785f19e4bc51974a762550a0ee96c2f1c2b157125e781a
/home/rich/Pictures/2018/20181021_151159.jpg,20181021_151159.jpg,.jpg,103095,2018-11-14T21:45:12,5fb6d0b332288925efcc33690c9d20af15eb93d96b13d29901eef8c9acad9af9
/home/rich/Pictures/2018/20181021_160628.jpg,20181021_160628.jpg,.jpg,165397,2018-11-14T21:45:12,acce39d9d46348e54b521622cd7277b3f17c77cbe8ad8670088d45c4b7fddc2a
/home/rich/Pictures/2018/20181021_160628~2.jpg,20181021_160628~2.jpg,.jpg,76140,2018-11-14T21:45:15,02e71ac203260caaa0ec945b3825898f5f8fc75fa05ac63d07e16f568513c579
/home/rich/Pictures/2018/20181021_205530.jpg,20181021_205530.jpg,.jpg,243925,2018-11-14T21:45:15,0f0f8407ba04c8d21277b78cacb8ae13acb64788569e61335f2c90ba1963f5fa
/home/rich/Pictures/2018/20181021_215053.jpg,20181021_215053.jpg,.jpg,120152,2018-11-14T21:45:15,b6b08bee7b61670482a05066c32c2ff7e7474ede31e89c44d1d59a230ac0bc26
/home/rich/Pictures/2018/20181021_215227.jpg,20181021_215227.jpg,.jpg,312465,2018-11-14T21:45:19,eb2b50309c39a8b3d78103a60d28f4aa4b3188b711ed41f782fe784940b4fb8b
/home/rich/Pictures/2018/20181021_215233.jpg,20181021_215233.jpg,.jpg,223871,2018-11-14T21:45:23,d6c900552845b8e7f351a487bdaff2718351c41b9d42b61f5d2850fac4dffd21
/home/rich/Pictures/2018/20181024_180359.jpg,20181024_180359.jpg,.jpg,590266,2018-11-14T21:45:27,ef1780f3541e49d553b4f26871f77047b807c99d9eaee6d0a83970d974e1dcd5
/home/rich/Pictures/2018/20181024_180624.jpg,20181024_180624.jpg,.jpg,486959,2018-11-14T21:45:27,02f11714915abf5286940bab2fcc5170805a2af9f42fc1591d40917a24e04b73
/home/rich/Pictures/2018/20181024_180638.jpg,20181024_180638.jpg,.jpg,447537,2018-11-14T21:45:32,d89d9006e15789f1931490ae6f7263f640b0fbe273170513a89391c0104964ca
/home/rich/Pictures/2018/20181024_182951.jpg,20181024_182951.jpg,.jpg,286075,2018-11-14T21:45:32,2f93bb998fea7b3d06242b28fd565f27a2050ea07be814250101c4cbfe1cfa9b
/home/rich/Pictures/2018/20181024_183501_Burst01.jpg,20181024_183501_Burst01.jpg,.jpg,1221104,2018-11-14T21:45:37,f151913b7a13cb67ea8aa44bc17d3dd23e860fe42fd412eede454838634e7c79
/home/rich/Pictures/2018/20181024_183507.jpg,20181024_183507.jpg,.jpg,202538,2018-11-14T21:45:37,b03e850f0f1f6c755ce6d5663880663fd0c04e71f7fa7b56575c0ef2328d7f8c
/home/rich/Pictures/2018/20181024_183533.jpg,20181024_183533.jpg,.jpg,165678,2018-11-14T21:45:37,2af0b742e75c17b5c9b8737bdfaf958008aaf7e245f2ee924b62675c4e7bc6ab
/home/rich/Pictures/2018/20181024_183550.jpg,20181024_183550.jpg,.jpg,156361,2018-11-14T21:45:41,d054b5d72727aab78bb4275fa0541b6912c4a817f8c7eda2fe875093b5d54c63
/home/rich/Pictures/2018/20181027_025342.jpg,20181027_025342.jpg,.jpg,158460,2018-11-14T21:45:45,0ace9e9bdcbc8ef9023d27efb7ba5417de92361df908e61b334fd92b6b63c197
/home/rich/Pictures/2018/20181027_025411_Burst01.jpg,20181027_025411_Burst01.jpg,.jpg,1323686,2018-11-14T21:45:56,31015e8a40b05a3afeea66a5a606af4d6b13ea93ec063f0a3737905798cc1bd5
/home/rich/Pictures/2018/20181027_030125.jpg,20181027_030125.jpg,.jpg,162914,2018-11-14T21:45:56,703b8a44c064d3b36ef7d67e7a2692f5afb9763a50627d536bc423234364f6fa
/home/rich/Pictures/2018/20181027_030147.jpg,20181027_030147.jpg,.jpg,233909,2018-11-14T21:45:58,ff3d2c0807053f0c81ae349e321be23b2e6b12785687283fd3931cc1a25f1154
/home/rich/Pictures/2018/20181104_204439.jpg,20181104_204439.jpg,.jpg,167638,2018-11-14T21:45:58,8eca9139f6d08dada9c1caeea38834237d43da10651f6f478c307bd849203423
/home/rich/Pictures/2018/20181104_204447.jpg,20181104_204447.jpg,.jpg,215034,2018-11-14T21:45:58,012fa3efc7a7a1995fe28aa7d3d1d50a8246cc94aa2adbe2fc4e27b914cb7f48
/home/rich/Pictures/2018/20181104_204548.jpg,20181104_204548.jpg,.jpg,156246,2018-11-14T21:46:03,72f00478a16cd317447c37d2f50e3189bd8f9648baacff2c5ca66fca420b6759
/home/rich/Pictures/2018/20181104_204553.jpg,20181104_204553.jpg,.jpg,111610,2018-11-14T21:46:03,fa92168372e19a79b8ec9b83ae1ca74ba916fa2de2daddd7dd6533fc6d03c1b0
/home/rich/Pictures/2018/20181104_204701.jpg,20181104_204701.jpg,.jpg,223991,2018-11-14T21:46:07,907d8d19e6346412fb509204fafaa112389046053bbf1ecb4a0ef45017c9e61b
/home/rich/Pictures/2018/20181104_204706.jpg,20181104_204706.jpg,.jpg,152461,2018-11-14T21:46:07,467eb99754a8e438a922cba6635bb7d429069aa4941c410ce5c8c8a9033ef0cd
/home/rich/Pictures/2018/20181107_095106.jpg,20181107_095106.jpg,.jpg,227967,2018-11-14T21:46:11,a79ba6a45087415d19dbe2ab96830c3ece9a5c5bf123adb16fcb68a09be9e153
/home/rich/Pictures/2018/20181107_095121.jpg,20181107_095121.jpg,.jpg,110637,2018-11-14T21:46:11,66497a7a029fcc5bab4eb84e9e5fd3a5274c95aaf7b2171f9705ad7688917fd0
/home/rich/Pictures/2018/20181107_095143.jpg,20181107_095143.jpg,.jpg,92150,2018-11-14T21:46:14,eb143db352ffd1d4db36baaa502649461ab6c9efc8fee1b14f58ddf47acb8ee7
/home/rich/Pictures/2018/20181107_095151.jpg,20181107_095151.jpg,.jpg,267538,2018-11-14T21:46:14,ef3abbd5f320a5f34bb873f086d8860a1dacdd178f1cccff2a867c0c86c9520e
/home/rich/Pictures/2018/20181107_095155.jpg,20181107_095155.jpg,.jpg,118601,2018-11-14T21:46:18,a8e03b7de5ec561313d44fa33cb1c928078be8ed50e05d97b98471ba87831477
/home/rich/Pictures/2018/20181107_095157.jpg,20181107_095157.jpg,.jpg,118024,2018-11-14T21:46:18,4e6a79dda33f5b0b793a85f98486dbf2039c1ce63353620dd9c81c22c4c55e47
/home/rich/Pictures/2018/20181107_095201.jpg,20181107_095201.jpg,.jpg,124787,2018-11-14T21:46:18,59e730cfda62d7f8d879cedf2efbafce90890fcd876fc79240939826738199e5
/home/rich/Pictures/2018/20181107_095217.jpg,20181107_095217.jpg,.jpg,410581,2018-11-14T21:46:18,1368523a24cb915dbd2721e70c401fa198d939db0efaafcf4abd540af2ef255c
/home/rich/Pictures/2018/20181107_095229_Burst01.jpg,20181107_095229_Burst01.jpg,.jpg,760997,2018-11-14T21:46:22,8e7c892e85ca0504fb05248f8439eaa053e199d037d1eb7a032358069c2068aa
/home/rich/Pictures/2018/20181107_095705.jpg,20181107_095705.jpg,.jpg,158692,2018-11-14T21:46:22,9e1a3391f57ceaddbe1aad89cf37eb64adb35555d627fd79b2b264c3fdb2701b
/home/rich/Pictures/2018/20181107_095711.jpg,20181107_095711.jpg,.jpg,167408,2018-11-14T21:46:22,3ed6a33394a92ebfaae410375b26131a4a0b5cfc77cac9f8a9f7805c22712581
/home/rich/Pictures/2018/20181107_095716.jpg,20181107_095716.jpg,.jpg,150409,2018-11-14T21:46:27,0f0499965d5b11cb9f775422dd2451d131937027bee18d484ae5617652d5940d
/home/rich/Pictures/2018/20181107_103457.jpg,20181107_103457.jpg,.jpg,357891,2018-11-14T21:46:32,24bbafeb535032abc6b2b8f74dc07e18eefa581f2f0d745dd3403e99f6b32f28
/home/rich/Pictures/2018/20181107_103505.jpg,20181107_103505.jpg,.jpg,228175,2018-11-14T21:46:35,9a9853c18e725cb485b9adee6b783507cfa7ce96403cd8eca0bd1a952e009a68
/home/rich/Pictures/2018/20181107_103523.jpg,20181107_103523.jpg,.jpg,225185,2018-11-14T21:46:39,861fb35d6c102be9dd3771475572a44f630e9d663abf73a4be9d2ec072dd9d63
/home/rich/Pictures/2018/20181107_103540.jpg,20181107_103540.jpg,.jpg,229508,2018-11-14T21:46:42,df086d7d1c7f18560dd0faf5cbbec97e4f2d537f4aafb5831abc46b3e6f8d234
/home/rich/Pictures/2018/Copy of 20181107_095229_Burst01.jpg,Copy of 20181107_095229_Burst01.jpg,.jpg,760997,2024-10-24T23:06:49,8e7c892e85ca0504fb05248f8439eaa053e199d037d1eb7a032358069c2068aa
/home/rich/Pictures/2018/Copy of 20181107_095705.jpg,Copy of 20181107_095705.jpg,.jpg,158692,2025-08-05T17:48:33,9e1a3391f57ceaddbe1aad89cf37eb64adb35555d627fd79b2b264c3fdb2701b
/home/rich/Pictures/2018/FB_IMG_1542252984820.jpg,FB_IMG_1542252984820.jpg,.jpg,133162,2018-11-14T22:39:05,14ce954ee97c826eeb772faeb48d6745201704e1602570ec2db579b926f7d4ca
/home/rich/Pictures/2018/FB_IMG_1542252990562.jpg,FB_IMG_1542252990562.jpg,.jpg,34401,2018-11-14T22:39:05,80d6423de0c8d4159ffa4c51f13484278a0990a59097c45eaeee5308c91afe4a
/home/rich/Pictures/2018/FB_IMG_1542252996978.jpg,FB_IMG_1542252996978.jpg,.jpg,33084,2018-11-14T22:39:05,a4e0aed73dcad70242a0bc21a1660a251890c251506bfce02ec7d1a01010920b
/home/rich/Pictures/2018/FB_IMG_1542253011424.jpg,FB_IMG_1542253011424.jpg,.jpg,103643,2018-11-14T22:39:05,93b8253481cb1f910a46b0c0d2ddf374dd3fd806bbc2b07c4986f46be338151d
/home/rich/Pictures/2018/FB_IMG_1542253015546.jpg,FB_IMG_1542253015546.jpg,.jpg,106594,2018-11-14T22:39:05,0585d5b980b00ddb948f25201f4808473e7bd65a7ba83bc1c9de6eb1064b0707
/home/rich/Pictures/2018/FB_IMG_1542253027383.jpg,FB_IMG_1542253027383.jpg,.jpg,93758,2018-11-14T22:39:05,ae0ff973b9949e89cadca9b31a46ca827de8fd3dd89d8a4aaa4b8df046e3bc41
/home/rich/Pictures/2018/FB_IMG_1542253032233.jpg,FB_IMG_1542253032233.jpg,.jpg,124175,2018-11-14T22:39:05,04e4f4dc553b91c6f151584212a65d94f4221e9a8c45b2a181ccbea7f0089549
/home/rich/Pictures/2018/FB_IMG_1542253035617.jpg,FB_IMG_1542253035617.jpg,.jpg,149945,2018-11-14T22:39:05,d679cd1484ef454704951125657c49105452dc3063d531dc617d5091f20a0616
/home/rich/Pictures/2018/FB_IMG_1542253040590.jpg,FB_IMG_1542253040590.jpg,.jpg,132204,2018-11-14T22:39:05,f5bbfb0deb04944cd742cbbbb1bfe3c02e74e73f57467d5bba7ae7bc314153d9
/home/rich/Pictures/2018/FB_IMG_1542253044435.jpg,FB_IMG_1542253044435.jpg,.jpg,124406,2018-11-14T22:39:05,1eec1978f171b23133033494e017a67491dfc3ed9aeafcdbeac050506023b2cf
/home/rich/Pictures/2018/FB_IMG_1542253048037.jpg,FB_IMG_1542253048037.jpg,.jpg,127069,2018-11-14T22:39:05,42d5b59c7af0d533637fa949f04a69809e5b79cd3a7316433bd58b91572676f3
/home/rich/Pictures/2018/FB_IMG_1542253053920.jpg,FB_IMG_1542253053920.jpg,.jpg,113067,2018-11-14T22:39:05,bbb08d01c24baffd89ecd8d1a7cc692b8256e233a01e8a962e7ecfc27c8537af
/home/rich/Pictures/2019/20190509_091847.jpg,20190509_091847.jpg,.jpg,128587,2019-05-17T02:00:13,66c676ce5a7c854bf21f706ffab4f1c136f11efbe76e525781938bb9009b8774
/home/rich/Pictures/2019/20190602_222518.jpg,20190602_222518.jpg,.jpg,180602,2019-06-22T14:55:17,54107c97b738d003cafa2c0af4abafe2f4df08b3ea3274615f46116edc11c591
/home/rich/Pictures/2019/20190602_222550.jpg,20190602_222550.jpg,.jpg,502170,2019-06-22T14:55:17,e08387b2ec77835991d911626f67eaafb32c3f73c74bdec493acb42b61e6380f
/home/rich/Pictures/2019/20190621_180455.jpg,20190621_180455.jpg,.jpg,130145,2019-06-22T14:55:21,4bd1a1011b79529ea0f95d9290f96978c40e7de148181a45a41077251a188966
/home/rich/Pictures/Camera/Photo from 2025-08-06 01-26-55.102467.jpeg,Photo from 2025-08-06 01-26-55.102467.jpeg,.jpeg,100975,2025-08-06T05:26:55,aa4fd1f6e7c328cfb29ccaab8dfcf7aa43657a853a34ac4d4647e35716f5dd23
/home/rich/Pictures/Camera/Photo from 2025-08-12 13-27-35.682295.jpeg,Photo from 2025-08-12 13-27-35.682295.jpeg,.jpeg,102730,2025-08-12T17:27:35,a38eb350011fbc10f2a591b97a7a6794c3f9480979ccf9cace34e4b65f490b47
/home/rich/Pictures/My Love Samantha R Sprague -1-001 (2)/My Love Samantha R Sprague /20170507_154629.jpg,20170507_154629.jpg,.jpg,410186,2025-08-06T19:40:58,1322fa533d6f2b96246f0161db09e8e4c6daa25b4158a9fd3233bc25120bbdab
/home/rich/Pictures/My Love Samantha R Sprague -1-001 (2)/My Love Samantha R Sprague /20170507_154642.jpg,20170507_154642.jpg,.jpg,398784,2025-08-06T19:40:58,fe8e61f1091d23a4693536c83439fdc7412a48f38cc82473983a6e3532da5119
/home/rich/Pictures/My Love Samantha R Sprague -1-001 (2)/My Love Samantha R Sprague /20170518_094520.jpg,20170518_094520.jpg,.jpg,88215,2025-08-06T19:40:57,cfdf95ee77348127843bee5cb8b7a959d346399944663ea79b098073719fd50d
/home/rich/Pictures/My Love Samantha R Sprague -1-001 (2)/My Love Samantha R Sprague /20170518_094539.jpg,20170518_094539.jpg,.jpg,89267,2025-08-06T19:40:57,871fca83f2e00a4c9e17b52e1575f4f89c0462ee0668cde76e9601fdb0a0ad7e
/home/rich/Pictures/My Love Samantha R Sprague -1-001 (2)/My Love Samantha R Sprague /20170518_094553.jpg,20170518_094553.jpg,.jpg,153906,2025-08-06T19:40:57,d54de670299713f2e04ad4330429a8d03dcf170a3ee8ee1c6111e1f027b4db9a
/home/rich/Pictures/My Love Samantha R Sprague -1-001 (2)/My Love Samantha R Sprague /20170518_095306.jpg,20170518_095306.jpg,.jpg,97113,2025-08-06T19:40:57,9d6b2617fb19a8904203bf6c12b09cd909993bdbb0aa10d5125bbe3ed76ab313
/home/rich/Pictures/My Love Samantha R Sprague -1-001 (2)/My Love Samantha R Sprague /20170518_095332.jpg,20170518_095332.jpg,.jpg,86643,2025-08-06T19:40:57,84c867d00b0a1ea343fc3b7ca31a6de12a5085615559b6f843d9e105b69e14bc
/home/rich/Pictures/My Love Samantha R Sprague -1-001 (2)/My Love Samantha R Sprague /20170523_124125.jpg,20170523_124125.jpg,.jpg,215727,2025-08-06T19:40:57,4cd814fa08834d785dd189b2c574417d5dd08aa35ba0fa57fb5e96259d82cada
/home/rich/Pictures/My Love Samantha R Sprague -1-001 (2)/My Love Samantha R Sprague /20170523_124137.jpg,20170523_124137.jpg,.jpg,82022,2025-08-06T19:40:57,4f2facacbc709888492c135ac6ad4f1676cd800381217b60efd30bcaba5f7c61
/home/rich/Pictures/My Love Samantha R Sprague -1-001 (2)/My Love Samantha R Sprague /20170527_190014-COLLAGE.jpg,20170527_190014-COLLAGE.jpg,.jpg,371106,2025-08-06T19:40:57,ea56a703202eabd4cbfa13afe46025fdadb19eed59c7f931d39840cfd4b1195a
/home/rich/Pictures/My Love Samantha R Sprague -1-001 (2)/My Love Samantha R Sprague /20170527_191858.jpg,20170527_191858.jpg,.jpg,199341,2025-08-06T19:40:57,0ab155817f87d2bbfa72a2076424442e6597bfe6df8d0536a0c694eeef0e4207
/home/rich/Pictures/My Love Samantha R Sprague -1-001 (2)/My Love Samantha R Sprague /20181024_183533.jpg,20181024_183533.jpg,.jpg,165678,2025-08-06T19:40:55,2af0b742e75c17b5c9b8737bdfaf958008aaf7e245f2ee924b62675c4e7bc6ab
/home/rich/Pictures/My Love Samantha R Sprague -1-001 (2)/My Love Samantha R Sprague /20181024_183550.jpg,20181024_183550.jpg,.jpg,156361,2025-08-06T19:40:55,d054b5d72727aab78bb4275fa0541b6912c4a817f8c7eda2fe875093b5d54c63
/home/rich/Pictures/My Love Samantha R Sprague -1-001 (2)/My Love Samantha R Sprague /20190716_210737.jpg,20190716_210737.jpg,.jpg,147924,2025-08-06T19:40:56,9acf04c21a6255361b7361a9a875eb760fff2595908eb6fef15ba762e9d0632c
/home/rich/Pictures/My Love Samantha R Sprague -1-001 (2)/My Love Samantha R Sprague /20190716_211258.jpg,20190716_211258.jpg,.jpg,448326,2025-08-06T19:40:55,d79623ae2be0ceba46aacaeb810972d28a895143e0c596c2f7a6c89dd435d86a
/home/rich/Pictures/My Love Samantha R Sprague -1-001 (2)/My Love Samantha R Sprague /20190731_190919.jpg,20190731_190919.jpg,.jpg,194228,2025-08-06T19:40:55,9179bb86718d817fd76dac3dee489366a9baeab423991d7f3d8a736b575ed4da
/home/rich/Pictures/My Love Samantha R Sprague -1-001 (2)/My Love Samantha R Sprague /20190731_190930.jpg,20190731_190930.jpg,.jpg,216198,2025-08-06T19:40:56,4ec7ed099c351509f8e158549e78ec75495f100d28ba7babcb708ff9aa7cde33
/home/rich/Pictures/My Love Samantha R Sprague -1-001 (2)/My Love Samantha R Sprague /20190731_191021.jpg,20190731_191021.jpg,.jpg,180714,2025-08-06T19:40:55,f40bf99ef796a2d3d5566533932d50f1252bc702ecdca458244a5504b0c4314a
/home/rich/Pictures/My Love Samantha R Sprague -1-001 (2)/My Love Samantha R Sprague /20190826_164059.jpg,20190826_164059.jpg,.jpg,117083,2025-08-06T19:40:55,53ee5c23c6bbf8b06bf8478956853dbd069e101f80b61c254218e126ae60595f
/home/rich/Pictures/My Love Samantha R Sprague -1-001 (2)/My Love Samantha R Sprague /20190827_005008.jpg,20190827_005008.jpg,.jpg,193952,2025-08-06T19:40:55,72e060940299b33c9fb88ea9a69ddca41f81450f9d2a88ea82c3a8e8355d4d9a
/home/rich/Pictures/My Love Samantha R Sprague -1-001 (2)/My Love Samantha R Sprague /20190827_005051.jpg,20190827_005051.jpg,.jpg,194500,2025-08-06T19:40:55,c8340e365536a7caa09552c9b3e1bb5ad1092d37cc8ecd34854d6adc2446ace9
/home/rich/Pictures/My Love Samantha R Sprague -1-001 (2)/My Love Samantha R Sprague /20190903_142025.jpg,20190903_142025.jpg,.jpg,251596,2025-08-06T19:40:55,a3104f417a8682306d2f451602f7167696ba1eeeac0c29855d9ae6beb04aa3fa
/home/rich/Pictures/My Love Samantha R Sprague -1-001 (2)/My Love Samantha R Sprague /20190903_142036.jpg,20190903_142036.jpg,.jpg,241124,2025-08-06T19:40:55,f5fd5f023b0f54d972c3fdadcb6fc94aa75204dca740e1baaec41e7f443ce8f4
/home/rich/Pictures/My Love Samantha R Sprague -1-001 (2)/My Love Samantha R Sprague /20190903_142123.jpg,20190903_142123.jpg,.jpg,233961,2025-08-06T19:40:54,a3c9bf7bc7c40ccfb6478c2768f5c71b3adfba242607de83298e88ec25f6558e
/home/rich/Pictures/My Love Samantha R Sprague -1-001 (2)/My Love Samantha R Sprague /20190903_142132.jpg,20190903_142132.jpg,.jpg,203318,2025-08-06T19:40:55,ed3779cfb14142a39fa646ea6f102d3489666a1d7126b4095e270dc68260dedd
/home/rich/Pictures/My Love Samantha R Sprague -1-001 (2)/My Love Samantha R Sprague /20191104_132856.jpg,20191104_132856.jpg,.jpg,233838,2025-08-06T19:40:55,bf2c0aba66303cf4fe30e3f61187c3589951bdd717e1ef6ae487f32897460ef7
/home/rich/Pictures/My Love Samantha R Sprague -1-001 (2)/My Love Samantha R Sprague /20191205_184228.jpg,20191205_184228.jpg,.jpg,257315,2025-08-06T19:40:55,ecd7e1cb4035751eaa797dc19508b06e706f5eb75cf3fd089294c63b30e02f07
/home/rich/Pictures/My Love Samantha R Sprague -1-001 (2)/My Love Samantha R Sprague /20191205_200310.jpg,20191205_200310.jpg,.jpg,154258,2025-08-06T19:40:55,e821cb45cc66eff0b705b1b711d0ca634dacf099f880d6ec70615ae800ff6fa4
/home/rich/Pictures/My Love Samantha R Sprague -1-001 (2)/My Love Samantha R Sprague /20191205_200314.jpg,20191205_200314.jpg,.jpg,169258,2025-08-06T19:40:55,41836c8d99981921d5119a50f0e94905190c3c6beb567ef29d5615d4a4d4c67e
/home/rich/Pictures/My Love Samantha R Sprague -1-001 (2)/My Love Samantha R Sprague /20191205_200316.jpg,20191205_200316.jpg,.jpg,166664,2025-08-06T19:40:55,f9e0195c344b723eea8d3f3f8864b61750c30c37e3e13b9e6d18dfd828b40a86
/home/rich/Pictures/My Love Samantha R Sprague -1-001 (2)/My Love Samantha R Sprague /20191205_200318.jpg,20191205_200318.jpg,.jpg,162752,2025-08-06T19:40:55,c63f7b22b7ef503a8589609fc90a6ea34e8ff835dd7a0ebfdafaf23142ba2eae
/home/rich/Pictures/My Love Samantha R Sprague -1-001 (2)/My Love Samantha R Sprague /20191205_200321.jpg,20191205_200321.jpg,.jpg,154266,2025-08-06T19:40:55,752d0eec7ecf5b1ae3a1e1b6c946d9898f30023ad79c27248f7512adc27c9d28
/home/rich/Pictures/My Love Samantha R Sprague -1-001 (2)/My Love Samantha R Sprague /20191205_204934.jpg,20191205_204934.jpg,.jpg,247115,2025-08-06T19:40:55,bf5359526c95bd42c5841a10329418a3b0b1630771e5196c8242e0c38651de81
/home/rich/Pictures/My Love Samantha R Sprague -1-001 (2)/My Love Samantha R Sprague /20191205_204940.jpg,20191205_204940.jpg,.jpg,251067,2025-08-06T19:40:55,3ea1fc642cb447840026e163289152b54ac70c18c17d5726afac0c3bf9153081
/home/rich/Pictures/My Love Samantha R Sprague -1-001 (2)/My Love Samantha R Sprague /20191205_204943.jpg,20191205_204943.jpg,.jpg,259069,2025-08-06T19:40:54,fda642ecca0138482e9688be165223402a2e12d5fefd628d8bde9fe512d158ec
/home/rich/Pictures/My Love Samantha R Sprague -1-001 (2)/My Love Samantha R Sprague /20191205_205003.jpg,20191205_205003.jpg,.jpg,205832,2025-08-06T19:40:55,ac5f847b3f6958e7a93cd37026daa5f7606d25afe4a7551c6187ee976a505644
/home/rich/Pictures/My Love Samantha R Sprague -1-001 (2)/My Love Samantha R Sprague /20191205_205032.jpg,20191205_205032.jpg,.jpg,288046,2025-08-06T19:40:55,5e8064f5233a4d0a669012a3d612f2e9d395bdbf3c6264d2b89f9c4b2b03b938
/home/rich/Pictures/My Love Samantha R Sprague -1-001 (2)/My Love Samantha R Sprague /20191205_205039.jpg,20191205_205039.jpg,.jpg,271038,2025-08-06T19:40:54,330676298ecc95cd1129a6fd5488e94b8f1c3977ffdfe839f8575b143c048d51
/home/rich/Pictures/My Love Samantha R Sprague -1-001 (2)/My Love Samantha R Sprague /20191208_183332.jpg,20191208_183332.jpg,.jpg,163332,2025-08-06T19:40:54,e3c2c4007fad25a825056c2ee95584d39c536b57e750ef3dbcbc8162e863fdb8
/home/rich/Pictures/My Love Samantha R Sprague -1-001 (2)/My Love Samantha R Sprague /20191208_183344.jpg,20191208_183344.jpg,.jpg,156457,2025-08-06T19:40:54,cf2f88694a898a325be87f85033c2f29c67c55f37aad5734ff934573384fdcef
/home/rich/Pictures/My Love Samantha R Sprague -1-001 (2)/My Love Samantha R Sprague /20200703_211047.jpg,20200703_211047.jpg,.jpg,434685,2025-08-06T19:40:52,ef3836353765801a65c88c9641a596bfbd4c82e61c212dc7fc986f4e53467542
/home/rich/Pictures/My Love Samantha R Sprague -1-001 (2)/My Love Samantha R Sprague /20200703_211122.jpg,20200703_211122.jpg,.jpg,396207,2025-08-06T19:40:52,fa5e0ede0e86a5a13b8a67dc863941501534d3c00cb50a2d327f74370d8b8db1
/home/rich/Pictures/My Love Samantha R Sprague -1-001 (2)/My Love Samantha R Sprague /20200704_225951.jpg,20200704_225951.jpg,.jpg,567684,2025-08-06T19:40:53,4f14d8df01ec2fedd93bfa3c7da3c1db167265f644e2163c1a12e5826256f868
/home/rich/Pictures/My Love Samantha R Sprague -1-001 (2)/My Love Samantha R Sprague /20200704_225953_Signature.jpg,20200704_225953_Signature.jpg,.jpg,595497,2025-08-06T19:40:52,6c9d46a29ca5b81f29c37e75c20a2d0a47f82ca3cf43e58ca90cbd796c870af5
/home/rich/Pictures/My Love Samantha R Sprague -1-001 (2)/My Love Samantha R Sprague /20200704_230011.jpg,20200704_230011.jpg,.jpg,426916,2025-08-06T19:40:52,95bbeb9d938eb44d896ea5a9c67a4cc79133b88d6cc2c99da1d54408fb8d35fd
/home/rich/Pictures/My Love Samantha R Sprague -1-001 (2)/My Love Samantha R Sprague /20200704_230011_Signature.jpg,20200704_230011_Signature.jpg,.jpg,470436,2025-08-06T19:40:52,88aca6cac983acdb6a5482c4f724402f42988d34e32d71b95830e6b81da74db9
/home/rich/Pictures/My Love Samantha R Sprague -1-001 (2)/My Love Samantha R Sprague /20200704_230015.jpg,20200704_230015.jpg,.jpg,454042,2025-08-06T19:40:52,7e3f719be547a47f5e9cbe66a286e6090f6aa2716772a6a2f314c5dc2de27ca7
/home/rich/Pictures/My Love Samantha R Sprague -1-001 (2)/My Love Samantha R Sprague /20200704_230015_Signature.jpg,20200704_230015_Signature.jpg,.jpg,494132,2025-08-06T19:40:52,32a33fdb765d7b050d962e0c14ef9344f8a384ef5a9d91fd4b3020a49d96e55f
/home/rich/Pictures/My Love Samantha R Sprague -1-001 (2)/My Love Samantha R Sprague /20200704_230030.jpg,20200704_230030.jpg,.jpg,455397,2025-08-06T19:40:52,20077a800d3ba7e0029af6abecc49980b85ae4eb124a62098813261e47c37f6d
/home/rich/Pictures/My Love Samantha R Sprague -1-001 (2)/My Love Samantha R Sprague /20200704_230148.jpg,20200704_230148.jpg,.jpg,846751,2025-08-06T19:40:52,4aa5ad2f8f49f247c254399de0e2974fbee60dc306d41a615291bef0be15c1e6
/home/rich/Pictures/My Love Samantha R Sprague -1-001 (2)/My Love Samantha R Sprague /20200704_230148_Signature.jpg,20200704_230148_Signature.jpg,.jpg,885548,2025-08-06T19:40:52,3122ae29c7b36fd2841c89a433a47209aac5b2510d64a5573355d3c8d0ecca40
/home/rich/Pictures/My Love Samantha R Sprague -1-001 (2)/My Love Samantha R Sprague /20200704_230311-edited.jpg,20200704_230311-edited.jpg,.jpg,97423,2025-08-06T19:40:51,dbe1e9dd1a8c981083c7d0c3d3f00b8fec60ab801b0177fae9ed7e06aed20ea0
/home/rich/Pictures/My Love Samantha R Sprague -1-001 (2)/My Love Samantha R Sprague /20200704_230311_Signature.jpg,20200704_230311_Signature.jpg,.jpg,428366,2025-08-06T19:40:52,c6f80a1351e7f28d1852a7b658a90bf65b585b7094f9e1b72a7b199813c7591c
/home/rich/Pictures/My Love Samantha R Sprague -1-001 (2)/My Love Samantha R Sprague /20200704_230313.jpg,20200704_230313.jpg,.jpg,513836,2025-08-06T19:40:51,eb548fead0128b1b8939239c7a385973925ee57ce2537bc9b1f098d55e231508
/home/rich/Pictures/My Love Samantha R Sprague -1-001 (2)/My Love Samantha R Sprague /20200903_194752.jpg,20200903_194752.jpg,.jpg,646182,2025-08-06T19:40:51,16ab7f04dbe776550570eafb7e45af664cef497485e4b39c3815fd89d26594c9
/home/rich/Pictures/My Love Samantha R Sprague -1-001 (2)/My Love Samantha R Sprague /20200903_194754.jpg,20200903_194754.jpg,.jpg,478552,2025-08-06T19:40:51,791659b677fc2fad77f5ad9e835c9fae1e74f60bb9fe17a76ea0c0e1fcb7a464
/home/rich/Pictures/My Love Samantha R Sprague -1-001 (2)/My Love Samantha R Sprague /20200903_194847.jpg,20200903_194847.jpg,.jpg,295981,2025-08-06T19:40:51,813e516285e554905a4d7c581eec52c5ccdcace44f786a9791579283f4d2465d
/home/rich/Pictures/My Love Samantha R Sprague -1-001 (2)/My Love Samantha R Sprague /20200903_194922.jpg,20200903_194922.jpg,.jpg,547801,2025-08-06T19:40:51,d25b1833b3cb600ec481d78cd52f559c3e8ce055467d3e9c79f38c002d43c575
/home/rich/Pictures/My Love Samantha R Sprague -1-001 (2)/My Love Samantha R Sprague /20200903_195139.jpg,20200903_195139.jpg,.jpg,496708,2025-08-06T19:40:51,c31a64a593459b1ee3c2a9464817e4dbeded54195bf0612994cf0bcabf0a89fa
/home/rich/Pictures/My Love Samantha R Sprague -1-001 (2)/My Love Samantha R Sprague /20200903_195519_HDR.jpg,20200903_195519_HDR.jpg,.jpg,354175,2025-08-06T19:40:51,fe95bba970e2fc798a281f9797cd9eff42a99cef3c5e1ee8e1ff9399a560709f
/home/rich/Pictures/My Love Samantha R Sprague -1-001 (2)/My Love Samantha R Sprague /20200921_121525_HDR.jpg,20200921_121525_HDR.jpg,.jpg,533230,2025-08-06T19:40:51,e41b5f3f7065deef99e51e5cef841b02a2a4e3a596224bf06548f1b619cdc447
/home/rich/Pictures/My Love Samantha R Sprague -1-001 (2)/My Love Samantha R Sprague /20200924_145257_HDR.jpg,20200924_145257_HDR.jpg,.jpg,1769441,2025-08-06T19:40:51,f046af0e06bb79177d646448d15d03a6b857eb4ba04ef7d21381a50ea18f1932
/home/rich/Pictures/My Love Samantha R Sprague -1-001 (2)/My Love Samantha R Sprague /20200924_145300_HDR.jpg,20200924_145300_HDR.jpg,.jpg,1490027,2025-08-06T19:40:51,e922f1047cc77f6aa6c1f4e34997d4102fb7f84488d1aaabe5b562f2041e6232
/home/rich/Pictures/My Love Samantha R Sprague -1-001 (2)/My Love Samantha R Sprague /20200924_145315_HDR.jpg,20200924_145315_HDR.jpg,.jpg,1772318,2025-08-06T19:40:51,6b6b7c48e52c50dd1262773a8455bb684515473cdf8f62892fb5a775e624c634
/home/rich/Pictures/My Love Samantha R Sprague -1-001 (2)/My Love Samantha R Sprague /20200924_145346_HDR.jpg,20200924_145346_HDR.jpg,.jpg,923459,2025-08-06T19:40:51,86499f6cb2febbc307e82bdf5ce96986c452274bffe5498e067e5b2b9b2f0195
/home/rich/Pictures/My Love Samantha R Sprague -1-001 (2)/My Love Samantha R Sprague /20200924_145350_HDR.jpg,20200924_145350_HDR.jpg,.jpg,896305,2025-08-06T19:40:51,0900562e4f2c178553c9ca52e10e9dd9575bb5407f1abb9c45f141d2fcbeba46
/home/rich/Pictures/My Love Samantha R Sprague -1-001 (2)/My Love Samantha R Sprague /20200924_145623_HDR.jpg,20200924_145623_HDR.jpg,.jpg,502607,2025-08-06T19:40:51,521e101185af288c2d441c184aae943f955732ac1357e856fe2bc6b7cb6ac970
/home/rich/Pictures/My Love Samantha R Sprague -1-001 (2)/My Love Samantha R Sprague /20200924_145928_HDR.jpg,20200924_145928_HDR.jpg,.jpg,1283826,2025-08-06T19:40:50,ffd7fb75c5c7ff1e4e5e0cd93ce9b8af7d9492c633741e4cb8d20299af5a50c6
/home/rich/Pictures/My Love Samantha R Sprague -1-001 (2)/My Love Samantha R Sprague /20200924_145933_HDR.jpg,20200924_145933_HDR.jpg,.jpg,534351,2025-08-06T19:40:50,6efc1e42a2c2093d230f96eab575e024bd0fd24d555476c7944dedc729a3f903
/home/rich/Pictures/My Love Samantha R Sprague -1-001 (2)/My Love Samantha R Sprague /20200924_145935_HDR.jpg,20200924_145935_HDR.jpg,.jpg,615098,2025-08-06T19:40:50,6ee098ad649f92f0d0181704afb0bd3548929fd0657354d8c5181b785654b57f
/home/rich/Pictures/My Love Samantha R Sprague -1-001 (2)/My Love Samantha R Sprague /20210116_141643.jpg,20210116_141643.jpg,.jpg,174100,2025-08-06T19:40:50,d4d3ca744d9c6c21275634c9a32cff64a9cd0ee314d8a4eb48590354f77690f3
/home/rich/Pictures/My Love Samantha R Sprague -1-001 (2)/My Love Samantha R Sprague /20210116_141648.jpg,20210116_141648.jpg,.jpg,168746,2025-08-06T19:40:50,d7f4b2a598802f2760a5248ea4edbb7f30d45c082e4004d25e67206c2b7c7f49
/home/rich/Pictures/My Love Samantha R Sprague -1-001 (2)/My Love Samantha R Sprague /20210116_141652.jpg,20210116_141652.jpg,.jpg,205578,2025-08-06T19:40:50,871d792acb022b0db32b6f07c8172916a3e6fa90358a3ddd3dadf419a36674d4
/home/rich/Pictures/My Love Samantha R Sprague -1-001 (2)/My Love Samantha R Sprague /20210116_141659.jpg,20210116_141659.jpg,.jpg,161860,2025-08-06T19:40:50,834234b18d2240d0c00157a266bac787d23f5ed984b0c104379d1ef3d7ef0f10
/home/rich/Pictures/My Love Samantha R Sprague -1-001 (2)/My Love Samantha R Sprague /20210116_141703.jpg,20210116_141703.jpg,.jpg,154552,2025-08-06T19:40:50,3612648e7348622b11c5ff8fba2320fab691a1c1d627d339f66ab39f631566b9
/home/rich/Pictures/My Love Samantha R Sprague -1-001 (2)/My Love Samantha R Sprague /20210116_141723.jpg,20210116_141723.jpg,.jpg,209117,2025-08-06T19:40:50,c591908dddbb88bc0692afcbdd51a79cff75d74c108cc41ced014c875e5ad79a
/home/rich/Pictures/My Love Samantha R Sprague -1-001 (2)/My Love Samantha R Sprague /20210116_141735.jpg,20210116_141735.jpg,.jpg,136615,2025-08-06T19:40:50,1d9ebf788ce6ec0ff007a745e9e102784528276834366983575cd7b00553d07b
/home/rich/Pictures/My Love Samantha R Sprague -1-001 (2)/My Love Samantha R Sprague /20210118_144052.jpg,20210118_144052.jpg,.jpg,210480,2025-08-06T19:40:50,5ce1d052cff2ccc0ef94d1d714824478b0cdcdeba396957047c7807e01355725
/home/rich/Pictures/My Love Samantha R Sprague -1-001 (2)/My Love Samantha R Sprague /20210118_144102.jpg,20210118_144102.jpg,.jpg,204434,2025-08-06T19:40:50,df0340d4a0cd0d75a1ed3b61fbee2070c9f2beda99d8829f6632cdae3c560018
/home/rich/Pictures/My Love Samantha R Sprague -1-001 (2)/My Love Samantha R Sprague /20210118_144335.jpg,20210118_144335.jpg,.jpg,517853,2025-08-06T19:40:50,65804a07b32f7af0e9d5292ac825fedf62cac65a4c1d77fdaec820351980df8a
/home/rich/Pictures/My Love Samantha R Sprague -1-001 (2)/My Love Samantha R Sprague /20210119_143652.jpg,20210119_143652.jpg,.jpg,628144,2025-08-06T19:40:50,096abb000ad338826d17b07d4349b94d1bc6aac78cba035b66d0b0976161ee2a
/home/rich/Pictures/My Love Samantha R Sprague -1-001 (2)/My Love Samantha R Sprague /20210119_143705.jpg,20210119_143705.jpg,.jpg,693848,2025-08-06T19:40:50,20c1b732b27d21dfe858023f86e2cf554f5c86ec13ba9508b0adec80341f9235
/home/rich/Pictures/My Love Samantha R Sprague -1-001 (2)/My Love Samantha R Sprague /20210119_143709.jpg,20210119_143709.jpg,.jpg,571686,2025-08-06T19:40:50,54a5478a35a5c9d1a734164eb1518a63d0880450d524d2f999e6eb4327fbeb98
/home/rich/Pictures/My Love Samantha R Sprague -1-001 (2)/My Love Samantha R Sprague /20210119_210221.jpg,20210119_210221.jpg,.jpg,198923,2025-08-06T19:40:50,f61bb0a5a295a257dd755221efee8013f519ccc048edd4662bd525e7e0d7f77d
/home/rich/Pictures/My Love Samantha R Sprague -1-001 (2)/My Love Samantha R Sprague /20210121_000329.jpg,20210121_000329.jpg,.jpg,270640,2025-08-06T19:40:50,8c8fe6ff6d4612ac10a2f22816dca858245824e1b6533691de5d9ebf6efb066f
/home/rich/Pictures/My Love Samantha R Sprague -1-001 (2)/My Love Samantha R Sprague /20210122_142316.jpg,20210122_142316.jpg,.jpg,281476,2025-08-06T19:40:50,e972a45a32a91636deda4de06ee4b0c7ca8df3236d0cb011ca2a9015db1b8d5c
/home/rich/Pictures/My Love Samantha R Sprague -1-001 (2)/My Love Samantha R Sprague /20210201_140437.jpg,20210201_140437.jpg,.jpg,284619,2025-08-06T19:40:50,3f2150e2ed71ea6b46455402f1a16767a06049d13acc68fac45dd657d924cf0d
/home/rich/Pictures/My Love Samantha R Sprague -1-001 (2)/My Love Samantha R Sprague /20210201_140451.jpg,20210201_140451.jpg,.jpg,282073,2025-08-06T19:40:50,6af56547eab8d6f7da03d3581a78d8008379b6f6c4063665b014044397114c67
/home/rich/Pictures/My Love Samantha R Sprague -1-001 (2)/My Love Samantha R Sprague /20210221_012315.jpg,20210221_012315.jpg,.jpg,237887,2025-08-06T19:40:50,9a1e49b57abc15259c6dd79a1a231c3523494927d747919d099f7da3182d2a9e
/home/rich/Pictures/My Love Samantha R Sprague -1-001 (2)/My Love Samantha R Sprague /20210221_012323.jpg,20210221_012323.jpg,.jpg,236977,2025-08-06T19:40:50,abe78cfad19eed6bf71311dd702660cac25847fc7e57a41a152f338775beaad4
/home/rich/Pictures/My Love Samantha R Sprague -1-001 (2)/My Love Samantha R Sprague /20210221_012416.jpg,20210221_012416.jpg,.jpg,296351,2025-08-06T19:40:50,4548fb5cef6016b914fadb9b9811b161684f1779326de4a420ab68cf6a586faa
/home/rich/Pictures/My Love Samantha R Sprague -1-001 (2)/My Love Samantha R Sprague /20210227_142158-COLLAGE.jpg,20210227_142158-COLLAGE.jpg,.jpg,400704,2025-08-06T19:40:50,eed747572d485d52889013ea0a02be05c04dab07862ebf5690c1a79a7e4214f5
/home/rich/Pictures/My Love Samantha R Sprague -1-001 (2)/My Love Samantha R Sprague /20210227_142213.jpg,20210227_142213.jpg,.jpg,298825,2025-08-06T19:40:50,dd500f1a66033a1df755ec51ab255b44d561f8e446a17211b51634f5afdf27c2
/home/rich/Pictures/My Love Samantha R Sprague -1-001 (2)/My Love Samantha R Sprague /20210227_154626.jpg,20210227_154626.jpg,.jpg,252942,2025-08-06T19:40:50,83beed8bfe4420d7067adad270411e721187d50e63a19ac5a12df92737a55a29
/home/rich/Pictures/My Love Samantha R Sprague -1-001 (2)/My Love Samantha R Sprague /20210302_154150.jpg,20210302_154150.jpg,.jpg,259563,2025-08-06T19:40:50,2743e3a1cb83f5018ac7926fadc73f5fb4f18542b482eb9ca72e14a7d302d494
/home/rich/Pictures/My Love Samantha R Sprague -1-001 (2)/My Love Samantha R Sprague /20210312_140745.jpg,20210312_140745.jpg,.jpg,313091,2025-08-06T19:40:49,e07c679f004b56c14b0c909d36a41b020b3b52714db907704776a11e8d5c7e5d
/home/rich/Pictures/My Love Samantha R Sprague -1-001 (2)/My Love Samantha R Sprague /20210610_000848.jpg,20210610_000848.jpg,.jpg,252028,2025-08-06T19:40:50,1471c2b31400846536a9d9fd3d1fccaf1d2e2bcbdfb273095ce2a6e6c4354216
/home/rich/Pictures/My Love Samantha R Sprague -1-001 (2)/My Love Samantha R Sprague /20210610_000851.jpg,20210610_000851.jpg,.jpg,266876,2025-08-06T19:40:50,495d22417747cb5aa0d39e7c7bb65a1cc7ac80b2d8366e88eca8e5169323dfd9
/home/rich/Pictures/My Love Samantha R Sprague -1-001 (2)/My Love Samantha R Sprague /20210610_000906.jpg,20210610_000906.jpg,.jpg,217970,2025-08-06T19:40:50,90501dd541f34927ca44878d039d5c64420ce66b10d2e7bb52cc3ae6936727f5
/home/rich/Pictures/My Love Samantha R Sprague -1-001 (2)/My Love Samantha R Sprague /20210610_000913.jpg,20210610_000913.jpg,.jpg,280793,2025-08-06T19:40:50,5ebdc199fa949968fb225b9a68032d7f4fb8bceee54f72590791ca9e4017b3fe
/home/rich/Pictures/My Love Samantha R Sprague -1-001 (2)/My Love Samantha R Sprague /20210610_000914.jpg,20210610_000914.jpg,.jpg,418107,2025-08-06T19:40:50,a1081b5d06e0edd7f4323fa804b5eb894b6f3f091bdda01591a225e33ae6c92e
/home/rich/Pictures/My Love Samantha R Sprague -1-001 (2)/My Love Samantha R Sprague /20210610_000922.jpg,20210610_000922.jpg,.jpg,205277,2025-08-06T19:40:49,1ace6dad0abd1d58205c485411af2bc1d45b82bbbc8308dd585d2243881354f3
/home/rich/Pictures/My Love Samantha R Sprague -1-001 (2)/My Love Samantha R Sprague /20210704_183737.jpg,20210704_183737.jpg,.jpg,162900,2025-08-06T19:40:49,ec23009167700179490a1a44b02bdf13c8f171959704a5293a1808bcf6fa5484
/home/rich/Pictures/My Love Samantha R Sprague -1-001 (2)/My Love Samantha R Sprague /20210704_183744.jpg,20210704_183744.jpg,.jpg,152606,2025-08-06T19:40:47,9d91e53480928fae50637ed6dc8568b94231aebbf1e3adc9ad03b6afc17dd1c0
/home/rich/Pictures/My Love Samantha R Sprague -1-001 (2)/My Love Samantha R Sprague /20210704_185251_HDR.jpg,20210704_185251_HDR.jpg,.jpg,69078,2025-08-06T19:40:48,ff0d95d5e1b85826fdd015c2f4a7965cd1450d1a71ead11bab135ed3ff22314b
/home/rich/Pictures/My Love Samantha R Sprague -1-001 (2)/My Love Samantha R Sprague /20210704_213031.jpg,20210704_213031.jpg,.jpg,51251,2025-08-06T19:40:58,0508e6ab9b1dd5f4caa2c630bc42e48cbfe68b4f52588b7cc6de5245f11f35e3
/home/rich/Pictures/My Love Samantha R Sprague -1-001 (2)/My Love Samantha R Sprague /20210704_213034.jpg,20210704_213034.jpg,.jpg,49373,2025-08-06T19:40:59,57742bd71d87f272691008106793e9ff8ea5739d43ffb6d7b3904bc1c24a17e4
/home/rich/Pictures/My Love Samantha R Sprague -1-001 (2)/My Love Samantha R Sprague /20210704_213035.jpg,20210704_213035.jpg,.jpg,59073,2025-08-06T19:40:59,83af1fa81c12e82de766c59b40a664daf956d96c275c3ffb8c6b55e490194bfc
/home/rich/Pictures/My Love Samantha R Sprague -1-001 (2)/My Love Samantha R Sprague /20210704_213037.jpg,20210704_213037.jpg,.jpg,56761,2025-08-06T19:40:58,4bc9c25b53672b8273eb0b082d0307d22ebbd324ab5b88ec852487b66cce49d6
/home/rich/Pictures/My Love Samantha R Sprague -1-001 (2)/My Love Samantha R Sprague /20210704_213039.jpg,20210704_213039.jpg,.jpg,56128,2025-08-06T19:40:58,f7dced0cc0bf865568d379a72fd57df990945b0ad3ac0e59ae685422f1c14b3f
/home/rich/Pictures/My Love Samantha R Sprague -1-001 (2)/My Love Samantha R Sprague /20210704_213046.jpg,20210704_213046.jpg,.jpg,60276,2025-08-06T19:40:58,35b3fe6545e4a4b133765e0875d1bdf01599ca6f895b73fac3ec400c2be13be3
/home/rich/Pictures/My Love Samantha R Sprague -1-001 (2)/My Love Samantha R Sprague /20210704_213047.jpg,20210704_213047.jpg,.jpg,65899,2025-08-06T19:40:58,ce7da3569d693eddf8ab71fff06eefe12d04284643e1f09b81d7674406ccd1b0
/home/rich/Pictures/My Love Samantha R Sprague -1-001 (2)/My Love Samantha R Sprague /20210704_213049.jpg,20210704_213049.jpg,.jpg,64971,2025-08-06T19:40:58,9348916611e8e1ac57eb6b26d95a2be367167ede3ffa1ffa19eef3031e014374
/home/rich/Pictures/My Love Samantha R Sprague -1-001 (2)/My Love Samantha R Sprague /20210704_213057.jpg,20210704_213057.jpg,.jpg,70974,2025-08-06T19:40:58,000aacde5f9f53b05dbc4ce36cc441c4767c2dea569bf5217d0615136773e0d8
/home/rich/Pictures/My Love Samantha R Sprague -1-001 (2)/My Love Samantha R Sprague /20210704_213108.jpg,20210704_213108.jpg,.jpg,47913,2025-08-06T19:40:58,32413c30416fd35d6b84a77a3876723a51c69c1f69ab037f92543f2f2cabdc96
/home/rich/Pictures/My Love Samantha R Sprague -1-001 (2)/My Love Samantha R Sprague /20210704_213110.jpg,20210704_213110.jpg,.jpg,70291,2025-08-06T19:40:58,d07511008a9993330ad3c180a5156ab64c59a93d4e8e75d69c6eba9cadcfe383
/home/rich/Pictures/My Love Samantha R Sprague -1-001 (2)/My Love Samantha R Sprague /20211219_130847_HDR.jpg,20211219_130847_HDR.jpg,.jpg,156280,2025-08-06T19:40:58,6e76233634dad5010923a24ee03a5ba5320393ab5f6c8499e675557f1e85efca
/home/rich/Pictures/My Love Samantha R Sprague -1-001 (2)/My Love Samantha R Sprague /20211219_130849_HDR_Signature_Signature.jpg,20211219_130849_HDR_Signature_Signature.jpg,.jpg,126591,2025-08-06T19:40:58,566b14719da2674fcff9fca80f848ed943a26d6195f695d3e6013fe25ba0bb77
/home/rich/Pictures/My Love Samantha R Sprague -1-001 (2)/My Love Samantha R Sprague /20211221_152224_HDR.jpg,20211221_152224_HDR.jpg,.jpg,57848,2025-08-06T19:40:58,b86c8091643f7934b4c790e7e197a6b7c32261febe2635af3fae617725e22533
/home/rich/Pictures/My Love Samantha R Sprague -1-001 (2)/My Love Samantha R Sprague /2022-04-19_19-22-58.jpg,2022-04-19_19-22-58.jpg,.jpg,166789,2025-08-06T19:40:58,817880dfbb3129258a8ecf037e3ed5fe4a4f56e47cae7a295a03c91d98d28d5b
/home/rich/Pictures/My Love Samantha R Sprague -1-001 (2)/My Love Samantha R Sprague /2022-04-19_19-22-59.jpg,2022-04-19_19-22-59.jpg,.jpg,114769,2025-08-06T19:40:58,3d2f9a81ff6c578e59eceeabc5d17597c41fbbd90c248b49319faf647f3bdc16
/home/rich/Pictures/My Love Samantha R Sprague -1-001 (2)/My Love Samantha R Sprague /20220213_003835_Burst01_Signature_Signature.jpg,20220213_003835_Burst01_Signature_Signature.jpg,.jpg,88924,2025-08-06T19:40:58,f2ea2ea85cb7ce3a5b503f6aecbce50ff2db1905c3499711a5ff0ae478eff607
/home/rich/Pictures/My Love Samantha R Sprague -1-001 (2)/My Love Samantha R Sprague /20220213_003847_Burst01_Signature.jpg,20220213_003847_Burst01_Signature.jpg,.jpg,101325,2025-08-06T19:40:58,6de0fbad410c36a256a2d5212b65ff92cdef50b5ad3a1fe904afef1b2e53d102
/home/rich/Pictures/My Love Samantha R Sprague -1-001 (2)/My Love Samantha R Sprague /20220213_004209_Signature.jpg,20220213_004209_Signature.jpg,.jpg,153874,2025-08-06T19:40:58,b34c8e346faf8fcdbbe1e705ba3e821ad7ae2fbdeff1234b1b3803bfffe27da9
/home/rich/Pictures/My Love Samantha R Sprague -1-001 (2)/My Love Samantha R Sprague /20220213_004209_Signature_Signature.jpg,20220213_004209_Signature_Signature.jpg,.jpg,154441,2025-08-06T19:40:58,6bfecb385823ad88aa5d6bc16c3e7be917390b3cc6d9336d350ea5bb63567c72
/home/rich/Pictures/My Love Samantha R Sprague -1-001 (2)/My Love Samantha R Sprague /20220718_172457.jpg,20220718_172457.jpg,.jpg,700981,2025-08-06T19:40:58,4fe3fc2ddfaa19ac76a57c0c0f618ab6da05d45e1f3571b8a61680b46c47ad23
/home/rich/Pictures/My Love Samantha R Sprague -1-001 (2)/My Love Samantha R Sprague /20220718_172458.jpg,20220718_172458.jpg,.jpg,542210,2025-08-06T19:40:58,13d56cb6455ba71f3a9dd1165b61f1515787dac867d1732b347aa4853403a544
/home/rich/Pictures/My Love Samantha R Sprague -1-001 (2)/My Love Samantha R Sprague /20220725_212242.jpg,20220725_212242.jpg,.jpg,360766,2025-08-06T19:40:58,73d496fdc5246a06f2f6680f9b6045cd933ba7b00e3102156786c305cf558bea
/home/rich/Pictures/My Love Samantha R Sprague -1-001 (2)/My Love Samantha R Sprague /20220725_212252.jpg,20220725_212252.jpg,.jpg,467202,2025-08-06T19:40:58,00f88e00b80c3b779c8772fce6a09909a609e55f116dbec382b8dc8075551652
/home/rich/Pictures/My Love Samantha R Sprague -1-001 (2)/My Love Samantha R Sprague /20220725_212305.jpg,20220725_212305.jpg,.jpg,514671,2025-08-06T19:40:58,68fd05bbb8441fae07325d5937e322f5291be48e5c2a3006be3aed21651dc009
/home/rich/Pictures/My Love Samantha R Sprague -1-001 (2)/My Love Samantha R Sprague /20220725_212310.jpg,20220725_212310.jpg,.jpg,551482,2025-08-06T19:40:58,23d6c8ea96e4f60733412e0294abc5c7f6e6a73d979427c041ea7f0d97b0dcaf
/home/rich/Pictures/My Love Samantha R Sprague -1-001 (2)/My Love Samantha R Sprague /20220902_215332.jpg,20220902_215332.jpg,.jpg,4144805,2025-08-06T19:40:57,fbb925949ba409c3b3e38e81ff60a78aa342ab66806221f6ed058d846a62db9e
/home/rich/Pictures/My Love Samantha R Sprague -1-001 (2)/My Love Samantha R Sprague /20220902_215333.jpg,20220902_215333.jpg,.jpg,4785218,2025-08-06T19:40:57,bba1cb01d981650940521d3ba3d57a7df6be530eaf8116a7881e28b32bdd4452
/home/rich/Pictures/My Love Samantha R Sprague -1-001 (2)/My Love Samantha R Sprague /20220902_215337.jpg,20220902_215337.jpg,.jpg,5241744,2025-08-06T19:40:58,f9987306257b0e90987b653a40ea042600b4c5a183a91b84894b63fd7f10431b
/home/rich/Pictures/My Love Samantha R Sprague -1-001 (2)/My Love Samantha R Sprague /20220902_215341.jpg,20220902_215341.jpg,.jpg,4944417,2025-08-06T19:40:58,c5e78288f3ac89173ee29f127308aec2c7410fa6f094351bd10a5e240c9362aa
/home/rich/Pictures/My Love Samantha R Sprague -1-001 (2)/My Love Samantha R Sprague /20220902_215423.jpg,20220902_215423.jpg,.jpg,4863923,2025-08-06T19:40:58,dd016cb7c5007cebb73e930740f7de1be16aae82eeafa9b08924b9fc1ca12508
/home/rich/Pictures/My Love Samantha R Sprague -1-001 (2)/My Love Samantha R Sprague /20220902_215426.jpg,20220902_215426.jpg,.jpg,4959944,2025-08-06T19:40:57,6acc39a1d93f7f744105af82c09a0b7a9b71b366bbd37d9f000885d0ec6c7c07
/home/rich/Pictures/My Love Samantha R Sprague -1-001 (2)/My Love Samantha R Sprague /20220902_215428.jpg,20220902_215428.jpg,.jpg,5094812,2025-08-06T19:40:58,0014e148a790639c0200050f6322300312d6476f03865673fc3d462ff93dc529
/home/rich/Pictures/My Love Samantha R Sprague -1-001 (2)/My Love Samantha R Sprague /20220902_215432.jpg,20220902_215432.jpg,.jpg,5065322,2025-08-06T19:40:57,945f0ae772e0cd54aeced8abbe6d43d43f474a1660462bffec8b8fea16ba147d
/home/rich/Pictures/My Love Samantha R Sprague -1-001 (2)/My Love Samantha R Sprague /20250610_192934.heic,20250610_192934.heic,.heic,1015341,2025-08-06T19:40:47,91c2ccdfc097c55861fdf8ce62754288a056f40b520241c18151cb6412a69484
/home/rich/Pictures/My Love Samantha R Sprague -1-001 (2)/My Love Samantha R Sprague /20250610_192936.heic,20250610_192936.heic,.heic,904528,2025-08-06T19:40:47,716c2c72348c9fb662d566e8602ea014b65cbf9644055db3193b4d732da1fb3c
/home/rich/Pictures/My Love Samantha R Sprague -1-001 (2)/My Love Samantha R Sprague /20250610_192938.heic,20250610_192938.heic,.heic,842691,2025-08-06T19:40:48,9e2184d5ee585d9b983e6a76f4d5ae2ca61ec6a8289b8e3889e897fc580b8904
/home/rich/Pictures/My Love Samantha R Sprague -1-001 (2)/My Love Samantha R Sprague /FB_IMG_1566709800207.jpg,FB_IMG_1566709800207.jpg,.jpg,31996,2025-08-06T19:40:55,4af7d5fb3b7261170cbeced1a24865000a26b3e43f1b265facaab9e63aeb89aa
/home/rich/Pictures/My Love Samantha R Sprague -1-001 (2)/My Love Samantha R Sprague /FB_IMG_1567974335801.jpg,FB_IMG_1567974335801.jpg,.jpg,34797,2025-08-06T19:40:55,c1486a9214b076346b062b87009735e850dbe707f3b185c53c198e8668ac90bf
/home/rich/Pictures/My Love Samantha R Sprague -1-001 (2)/My Love Samantha R Sprague /FB_IMG_1572890028597.jpg,FB_IMG_1572890028597.jpg,.jpg,27386,2025-08-06T19:40:55,12a51d0ea31e882c99f0696868178be463b272c112e4dd539fd5f61c3e98f612
/home/rich/Pictures/My Love Samantha R Sprague -1-001 (2)/My Love Samantha R Sprague /FB_IMG_1573882511646.jpg,FB_IMG_1573882511646.jpg,.jpg,26842,2025-08-06T19:40:55,4f57acc18305d20163d2d89ac7d00a9aead13717e7594bb91e766f01848d4754
/home/rich/Pictures/My Love Samantha R Sprague -1-001 (2)/My Love Samantha R Sprague /FB_IMG_1574473853850.jpg,FB_IMG_1574473853850.jpg,.jpg,40756,2025-08-06T19:40:55,df601e2e86a6d9b4b4b7329a5c05e02c299d98558e2f9560177883d6bbc625fd
/home/rich/Pictures/My Love Samantha R Sprague -1-001 (2)/My Love Samantha R Sprague /FB_IMG_1590000268597.jpg,FB_IMG_1590000268597.jpg,.jpg,41825,2025-08-06T19:40:53,20ee8e62da6af3782fa8d0d30c4ed696e452d821136cc97b49e113f62b383e18
/home/rich/Pictures/My Love Samantha R Sprague -1-001 (2)/My Love Samantha R Sprague /FB_IMG_1591051528286.jpg,FB_IMG_1591051528286.jpg,.jpg,24392,2025-08-06T19:40:52,d34bfb3b3b79d5a131ba68f24ae5755b7a890309d1d0586779154cefa4237a64
/home/rich/Pictures/My Love Samantha R Sprague -1-001 (2)/My Love Samantha R Sprague /FB_IMG_1602743499066.jpg,FB_IMG_1602743499066.jpg,.jpg,84673,2025-08-06T19:40:50,b679d01901bdcb31debcabf55ce250238573afae1cdeded924a6a22731dc181e
/home/rich/Pictures/My Love Samantha R Sprague -1-001 (2)/My Love Samantha R Sprague /FB_IMG_1602743537780.jpg,FB_IMG_1602743537780.jpg,.jpg,31763,2025-08-06T19:40:50,db7a2e9d68731a93d6f6b8fe6404c675f7c6fe6d3bba4ecc4996b95591a1c664
/home/rich/Pictures/My Love Samantha R Sprague -1-001 (2)/My Love Samantha R Sprague /FB_IMG_1602743608061.jpg,FB_IMG_1602743608061.jpg,.jpg,41504,2025-08-06T19:40:50,f99abc1b2fc06978a2b3c98e235710b9d542bce80d0155cadfb7628ed6d32667
/home/rich/Pictures/My Love Samantha R Sprague -1-001 (2)/My Love Samantha R Sprague /FB_IMG_1602743719469.jpg,FB_IMG_1602743719469.jpg,.jpg,51397,2025-08-06T19:40:50,4db91fd45c3e42929b1f756a3ba703082c3da35c3dc821e27f7a9e906d3823b3
/home/rich/Pictures/My Love Samantha R Sprague -1-001 (2)/My Love Samantha R Sprague /FB_IMG_1602743731538.jpg,FB_IMG_1602743731538.jpg,.jpg,61693,2025-08-06T19:40:50,7ab472b803a72abc356155632a1c9c4fb2f402d543d5bea3bea2da95b25461ba
/home/rich/Pictures/My Love Samantha R Sprague -1-001 (2)/My Love Samantha R Sprague /FB_IMG_1602743796450.jpg,FB_IMG_1602743796450.jpg,.jpg,51615,2025-08-06T19:40:50,f15367c4689db695fdd29512f5f2c93106559edad75b409509fb103babe6d01c
/home/rich/Pictures/My Love Samantha R Sprague -1-001 (2)/My Love Samantha R Sprague /FB_IMG_1602743864670.jpg,FB_IMG_1602743864670.jpg,.jpg,60096,2025-08-06T19:40:50,d7e07fe0fa4b2c0144aea26cc7d4474b92828e1132033464116b0ba4f8e2fc16
/home/rich/Pictures/My Love Samantha R Sprague -1-001 (2)/My Love Samantha R Sprague /FB_IMG_1602743982923.jpg,FB_IMG_1602743982923.jpg,.jpg,27374,2025-08-06T19:40:50,8777a9f0001216fc76254bf9d1e6f03428c280b0491429cc993650acea2211e8
/home/rich/Pictures/My Love Samantha R Sprague -1-001 (2)/My Love Samantha R Sprague /FB_IMG_1602744071802.jpg,FB_IMG_1602744071802.jpg,.jpg,40494,2025-08-06T19:40:50,ab3e6d39a62d151f49dadbbc80158333e42a577654f84b2cbb25a74e09a8e5fa
/home/rich/Pictures/My Love Samantha R Sprague -1-001 (2)/My Love Samantha R Sprague /FB_IMG_1602744079865.jpg,FB_IMG_1602744079865.jpg,.jpg,45752,2025-08-06T19:40:50,06150e926a6906af32ef60c866280ecfbcd095cfbf2499ea710023d0bce80c9d
/home/rich/Pictures/My Love Samantha R Sprague -1-001 (2)/My Love Samantha R Sprague /FB_IMG_1602744182279.jpg,FB_IMG_1602744182279.jpg,.jpg,36738,2025-08-06T19:40:50,12d383e9740ab72acee57f328885b0cad32e21d82428ea91fe1597bfcec6585d
/home/rich/Pictures/My Love Samantha R Sprague -1-001 (2)/My Love Samantha R Sprague /FB_IMG_1613522806406.jpg,FB_IMG_1613522806406.jpg,.jpg,63654,2025-08-06T19:40:50,c0b1cf1756bd1782219ce91b4290b8c7fa2c5e40dcba124c4bcb02d6c854446d
/home/rich/Pictures/My Love Samantha R Sprague -1-001 (2)/My Love Samantha R Sprague /FB_IMG_1613524487299.jpg,FB_IMG_1613524487299.jpg,.jpg,36870,2025-08-06T19:40:50,7bc778da7b7524fe22464d8df6e0ba2b260ce09c76fa4965c88bb292d72e4bd7
/home/rich/Pictures/My Love Samantha R Sprague -1-001 (2)/My Love Samantha R Sprague /FB_IMG_1635727661300.jpg,FB_IMG_1635727661300.jpg,.jpg,96201,2025-08-06T19:40:58,d5085a63364b0e02d988035dbcfbf7d940853a9e0b840cbab16703bb88719ee5
/home/rich/Pictures/My Love Samantha R Sprague -1-001 (2)/My Love Samantha R Sprague /FB_IMG_1637896125861.jpg,FB_IMG_1637896125861.jpg,.jpg,95512,2025-08-06T19:40:58,316da8f05905a34de07130dca17a23b81f63c97aa469ccda942198b255c91a18
/home/rich/Pictures/My Love Samantha R Sprague -1-001 (2)/My Love Samantha R Sprague /FB_IMG_1637896148798.jpg,FB_IMG_1637896148798.jpg,.jpg,169930,2025-08-06T19:40:58,df0005481381eb742b7596e3870c8cd9aacac430b3807c8b2a8355c8e5290f86
/home/rich/Pictures/My Love Samantha R Sprague -1-001 (2)/My Love Samantha R Sprague /FB_IMG_1637896155003.jpg,FB_IMG_1637896155003.jpg,.jpg,136723,2025-08-06T19:40:58,4f0882bf14689b098f4dcaef6de2b616668aba339e81acc4280ba864cee27aea
/home/rich/Pictures/My Love Samantha R Sprague -1-001 (2)/My Love Samantha R Sprague /FB_IMG_1637896165446.jpg,FB_IMG_1637896165446.jpg,.jpg,98820,2025-08-06T19:40:58,0a10f20abc9e235d9696a7c5ae48b4bf4344bec006847d43127cd6b0d386d15b
/home/rich/Pictures/My Love Samantha R Sprague -1-001 (2)/My Love Samantha R Sprague /FB_IMG_1637896170235.jpg,FB_IMG_1637896170235.jpg,.jpg,109195,2025-08-06T19:40:58,5884ee3e3add8a9f179d58b8e98e725b80559b43878e9038a9a1cfc07d72d9ae
/home/rich/Pictures/My Love Samantha R Sprague -1-001 (2)/My Love Samantha R Sprague /FB_IMG_1662581975184.jpg,FB_IMG_1662581975184.jpg,.jpg,283698,2025-08-06T19:40:58,e979bef93d62d73d0df0c63d3d0c6f69cb9b257bde9c9a47ac6d33683dd8ac3b
/home/rich/Pictures/My Love Samantha R Sprague -1-001 (2)/My Love Samantha R Sprague /IMG_20180227_200337.jpg,IMG_20180227_200337.jpg,.jpg,81162,2025-08-06T19:40:57,85da0ec28f6d9f82fbd98c8af815a4217cfc03df7498a01ab252d216f872be1d
/home/rich/Pictures/My Love Samantha R Sprague -1-001 (2)/My Love Samantha R Sprague /IMG_20180227_222717.jpg,IMG_20180227_222717.jpg,.jpg,221102,2025-08-06T19:40:57,20397e2c46b9cb36380ffaec1af3aaba7b13107ac8d0ee78525cb4d72c4312e1
/home/rich/Pictures/My Love Samantha R Sprague -1-001 (2)/My Love Samantha R Sprague /IMG_20180303_150933.jpg,IMG_20180303_150933.jpg,.jpg,80523,2025-08-06T19:40:57,a4e529cd4a9f726bbd6771841f141df0a8effc795d3b6b742f9e3a2d53b5f0db
/home/rich/Pictures/My Love Samantha R Sprague -1-001 (2)/My Love Samantha R Sprague /IMG_20180307_002146.jpg,IMG_20180307_002146.jpg,.jpg,72582,2025-08-06T19:40:56,817689b18860454534d16857b0d5c18c79c3ff98454ac547fed9fd6d6872e65e
/home/rich/Pictures/My Love Samantha R Sprague -1-001 (2)/My Love Samantha R Sprague /IMG_20180310_015419.jpg,IMG_20180310_015419.jpg,.jpg,181371,2025-08-06T19:40:57,277d0d6352b919617a7b7f628d113e88c507639ab82dd4ae15fd72bfd75554da
/home/rich/Pictures/My Love Samantha R Sprague -1-001 (2)/My Love Samantha R Sprague /IMG_20180310_171309.jpg,IMG_20180310_171309.jpg,.jpg,90021,2025-08-06T19:40:56,889b44ec4e5203cbf5ba47c0f85365e5c284400f1d7d410814d6d0f21c9ceecf
/home/rich/Pictures/My Love Samantha R Sprague -1-001 (2)/My Love Samantha R Sprague /IMG_20180310_171318.jpg,IMG_20180310_171318.jpg,.jpg,87810,2025-08-06T19:40:56,e29186329e79fab026b803d3a5360951a9eac901b70bd61851d221a0b4fac4b4
/home/rich/Pictures/My Love Samantha R Sprague -1-001 (2)/My Love Samantha R Sprague /IMG_20180323_214402.jpg,IMG_20180323_214402.jpg,.jpg,97522,2025-08-06T19:40:56,66e03973288a390c4ca694c16c1935075f38dd12d3f49d5978095df49712ad60
/home/rich/Pictures/My Love Samantha R Sprague -1-001 (2)/My Love Samantha R Sprague /IMG_20180324_105022.jpg,IMG_20180324_105022.jpg,.jpg,191369,2025-08-06T19:40:56,0ab6338c63ad50f831a0bf76f38e0f72b747108e371fdfd4cb9a1da6588b7f36
/home/rich/Pictures/My Love Samantha R Sprague -1-001 (2)/My Love Samantha R Sprague /IMG_20180324_105028.jpg,IMG_20180324_105028.jpg,.jpg,187657,2025-08-06T19:40:57,480c1b64be774be689c9ea0bae4a9899e99882a5f799ec0276e4f6d276ae5c12
/home/rich/Pictures/My Love Samantha R Sprague -1-001 (2)/My Love Samantha R Sprague /IMG_20180324_105033.jpg,IMG_20180324_105033.jpg,.jpg,191058,2025-08-06T19:40:56,de7c5bce81394dc9c732f852745ea763d0f38288855d74ff1d54678b3c93089c
/home/rich/Pictures/My Love Samantha R Sprague -1-001 (2)/My Love Samantha R Sprague /IMG_20180324_105036.jpg,IMG_20180324_105036.jpg,.jpg,193031,2025-08-06T19:40:56,9327f57695c3600a4e99e452e61a6ef70fafbfaed95a8f68392ef5d90aa840da
/home/rich/Pictures/My Love Samantha R Sprague -1-001 (2)/My Love Samantha R Sprague /IMG_20180327_213927.jpg,IMG_20180327_213927.jpg,.jpg,108950,2025-08-06T19:40:56,844791e09160f05b09962a0557e6d5db51426f63b87a41c3b76a9b32fe4d36f7
/home/rich/Pictures/My Love Samantha R Sprague -1-001 (2)/My Love Samantha R Sprague /IMG_20180401_120947.jpg,IMG_20180401_120947.jpg,.jpg,403243,2025-08-06T19:40:56,a426b65bbba59a3a41e766d1a14615a6524451acf07e6662a3c1b6521c6eae37
/home/rich/Pictures/My Love Samantha R Sprague -1-001 (2)/My Love Samantha R Sprague /IMG_20180402_144739.jpg,IMG_20180402_144739.jpg,.jpg,202632,2025-08-06T19:40:56,cfaf93e6b9c541576eaccb5cd6d27cfb1b9be327b14bd41ed1219c1d434dd1a7
/home/rich/Pictures/My Love Samantha R Sprague -1-001 (2)/My Love Samantha R Sprague /IMG_20180417_131941.jpg,IMG_20180417_131941.jpg,.jpg,176551,2025-08-06T19:40:56,3a34052b8e49e9b159d7ecda68cda2376a44908fe32adac1892ac194316a51eb
/home/rich/Pictures/My Love Samantha R Sprague -1-001 (2)/My Love Samantha R Sprague /IMG_20180419_145139.jpg,IMG_20180419_145139.jpg,.jpg,171430,2025-08-06T19:40:56,8fe8d71b4d9c0ef47cb9d524aba74911316d7badd5ac5f813a60b53a4a579ffa
/home/rich/Pictures/My Love Samantha R Sprague -1-001 (2)/My Love Samantha R Sprague /IMG_20180419_145224-COLLAGE.jpg,IMG_20180419_145224-COLLAGE.jpg,.jpg,316175,2025-08-06T19:40:56,2bbead60542d9b7e8bd0eec35ee1d4dbea7ea7b01eec7d3675b1865274535c89
/home/rich/Pictures/My Love Samantha R Sprague -1-001 (2)/My Love Samantha R Sprague /IMG_20180419_145224.jpg,IMG_20180419_145224.jpg,.jpg,226524,2025-08-06T19:40:56,a031f3133835fefb6e00f1fa6dfe276670f9c90bc0069f1768164899f64b9bc9
/home/rich/Pictures/My Love Samantha R Sprague -1-001 (2)/My Love Samantha R Sprague /IMG_20180419_145443.jpg,IMG_20180419_145443.jpg,.jpg,215456,2025-08-06T19:40:56,981dbc5169e361cc38c62b62027aa84c236defd09cd252782457075d6a87c309
/home/rich/Pictures/My Love Samantha R Sprague -1-001 (2)/My Love Samantha R Sprague /IMG_20180419_162225.jpg,IMG_20180419_162225.jpg,.jpg,123002,2025-08-06T19:40:56,fb365784f91753488a9a1fe5908756e91ba36a3cfa92dfb91deb36cf7e4b46fb
/home/rich/Pictures/My Love Samantha R Sprague -1-001 (2)/My Love Samantha R Sprague /IMG_20180419_162254.jpg,IMG_20180419_162254.jpg,.jpg,213304,2025-08-06T19:40:56,6c07b51caa26bd64bf67f6e8e572f357e0fe8658c400df6bb00626f7a0605c28
/home/rich/Pictures/My Love Samantha R Sprague -1-001 (2)/My Love Samantha R Sprague /IMG_20180423_153420.jpg,IMG_20180423_153420.jpg,.jpg,266629,2025-08-06T19:40:56,36a2fdcb8a87b34495b0a285fb160b2488ea520d59cbd241b38627659aa04b47
/home/rich/Pictures/My Love Samantha R Sprague -1-001 (2)/My Love Samantha R Sprague /IMG_20180423_162949.jpg,IMG_20180423_162949.jpg,.jpg,307080,2025-08-06T19:40:56,ca3a7369b38cc56fc693fa7b216ce020896d6f7bbcaa98311149a8cfc7c108b7
/home/rich/Pictures/My Love Samantha R Sprague -1-001 (2)/My Love Samantha R Sprague /IMG_20180424_135341.jpg,IMG_20180424_135341.jpg,.jpg,157653,2025-08-06T19:40:55,2cc71890e92f3f0dcb65ca409d5d60a76bcba7ab401a9534b6f7d63d672fab86
/home/rich/Pictures/My Love Samantha R Sprague -1-001 (2)/My Love Samantha R Sprague /IMG_20180424_135406.jpg,IMG_20180424_135406.jpg,.jpg,182773,2025-08-06T19:40:55,4e76f48bc173fe9b7ceb8877211a0e65d38e2c9cb63edf7b461b1862a9cbf97d
/home/rich/Pictures/My Love Samantha R Sprague -1-001 (2)/My Love Samantha R Sprague /IMG_20180424_135412.jpg,IMG_20180424_135412.jpg,.jpg,181119,2025-08-06T19:40:55,8bc9902b32b42c7335d219d1c2ccbf26de0868bad70c0462b937691b13b0d544
/home/rich/Pictures/My Love Samantha R Sprague -1-001 (2)/My Love Samantha R Sprague /IMG_20180424_135416.jpg,IMG_20180424_135416.jpg,.jpg,87706,2025-08-06T19:40:55,b6922f92db63034b0111d797e711f09e2fa59ec553928479276c504bb4f6e26b
/home/rich/Pictures/My Love Samantha R Sprague -1-001 (2)/My Love Samantha R Sprague /IMG_20180424_153701.jpg,IMG_20180424_153701.jpg,.jpg,243853,2025-08-06T19:40:55,b5e35b5e197e3ebc1d3ade928552d82f2693880c023fc771dcb8372ff354ef24
/home/rich/Pictures/My Love Samantha R Sprague -1-001 (2)/My Love Samantha R Sprague /IMG_20180428_191253.jpg,IMG_20180428_191253.jpg,.jpg,318817,2025-08-06T19:40:55,72a09427d415aa65ae979bf18c3fd4a9743eec916c59752679635e9bd863dbf4
/home/rich/Pictures/My Love Samantha R Sprague -1-001 (2)/My Love Samantha R Sprague /IMG_20180428_191301.jpg,IMG_20180428_191301.jpg,.jpg,316328,2025-08-06T19:40:55,bd5866931c7197a736a61b312a471f4cb2f65714da265823bf75ff185c639a14
/home/rich/Pictures/My Love Samantha R Sprague -1-001 (2)/My Love Samantha R Sprague /IMG_20180428_191308.jpg,IMG_20180428_191308.jpg,.jpg,215517,2025-08-06T19:40:55,d0e5f486c21f76de6abc7a8c2a9744723163f5bb59bc7b615dc007ccabde2a78
/home/rich/Pictures/My Love Samantha R Sprague -1-001 (2)/My Love Samantha R Sprague /IMG_20180502_113729.jpg,IMG_20180502_113729.jpg,.jpg,181055,2025-08-06T19:40:55,fd5d203a1f3ce9d13f2e71519d04eb8a9992070b88c95ac1ba3f410df3138e15
/home/rich/Pictures/My Love Samantha R Sprague -1-001 (2)/My Love Samantha R Sprague /IMG_20200115_030545.jpg,IMG_20200115_030545.jpg,.jpg,57514,2025-08-06T19:40:53,cba6a557bdbb978faa13099582ec2cba9b14b3215ca3045b8336482f783eeca1
/home/rich/Pictures/My Love Samantha R Sprague -1-001 (2)/My Love Samantha R Sprague /IMG_20200115_030718.jpg,IMG_20200115_030718.jpg,.jpg,68421,2025-08-06T19:40:53,217d2079f7d07cb3d7f21492634c0ae0578d0296b5a2d9018878230d497aa847
/home/rich/Pictures/My Love Samantha R Sprague -1-001 (2)/My Love Samantha R Sprague /IMG_20200115_030729.jpg,IMG_20200115_030729.jpg,.jpg,56579,2025-08-06T19:40:53,1e3fb08275f8ad5725ff8669481c30de1ea87280a6f3ac8ad3dc7f6d26a1a243
/home/rich/Pictures/My Love Samantha R Sprague -1-001 (2)/My Love Samantha R Sprague /IMG_20200120_155254.jpg,IMG_20200120_155254.jpg,.jpg,86204,2025-08-06T19:40:53,226874e89c8b5ad69c1c7c0d11e17ed85e43204755d92b5ed5140fa0f6bfaaf4
/home/rich/Pictures/My Love Samantha R Sprague -1-001 (2)/My Love Samantha R Sprague /IMG_20200123_210725.jpg,IMG_20200123_210725.jpg,.jpg,147688,2025-08-06T19:40:53,d5cc3845a9d84dac9b9b9688441349daff106c94178c8299edd6bc48380c9493
/home/rich/Pictures/My Love Samantha R Sprague -1-001 (2)/My Love Samantha R Sprague /IMG_20200123_210901.jpg,IMG_20200123_210901.jpg,.jpg,98849,2025-08-06T19:40:54,9778e07ed2f84b9578c314df3ed0bc09e279a6a5b81960387220108c867894de
/home/rich/Pictures/My Love Samantha R Sprague -1-001 (2)/My Love Samantha R Sprague /IMG_20200123_211123.jpg,IMG_20200123_211123.jpg,.jpg,66711,2025-08-06T19:40:53,339761d6a3a615eb4c9fa0cae585c9144f783faaf622f189261c4e95f7086684
/home/rich/Pictures/My Love Samantha R Sprague -1-001 (2)/My Love Samantha R Sprague /IMG_20200123_211252.jpg,IMG_20200123_211252.jpg,.jpg,73117,2025-08-06T19:40:53,2e32958b17f70b9a67a81be1cff98e84105db3587479ad6166769e6583a8dcad
/home/rich/Pictures/My Love Samantha R Sprague -1-001 (2)/My Love Samantha R Sprague /IMG_20200128_134844.jpg,IMG_20200128_134844.jpg,.jpg,115974,2025-08-06T19:40:53,8741845e314bd68685a46f8c2087850f50263fbd1d9a4dac4dcd2d791506a795
/home/rich/Pictures/My Love Samantha R Sprague -1-001 (2)/My Love Samantha R Sprague /IMG_20200205_030946.jpg,IMG_20200205_030946.jpg,.jpg,86333,2025-08-06T19:40:53,9ea7a45cc4985acfd7335dab2bf60227b24a99bf80b48800af7e3abdd1f1f07f
/home/rich/Pictures/My Love Samantha R Sprague -1-001 (2)/My Love Samantha R Sprague /IMG_20200205_031008.jpg,IMG_20200205_031008.jpg,.jpg,79662,2025-08-06T19:40:53,c722da60f13bcba498ff15f9a227c3e7d313081a31fb6533b7db62712d92c34d
/home/rich/Pictures/My Love Samantha R Sprague -1-001 (2)/My Love Samantha R Sprague /IMG_20200205_031134.jpg,IMG_20200205_031134.jpg,.jpg,75984,2025-08-06T19:40:53,44a6541af1e4d3f56c171f314efd33be672e69a699d25d8dbe5eb0c409f82ba3
/home/rich/Pictures/My Love Samantha R Sprague -1-001 (2)/My Love Samantha R Sprague /IMG_20200205_031330.jpg,IMG_20200205_031330.jpg,.jpg,80278,2025-08-06T19:40:53,e707335c6f56e359b8411390fcf7f156d4876c1b78625cf7c7396bd5ee51ab3b
/home/rich/Pictures/My Love Samantha R Sprague -1-001 (2)/My Love Samantha R Sprague /IMG_20200206_152340.jpg,IMG_20200206_152340.jpg,.jpg,100068,2025-08-06T19:40:53,4aa6fdc374d5084a055445115ec3fa2c5a42be299daea49aaedd121f29e22339
/home/rich/Pictures/My Love Samantha R Sprague -1-001 (2)/My Love Samantha R Sprague /IMG_20200206_152404.jpg,IMG_20200206_152404.jpg,.jpg,89592,2025-08-06T19:40:53,b2afd071fa068921a335769a9cf978c39e7898f80e8b3586f317494f0982ecc1
/home/rich/Pictures/My Love Samantha R Sprague -1-001 (2)/My Love Samantha R Sprague /IMG_20200207_034756.jpg,IMG_20200207_034756.jpg,.jpg,80888,2025-08-06T19:40:53,8e4059c4b88343d3373f67e8d591adb83763c418226b6fd577f5a593fef9fb8a
/home/rich/Pictures/My Love Samantha R Sprague -1-001 (2)/My Love Samantha R Sprague /IMG_20200312_190324.jpg,IMG_20200312_190324.jpg,.jpg,423342,2025-08-06T19:40:53,38cb646767580f90fff71074692c503754a177842ecf48fe2bfa4557a051bda1
/home/rich/Pictures/My Love Samantha R Sprague -1-001 (2)/My Love Samantha R Sprague /IMG_20200312_190333.jpg,IMG_20200312_190333.jpg,.jpg,265972,2025-08-06T19:40:53,f6651ec93b4f439147637a67a4955751bddff5b2d2bf6f3db809d2e45af9ea4f
/home/rich/Pictures/My Love Samantha R Sprague -1-001 (2)/My Love Samantha R Sprague /IMG_20200312_190334.jpg,IMG_20200312_190334.jpg,.jpg,311716,2025-08-06T19:40:52,eb79e44871967f96d54dc92e51ace5b5050f1e4ae201a2b2d3101f991ba11107
/home/rich/Pictures/My Love Samantha R Sprague -1-001 (2)/My Love Samantha R Sprague /IMG_20200312_190335.jpg,IMG_20200312_190335.jpg,.jpg,249206,2025-08-06T19:40:53,d79850da05b09421b6a55a023222c8dfd0665d34638093a3a943db5239b121f1
/home/rich/Pictures/My Love Samantha R Sprague -1-001 (2)/My Love Samantha R Sprague /IMG_20200312_190336.jpg,IMG_20200312_190336.jpg,.jpg,307034,2025-08-06T19:40:53,dc9b0100489006306c2241838f072e8619aadcb6e4b076109e4804b49c509f57
/home/rich/Pictures/My Love Samantha R Sprague -1-001 (2)/My Love Samantha R Sprague /IMG_20200312_190336_1.jpg,IMG_20200312_190336_1.jpg,.jpg,336689,2025-08-06T19:40:52,29896f7f688639541f10ca02e94a59b8814897a3108ee26b27c71a904dc3c324
/home/rich/Pictures/My Love Samantha R Sprague -1-001 (2)/My Love Samantha R Sprague /IMG_20200325_171622.jpg,IMG_20200325_171622.jpg,.jpg,170373,2025-08-06T19:40:53,40c75e8dd2778d04e6ace6c80d4f2f80d7f3214e99d743661d78d9ea755fc78d
/home/rich/Pictures/My Love Samantha R Sprague -1-001 (2)/My Love Samantha R Sprague /IMG_20200325_173752.jpg,IMG_20200325_173752.jpg,.jpg,106255,2025-08-06T19:40:52,13290aab301fc10ddb1276daec4f4ba584de0411af3ae5c890d2031fc895659c
/home/rich/Pictures/My Love Samantha R Sprague -1-001 (2)/My Love Samantha R Sprague /IMG_20200325_174216.jpg,IMG_20200325_174216.jpg,.jpg,126284,2025-08-06T19:40:53,a4823f2e4aaeba6ee8a5682abf7a20f42315a05e2164e22a3e5ac6d53f92f7bf
/home/rich/Pictures/My Love Samantha R Sprague -1-001 (2)/My Love Samantha R Sprague /IMG_20200325_174220.jpg,IMG_20200325_174220.jpg,.jpg,142999,2025-08-06T19:40:52,582c23b7e39d763ac590d5ff774bc58830a4bda55b050853a7800ed035cb76c9
/home/rich/Pictures/My Love Samantha R Sprague -1-001 (2)/My Love Samantha R Sprague /IMG_20200325_174237.jpg,IMG_20200325_174237.jpg,.jpg,131614,2025-08-06T19:40:52,fabe65b73ff3fb9dab0f66923d4f9b29e05e10ed3659bc48e8e550096befe658
/home/rich/Pictures/My Love Samantha R Sprague -1-001 (2)/My Love Samantha R Sprague /IMG_20200419_124824.jpg,IMG_20200419_124824.jpg,.jpg,84154,2025-08-06T19:40:53,4b5c5054292ecf8ec79788442085e322930a21f90794bf30c68e2a1c24bbbc91
/home/rich/Pictures/My Love Samantha R Sprague -1-001 (2)/My Love Samantha R Sprague /IMG_20200419_124833.jpg,IMG_20200419_124833.jpg,.jpg,74510,2025-08-06T19:40:52,2e70a7e96da90dabfc12bdea1d2e5e339e125c444ea4bc4ec3c6acc7ec84ae14
/home/rich/Pictures/My Love Samantha R Sprague -1-001 (2)/My Love Samantha R Sprague /IMG_20200419_124840.jpg,IMG_20200419_124840.jpg,.jpg,82816,2025-08-06T19:40:52,5095ed8b043f41c768b0b883b506c21fe8463f73c5ba2109ab9883a00d59855c
/home/rich/Pictures/My Love Samantha R Sprague -1-001 (2)/My Love Samantha R Sprague /IMG_20200514_032244_10CS.jpg,IMG_20200514_032244_10CS.jpg,.jpg,36200,2025-08-06T19:40:53,f579eaee43c8a5fa504183c75222e98bf35d5d10b79ff634dc0bb7f5aeeb5fd8
/home/rich/Pictures/My Love Samantha R Sprague -1-001 (2)/My Love Samantha R Sprague /IMG_20200514_032244_11CS.jpg,IMG_20200514_032244_11CS.jpg,.jpg,36711,2025-08-06T19:40:52,5184973bfb33aacd29833abb99bbac428fb7ac08994b680b85112eae036c4dca
/home/rich/Pictures/My Love Samantha R Sprague -1-001 (2)/My Love Samantha R Sprague /IMG_20200514_032244_12CS.jpg,IMG_20200514_032244_12CS.jpg,.jpg,36056,2025-08-06T19:40:52,41868b5542fe3e5cabbfce3355cdf3286cdf585a061a384d4fc92373284d2736
/home/rich/Pictures/My Love Samantha R Sprague -1-001 (2)/My Love Samantha R Sprague /IMG_20200514_032244_2CS.jpg,IMG_20200514_032244_2CS.jpg,.jpg,36021,2025-08-06T19:40:52,72662d03e289761f01977b4a2829dc5a05f6e4ec7edd5aac6c75b7e1fc613a68
/home/rich/Pictures/My Love Samantha R Sprague -1-001 (2)/My Love Samantha R Sprague /IMG_20200514_032244_3CS.jpg,IMG_20200514_032244_3CS.jpg,.jpg,36278,2025-08-06T19:40:52,00a1c7bd070ecac5f955331df4e10ed069fe8e12f44f9affebf7d8663aa04719
/home/rich/Pictures/My Love Samantha R Sprague -1-001 (2)/My Love Samantha R Sprague /IMG_20200514_032244_6CS.jpg,IMG_20200514_032244_6CS.jpg,.jpg,35712,2025-08-06T19:40:52,8da291148cf4139a33404b8205ca102f023806e90d8618e83e1cbfbd95807bc7
/home/rich/Pictures/My Love Samantha R Sprague -1-001 (2)/My Love Samantha R Sprague /IMG_20200514_032244_7CS.jpg,IMG_20200514_032244_7CS.jpg,.jpg,36872,2025-08-06T19:40:53,c260f3125331d42badacbeb81d37fe05e64bd76f58854a163672bcf4c3e46d5a
/home/rich/Pictures/My Love Samantha R Sprague -1-001 (2)/My Love Samantha R Sprague /IMG_20200514_032244_8CS.jpg,IMG_20200514_032244_8CS.jpg,.jpg,36384,2025-08-06T19:40:52,88259e4bf4dcaf9f3814692d45bb7c6d3100aeb9ebaba8794f900e0a132def00
/home/rich/Pictures/My Love Samantha R Sprague -1-001 (2)/My Love Samantha R Sprague /IMG_20200514_032244_9CS.jpg,IMG_20200514_032244_9CS.jpg,.jpg,35710,2025-08-06T19:40:52,aab4ea1882d10b19f8cc74e2617f839e87650b70841969f9859efdbcad9ccf08
/home/rich/Pictures/My Love Samantha R Sprague -1-001 (2)/My Love Samantha R Sprague /IMG_20200528_164845.jpg,IMG_20200528_164845.jpg,.jpg,93131,2025-08-06T19:40:52,bd7be07fbb5bef4f6d746750e8a01a0bf1b5e979ed4d5cb7f13f0850dee71861
/home/rich/Pictures/My Love Samantha R Sprague -1-001 (2)/My Love Samantha R Sprague /IMG_20200528_164851.jpg,IMG_20200528_164851.jpg,.jpg,82713,2025-08-06T19:40:53,a107f7130c5faa67bce620d098c2cffe286c521aa4d9b8e56a0c16bb29529414
/home/rich/Pictures/My Love Samantha R Sprague -1-001 (2)/My Love Samantha R Sprague /IMG_20200528_164902.jpg,IMG_20200528_164902.jpg,.jpg,93837,2025-08-06T19:40:52,5f82b7912181694ab1df218508ff5d64fb87cf1fa7f7e62dbe5e2e8e5eb9208f
/home/rich/Pictures/My Love Samantha R Sprague -1-001 (2)/My Love Samantha R Sprague /IMG_20200528_164936.jpg,IMG_20200528_164936.jpg,.jpg,399500,2025-08-06T19:40:52,1ebc48199e741fd1845d91cdf1929daf4eca20be8e67cc634032339a1a89b36d
/home/rich/Pictures/My Love Samantha R Sprague -1-001 (2)/My Love Samantha R Sprague /IMG_20200528_164941.jpg,IMG_20200528_164941.jpg,.jpg,243649,2025-08-06T19:40:52,efdcae7a8efbc9b227bb06c8aff8f0f9597cb8ea3fe7300147ef93ba689da576
/home/rich/Pictures/My Love Samantha R Sprague -1-001 (2)/My Love Samantha R Sprague /IMG_20200528_164944.jpg,IMG_20200528_164944.jpg,.jpg,256281,2025-08-06T19:40:52,7e4ae894946d5c9793c31c1f660f4c53a0e3e654e63e10a8e2187b9cf497f69e
/home/rich/Pictures/My Love Samantha R Sprague -1-001 (2)/My Love Samantha R Sprague /IMG_20200528_164950.jpg,IMG_20200528_164950.jpg,.jpg,283799,2025-08-06T19:40:52,f0415c6ab3427ccd77754cf40f67c45ee1561ca6d59ed5b85d127b639d6f5587
/home/rich/Pictures/My Love Samantha R Sprague -1-001 (2)/My Love Samantha R Sprague /IMG_20200528_164951.jpg,IMG_20200528_164951.jpg,.jpg,281836,2025-08-06T19:40:52,324253ef5bdcf0c9f2aab8ea0e030f620832546bc97f69128d7d29b0480a6f8f
/home/rich/Pictures/My Love Samantha R Sprague -1-001 (2)/My Love Samantha R Sprague /IMG_20200605_020436.jpg,IMG_20200605_020436.jpg,.jpg,60843,2025-08-06T19:40:52,928d6519c25e225d3ec4424778afd9b5781d4911f93bb3176ba36c0ffd871dd5
/home/rich/Pictures/My Love Samantha R Sprague -1-001 (2)/My Love Samantha R Sprague /IMG_20250614_145614795.jpg,IMG_20250614_145614795.jpg,.jpg,2240152,2025-08-06T19:40:47,1f1e216d7328eca6449e754680698c138ea60f77f30055452f8712a8dff99a02
/home/rich/Pictures/My Love Samantha R Sprague -1-001 (2)/My Love Samantha R Sprague /IMG_20250614_145619125.jpg,IMG_20250614_145619125.jpg,.jpg,2127097,2025-08-06T19:40:49,14819edee0bf00a333f2f3a4fe5e5f6ea9d33825f89b4f22e65ccbd683cf7597
/home/rich/Pictures/My Love Samantha R Sprague -1-001 (2)/My Love Samantha R Sprague /IMG_20250614_145629863.jpg,IMG_20250614_145629863.jpg,.jpg,1689898,2025-08-06T19:40:47,4a3ede542231ee1c1fdae8633b2ac6ba06b4489fa98b82bbb3b77a5ee3833cfe
/home/rich/Pictures/My Love Samantha R Sprague -1-001 (2)/My Love Samantha R Sprague /ProfilePhoto.jpg,ProfilePhoto.jpg,.jpg,41513,2025-08-06T19:40:51,65b99845da6523d5f89aa27227e6de1d0985ef3100ba8c53d493b641a1d4eda0
/home/rich/Pictures/My Love Samantha R Sprague -1-001 (2)/My Love Samantha R Sprague /bcf21864-a14a-4f6d-9916-74d529494e8c.jpg,bcf21864-a14a-4f6d-9916-74d529494e8c.jpg,.jpg,290084,2025-08-06T19:40:47,8e050fc791cee242eb241b8f91ea75a0b9d7fe7db724c81f4a81482f158e1dea
/home/rich/Pictures/My Love Samantha R Sprague -1-001 (2)/My Love Samantha R Sprague /received_1012910433266098.png,received_1012910433266098.png,.png,2622429,2025-08-06T19:40:47,9b78b8589651f047667ea93b9b6ba15a8bb3b95fa097ae978f21cfa8f4cfb5d2
/home/rich/Pictures/My Love Samantha R Sprague -1-001 (2)/My Love Samantha R Sprague /received_1175290477200431.jpeg,received_1175290477200431.jpeg,.jpeg,718238,2025-08-06T19:40:49,84c554a2dc4a935ca59b8eb3411950ff1c748df33b05be46697a62e147ec787b
/home/rich/Pictures/My Love Samantha R Sprague -1-001 (2)/My Love Samantha R Sprague /received_1182135849301024.jpeg,received_1182135849301024.jpeg,.jpeg,75865,2025-08-06T19:40:48,47d0d2d833816585d35a3512598d7528da324e37f0cf5da07ab9f31a7a77dbfc
/home/rich/Pictures/My Love Samantha R Sprague -1-001 (2)/My Love Samantha R Sprague /received_1322013368588475.jpeg,received_1322013368588475.jpeg,.jpeg,248956,2025-08-06T19:40:48,a1bbe5553f4f9d5a909ce8a0dcfe14d60ccfb70a9926c272d69fb7e9ee4d2962
/home/rich/Pictures/My Love Samantha R Sprague -1-001 (2)/My Love Samantha R Sprague /received_1407927570173742.jpeg,received_1407927570173742.jpeg,.jpeg,141271,2025-08-06T19:40:48,53559d7d61c65628a4891d3ed8a22fafcb346985857488d3ac7195bc8c097e77
/home/rich/Pictures/My Love Samantha R Sprague -1-001 (2)/My Love Samantha R Sprague /received_1475133696335932.jpeg,received_1475133696335932.jpeg,.jpeg,136316,2025-08-06T19:40:47,55b68365c6eb1ea54eddcd8fed5449f8514ce80f7468a9ab622558d2fbc48bfd
/home/rich/Pictures/My Love Samantha R Sprague -1-001 (2)/My Love Samantha R Sprague /received_1793630270971693.jpeg,received_1793630270971693.jpeg,.jpeg,71448,2025-08-06T19:40:48,1aef09c8ddc052b9da41a1e55a1f25addf9241e11339b52560274026a8710f12
/home/rich/Pictures/My Love Samantha R Sprague -1-001 (2)/My Love Samantha R Sprague /received_188429977325217.jpeg,received_188429977325217.jpeg,.jpeg,80040,2025-08-06T19:40:48,e969aa8503250f2747e36ac9b231c36b08e047771713fb31b18a94e37b650028
/home/rich/Pictures/My Love Samantha R Sprague -1-001 (2)/My Love Samantha R Sprague /received_2358457840963383.jpeg,received_2358457840963383.jpeg,.jpeg,193117,2025-08-06T19:40:48,f30a9510559e1cd5e09474268b96b9f9e87e749e196a98d162dcadfd81b823ac
/home/rich/Pictures/My Love Samantha R Sprague -1-001 (2)/My Love Samantha R Sprague /received_2515587331949875.jpeg,received_2515587331949875.jpeg,.jpeg,108870,2025-08-06T19:40:48,21090d90e2734908646097782e67c4f7146ae09e39e37fe51a54ddcf8dc8bc45
/home/rich/Pictures/My Love Samantha R Sprague -1-001 (2)/My Love Samantha R Sprague /received_2549376471865332.jpeg,received_2549376471865332.jpeg,.jpeg,93345,2025-08-06T19:40:47,68259304060d06ee4e745d4b4367317f50b592632b4d4dff58fa923428c6909a
/home/rich/Pictures/My Love Samantha R Sprague -1-001 (2)/My Love Samantha R Sprague /received_2915619628746880.jpeg,received_2915619628746880.jpeg,.jpeg,235930,2025-08-06T19:40:47,73a6465cf81adbb74a8c5e420245a211961520a06fdaac9a4a906edf31413736
/home/rich/Pictures/My Love Samantha R Sprague -1-001 (2)/My Love Samantha R Sprague /received_3183187561917141.jpeg,received_3183187561917141.jpeg,.jpeg,59620,2025-08-06T19:40:47,765aa54e2cd3ed83f8040a35ace128996015475c112be0e4da4c903b9a86a0e1
/home/rich/Pictures/My Love Samantha R Sprague -1-001 (2)/My Love Samantha R Sprague /received_3273005489622214.jpeg,received_3273005489622214.jpeg,.jpeg,217700,2025-08-06T19:40:49,89a019c8004b1712edbf538650eeaf1707d7df08718e5a4b87d6775882ce78df
/home/rich/Pictures/My Love Samantha R Sprague -1-001 (2)/My Love Samantha R Sprague /received_3334167320195774.jpeg,received_3334167320195774.jpeg,.jpeg,78458,2025-08-06T19:40:47,b2c70ae7ce3542c240a91f3aa487f93ade144cb233ad4a2f2880fb3af05bec5a
/home/rich/Pictures/My Love Samantha R Sprague -1-001 (2)/My Love Samantha R Sprague /received_3469792566681983.jpeg,received_3469792566681983.jpeg,.jpeg,893722,2025-08-06T19:40:49,4691e1ecf78217a7d2eebe62be7ac9da5eb6d2a5153a266a6b3e2b2bea747e12
/home/rich/Pictures/My Love Samantha R Sprague -1-001 (2)/My Love Samantha R Sprague /received_377458577760377.jpeg,received_377458577760377.jpeg,.jpeg,169048,2025-08-06T19:40:47,0daa6630ff6899e7bea57d69c43a71f1490e0b0cb25190f160a19c946260bc58
/home/rich/Pictures/My Love Samantha R Sprague -1-001 (2)/My Love Samantha R Sprague /received_429328699163217.jpeg,received_429328699163217.jpeg,.jpeg,135399,2025-08-06T19:40:48,32fc7d3a91d9cd436e7bf26c849b90815a1b2876a656bf0d5ae2ded92f5d60c3
/home/rich/Pictures/My Love Samantha R Sprague -1-001 (2)/My Love Samantha R Sprague /received_437584314951482.jpeg,received_437584314951482.jpeg,.jpeg,102535,2025-08-06T19:40:49,4a93136f8944c4aa53a0d9da5a4d1bc6e7e125d907bd17431e279276ad431b44
/home/rich/Pictures/My Love Samantha R Sprague -1-001 (2)/My Love Samantha R Sprague /received_454291266510916.jpeg,received_454291266510916.jpeg,.jpeg,86892,2025-08-06T19:40:49,943706b3a7d123b825b9aa6a26917b5028f3df15ada80dbff94dee684e02a4f6
/home/rich/Pictures/My Love Samantha R Sprague -1-001 (2)/My Love Samantha R Sprague /received_460536095603061.jpeg,received_460536095603061.jpeg,.jpeg,81827,2025-08-06T19:40:48,c30aac7a371befea6ca15ec3491e66a3848861c12fb9dc8030a4aaa3410e278a
/home/rich/Pictures/My Love Samantha R Sprague -1-001 (2)/My Love Samantha R Sprague /received_466291855331186.jpeg,received_466291855331186.jpeg,.jpeg,66600,2025-08-06T19:40:49,81f0819b999bda98803b836aee98c54b7870fc4e08dae0b6ed6a2764728bbbe5
/home/rich/Pictures/My Love Samantha R Sprague -1-001 (2)/My Love Samantha R Sprague /received_475566885626476.jpeg,received_475566885626476.jpeg,.jpeg,167766,2025-08-06T19:40:48,b1fe8abb7fd79324e63cc7d78c72afb06f373d36d777df7b0420c7a3c00e3d18
/home/rich/Pictures/My Love Samantha R Sprague -1-001 (2)/My Love Samantha R Sprague /received_478042447465506.jpeg,received_478042447465506.jpeg,.jpeg,167571,2025-08-06T19:40:48,338e9646509d0f0f5ccd1d79b010c23adc48c3ac694230a86f3c16f9d664b8f9
/home/rich/Pictures/My Love Samantha R Sprague -1-001 (2)/My Love Samantha R Sprague /received_484746233470064.jpeg,received_484746233470064.jpeg,.jpeg,91992,2025-08-06T19:40:47,df1da13ece5ddcf67a4c4941e091493f38a2e16bcb64a6a121239fe1f51ceb36
/home/rich/Pictures/My Love Samantha R Sprague -1-001 (2)/My Love Samantha R Sprague /received_5207388755982406.jpeg,received_5207388755982406.jpeg,.jpeg,108269,2025-08-06T19:40:47,2faab532485e133d8dffbfe6322a963db1ba251e94cdcce6e401fc3c000ad2cf
/home/rich/Pictures/My Love Samantha R Sprague -1-001 (2)/My Love Samantha R Sprague /received_5378418152181324.jpeg,received_5378418152181324.jpeg,.jpeg,96608,2025-08-06T19:40:48,dbe0759d3ae70c181b2fcbdf4af069adb3e9f14acf77b944d6ee9922b9a44112
/home/rich/Pictures/My Love Samantha R Sprague -1-001 (2)/My Love Samantha R Sprague /received_5597235210297470.jpeg,received_5597235210297470.jpeg,.jpeg,87881,2025-08-06T19:40:47,b8fa4c154fb5d810e1bf7cad31507a95d48b493f80862159b91417a2072ec40e
/home/rich/Pictures/My Love Samantha R Sprague -1-001 (2)/My Love Samantha R Sprague /received_5680330521988585.jpeg,received_5680330521988585.jpeg,.jpeg,204680,2025-08-06T19:40:48,eae4470819c61bb15dc07d8ba9e856e21288eabee6e0511b56aca05913bd8176
/home/rich/Pictures/My Love Samantha R Sprague -1-001 (2)/My Love Samantha R Sprague /received_568692484831345.jpeg,received_568692484831345.jpeg,.jpeg,152126,2025-08-06T19:40:48,16927a18fe59327d643fd62d096973c0fbac3d959e117f7a45c573dc013195dd
/home/rich/Pictures/My Love Samantha R Sprague -1-001 (2)/My Love Samantha R Sprague /received_573180218023432.jpeg,received_573180218023432.jpeg,.jpeg,248497,2025-08-06T19:40:47,9c25e84d3a24b3eb3c69c84ceb9d5912cce37f99ef6f62f7142064406bf68f07
/home/rich/Pictures/My Love Samantha R Sprague -1-001 (2)/My Love Samantha R Sprague /received_581639686874345.jpeg,received_581639686874345.jpeg,.jpeg,59163,2025-08-06T19:40:48,23ae8eef8d54ea1b0339e9eace7f74050668f671ac681a06ff62877a95feb65f
/home/rich/Pictures/My Love Samantha R Sprague -1-001 (2)/My Love Samantha R Sprague /received_596126608537040.jpeg,received_596126608537040.jpeg,.jpeg,100839,2025-08-06T19:40:47,a37b27b00d3936b31226aeaa2d7b8cb00673a5ddb83bbf911dfa1652e74333f9
/home/rich/Pictures/My Love Samantha R Sprague -1-001 (2)/My Love Samantha R Sprague /received_623263615824786.jpeg,received_623263615824786.jpeg,.jpeg,136941,2025-08-06T19:40:47,633665c9a6a3c825c32b09699ad7a40eeb63a57082000cc129e066786dee05ef
/home/rich/Pictures/My Love Samantha R Sprague -1-001 (2)/My Love Samantha R Sprague /received_711458106613881.jpeg,received_711458106613881.jpeg,.jpeg,107519,2025-08-06T19:40:47,1cabe33e99e492953fd889a2c732fd1d2e0bdef61e339ccb3964eff06fad0d63
/home/rich/Pictures/My Love Samantha R Sprague -1-001 (2)/My Love Samantha R Sprague /received_717271600015755.jpeg,received_717271600015755.jpeg,.jpeg,331248,2025-08-06T19:40:47,6c3a0bfbf47ba2bd5cd445decc1397ec2e84abd48f69011cf8ef43010d09498d
/home/rich/Pictures/My Love Samantha R Sprague -1-001 (2)/My Love Samantha R Sprague /received_718776142761446.jpeg,received_718776142761446.jpeg,.jpeg,74052,2025-08-06T19:40:48,bd5c3770adf49d9656802be23c56be1d7a2b698b080225f32e5da1f27af17fb6
/home/rich/Pictures/My Love Samantha R Sprague -1-001 (2)/My Love Samantha R Sprague /received_726518311976031.jpeg,received_726518311976031.jpeg,.jpeg,183624,2025-08-06T19:40:49,22432ae395cb46189af52408f4324c323d0e1f2ec01053089869f71ebbe79d4e
/home/rich/Pictures/My Love Samantha R Sprague -1-001 (2)/My Love Samantha R Sprague /received_743049150180447.jpeg,received_743049150180447.jpeg,.jpeg,69064,2025-08-06T19:40:47,26382aa3c9383b6f25a066455c308966f85ab5b222b83e478b147e8d68e35bba
/home/rich/Pictures/My Love Samantha R Sprague -1-001 (2)/My Love Samantha R Sprague /received_771806007508925.jpeg,received_771806007508925.jpeg,.jpeg,85319,2025-08-06T19:40:48,4949a335952c0f6468ed913ab6ca6200661f2364045e1159523ca9ca00b764f2
/home/rich/Pictures/My Love Samantha R Sprague -1-001 (2)/My Love Samantha R Sprague /received_777887736566903.jpeg,received_777887736566903.jpeg,.jpeg,117802,2025-08-06T19:40:48,666b3db993d1ac38ad074b374420b975d3515263a56f7956d4c21fcc6352cddd
/home/rich/Pictures/My Love Samantha R Sprague -1-001 (2)/My Love Samantha R Sprague /received_785614386261471.jpeg,received_785614386261471.jpeg,.jpeg,924434,2025-08-06T19:40:48,d7e82f0d9e52b016738bb28bfb55891c1643134414880f7ed284b89718087b3d
/home/rich/Pictures/My Love Samantha R Sprague -1-001 (2)/My Love Samantha R Sprague /received_863354004869109.jpeg,received_863354004869109.jpeg,.jpeg,138048,2025-08-06T19:40:47,9a53cc9a29d1edef03b1bd641dd7c4d31697f15d78925d3951acda4e73bdd2b3
/home/rich/Pictures/My Love Samantha R Sprague -1-001 (2)/My Love Samantha R Sprague /received_9026534804140617.jpeg,received_9026534804140617.jpeg,.jpeg,173838,2025-08-06T19:40:48,9ec2f63f0f0af025d38867474d694ef81b9084d413045d8a0152bdeacff4b0df
/home/rich/Pictures/My Love Samantha R Sprague -1-001 (2)/My Love Samantha R Sprague /received_917047902628115.jpeg,received_917047902628115.jpeg,.jpeg,273554,2025-08-06T19:40:48,1438f6c771867ec6090d04921f57c2dd2a940d91a387ea610962c798ae1f426d
/home/rich/Pictures/My Love Samantha R Sprague -1-001 (2)/My Love Samantha R Sprague /received_938329151683891.jpeg,received_938329151683891.jpeg,.jpeg,310346,2025-08-06T19:40:47,50b8e3a6ebc3649367bd23ca8ba72f41f9a4fd35529a94fd5223276b0d2e65e4
/home/rich/Pictures/My Love Samantha R Sprague -1-001 (2)/My Love Samantha R Sprague /received_975893457814026.jpeg,received_975893457814026.jpeg,.jpeg,219737,2025-08-06T19:40:47,0de1e093964856bbca2443b609186cd33163b809fcc80fba223f227f4e533e7c
/home/rich/Pictures/My buddy Cameron A Sprague -1-001/My buddy Cameron A Sprague /20170507_153729.jpg,20170507_153729.jpg,.jpg,175701,2025-08-06T19:35:09,f8c541733f601d2d3e98b799d3b1e0ce34b611733741ebac212aa84472145fd6
/home/rich/Pictures/My buddy Cameron A Sprague -1-001/My buddy Cameron A Sprague /20170507_173753.jpg,20170507_173753.jpg,.jpg,190817,2025-08-06T19:35:09,9f20cc25f3d20e858fd6a427a12899193c409fd13c82f06a5c58eae28daf28a0
/home/rich/Pictures/My buddy Cameron A Sprague -1-001/My buddy Cameron A Sprague /20170507_173802.jpg,20170507_173802.jpg,.jpg,205700,2025-08-06T19:35:09,614047eda005f02a34cc3aa84664505afe471c31d3a0813e832fd1fa572c5cb9
/home/rich/Pictures/My buddy Cameron A Sprague -1-001/My buddy Cameron A Sprague /20170515_005518.jpg,20170515_005518.jpg,.jpg,178994,2025-08-06T19:35:09,fa4790b50edc98a0b83a76f19d55b9d1217ad69372db2164a4450db4fb415095
/home/rich/Pictures/My buddy Cameron A Sprague -1-001/My buddy Cameron A Sprague /20170518_094539.jpg,20170518_094539.jpg,.jpg,89267,2025-08-06T19:35:09,871fca83f2e00a4c9e17b52e1575f4f89c0462ee0668cde76e9601fdb0a0ad7e
/home/rich/Pictures/My buddy Cameron A Sprague -1-001/My buddy Cameron A Sprague /20170527_190014-COLLAGE.jpg,20170527_190014-COLLAGE.jpg,.jpg,371106,2025-08-06T19:35:09,ea56a703202eabd4cbfa13afe46025fdadb19eed59c7f931d39840cfd4b1195a
/home/rich/Pictures/My buddy Cameron A Sprague -1-001/My buddy Cameron A Sprague /20170527_190644.jpg,20170527_190644.jpg,.jpg,131078,2025-08-06T19:35:09,293e61725c9b9d3145e8a32df502f3317165aeaf5c52c50c43b17564c6c9f804
/home/rich/Pictures/My buddy Cameron A Sprague -1-001/My buddy Cameron A Sprague /20170527_190803.jpg,20170527_190803.jpg,.jpg,221247,2025-08-06T19:35:09,5b51e3b84671afa81dda8ddb0ed409a79bb59841acb2e7b662fedbba3c87b781
/home/rich/Pictures/My buddy Cameron A Sprague -1-001/My buddy Cameron A Sprague /20170527_190817.jpg,20170527_190817.jpg,.jpg,239905,2025-08-06T19:35:09,88bc4bebc0e966217180a1a4d0cb92b341b26a2e9e4338b3e53522213c670779
/home/rich/Pictures/My buddy Cameron A Sprague -1-001/My buddy Cameron A Sprague /20170527_191858.jpg,20170527_191858.jpg,.jpg,199341,2025-08-06T19:35:09,0ab155817f87d2bbfa72a2076424442e6597bfe6df8d0536a0c694eeef0e4207
/home/rich/Pictures/My buddy Cameron A Sprague -1-001/My buddy Cameron A Sprague /20170527_205454.jpg,20170527_205454.jpg,.jpg,332162,2025-08-06T19:35:09,3c974c03eec759ba2c762ea8b0fc33d01090f7c33276a7d007d9b703d3026c04
/home/rich/Pictures/My buddy Cameron A Sprague -1-001/My buddy Cameron A Sprague /20181013_010142.jpg,20181013_010142.jpg,.jpg,399629,2025-08-06T19:35:07,b3815a9dae10b097ffc9d592d542b53343680e774e482f16046f1a9e6838e526
/home/rich/Pictures/My buddy Cameron A Sprague -1-001/My buddy Cameron A Sprague /20181013_010148.jpg,20181013_010148.jpg,.jpg,123673,2025-08-06T19:35:07,a6f816751f80a65836df7ce7be4b116b71344aeb7f2f3488f9c64fb48853ebc3
/home/rich/Pictures/My buddy Cameron A Sprague -1-001/My buddy Cameron A Sprague /20181024_183501_Burst01.jpg,20181024_183501_Burst01.jpg,.jpg,1221104,2025-08-06T19:35:07,f151913b7a13cb67ea8aa44bc17d3dd23e860fe42fd412eede454838634e7c79
/home/rich/Pictures/My buddy Cameron A Sprague -1-001/My buddy Cameron A Sprague /20181024_183507.jpg,20181024_183507.jpg,.jpg,202538,2025-08-06T19:35:06,b03e850f0f1f6c755ce6d5663880663fd0c04e71f7fa7b56575c0ef2328d7f8c
/home/rich/Pictures/My buddy Cameron A Sprague -1-001/My buddy Cameron A Sprague /20190716_175104.jpg,20190716_175104.jpg,.jpg,125694,2025-08-06T19:35:06,0f7b86ae7cfed0d83f111caca9effc5172e1a84614847f4b8f90db050465b956
/home/rich/Pictures/My buddy Cameron A Sprague -1-001/My buddy Cameron A Sprague /20190716_175110.jpg,20190716_175110.jpg,.jpg,124573,2025-08-06T19:35:06,150833a9948e32d66c90270e3ffa6b526423ee1682f309e5d0a0a6674a0ccadd
/home/rich/Pictures/My buddy Cameron A Sprague -1-001/My buddy Cameron A Sprague /20190730_131353.jpg,20190730_131353.jpg,.jpg,245117,2025-08-06T19:35:06,bd2394cd50c7ab46f4a57bb2ac4ecb10701d54a1169574cfb5a8d2c226952639
/home/rich/Pictures/My buddy Cameron A Sprague -1-001/My buddy Cameron A Sprague /20191205_205032.jpg,20191205_205032.jpg,.jpg,288046,2025-08-06T19:35:06,5e8064f5233a4d0a669012a3d612f2e9d395bdbf3c6264d2b89f9c4b2b03b938
/home/rich/Pictures/My buddy Cameron A Sprague -1-001/My buddy Cameron A Sprague /20191205_205039.jpg,20191205_205039.jpg,.jpg,271038,2025-08-06T19:35:06,330676298ecc95cd1129a6fd5488e94b8f1c3977ffdfe839f8575b143c048d51
/home/rich/Pictures/My buddy Cameron A Sprague -1-001/My buddy Cameron A Sprague /20191212_004654.jpg,20191212_004654.jpg,.jpg,228326,2025-08-06T19:35:06,4d5035d9f531f2712af116e98329b5fd8f3ab2ca342fa989f4ef8bc8553c8ee6
/home/rich/Pictures/My buddy Cameron A Sprague -1-001/My buddy Cameron A Sprague /20200704_225951.jpg,20200704_225951.jpg,.jpg,567684,2025-08-06T19:35:04,4f14d8df01ec2fedd93bfa3c7da3c1db167265f644e2163c1a12e5826256f868
/home/rich/Pictures/My buddy Cameron A Sprague -1-001/My buddy Cameron A Sprague /20200704_225953_Signature.jpg,20200704_225953_Signature.jpg,.jpg,595497,2025-08-06T19:35:04,6c9d46a29ca5b81f29c37e75c20a2d0a47f82ca3cf43e58ca90cbd796c870af5
/home/rich/Pictures/My buddy Cameron A Sprague -1-001/My buddy Cameron A Sprague /20200704_230011.jpg,20200704_230011.jpg,.jpg,426916,2025-08-06T19:35:04,95bbeb9d938eb44d896ea5a9c67a4cc79133b88d6cc2c99da1d54408fb8d35fd
/home/rich/Pictures/My buddy Cameron A Sprague -1-001/My buddy Cameron A Sprague /20200704_230011_Signature.jpg,20200704_230011_Signature.jpg,.jpg,470436,2025-08-06T19:35:05,88aca6cac983acdb6a5482c4f724402f42988d34e32d71b95830e6b81da74db9
/home/rich/Pictures/My buddy Cameron A Sprague -1-001/My buddy Cameron A Sprague /20200704_230015.jpg,20200704_230015.jpg,.jpg,454042,2025-08-06T19:35:05,7e3f719be547a47f5e9cbe66a286e6090f6aa2716772a6a2f314c5dc2de27ca7
/home/rich/Pictures/My buddy Cameron A Sprague -1-001/My buddy Cameron A Sprague /20200704_230015_Signature.jpg,20200704_230015_Signature.jpg,.jpg,494132,2025-08-06T19:35:04,32a33fdb765d7b050d962e0c14ef9344f8a384ef5a9d91fd4b3020a49d96e55f
/home/rich/Pictures/My buddy Cameron A Sprague -1-001/My buddy Cameron A Sprague /20200704_230030.jpg,20200704_230030.jpg,.jpg,455397,2025-08-06T19:35:05,20077a800d3ba7e0029af6abecc49980b85ae4eb124a62098813261e47c37f6d
/home/rich/Pictures/My buddy Cameron A Sprague -1-001/My buddy Cameron A Sprague /20200819_154638.jpg,20200819_154638.jpg,.jpg,408142,2025-08-06T19:35:04,b91a539a113adc1efb4bc055e7c6009411c4567d99d733378bcea49399f2bb2e
/home/rich/Pictures/My buddy Cameron A Sprague -1-001/My buddy Cameron A Sprague /20200903_194800.jpg,20200903_194800.jpg,.jpg,341464,2025-08-06T19:35:04,da4f0964ac62a1f216e41058d53e797dc9d86f0216df10f8b6c2ba929ec7221f
/home/rich/Pictures/My buddy Cameron A Sprague -1-001/My buddy Cameron A Sprague /20200903_194809.jpg,20200903_194809.jpg,.jpg,477272,2025-08-06T19:35:04,babb2c90b20f84ce7c3ae8fe7629920b0801691d578ba19dec704b83343eae58
/home/rich/Pictures/My buddy Cameron A Sprague -1-001/My buddy Cameron A Sprague /20200903_195408.jpg,20200903_195408.jpg,.jpg,509154,2025-08-06T19:35:04,8ff8ecde9626ed8de6c1338d8337c12b27cb7bc4d9607051de99e06e885e8445
/home/rich/Pictures/My buddy Cameron A Sprague -1-001/My buddy Cameron A Sprague /20210120_222725.jpg,20210120_222725.jpg,.jpg,306972,2025-08-06T19:35:05,ac50fb51d2e70ac57157e99bdadd34300c0f78037a20e91c143d497a49c6cd78
/home/rich/Pictures/My buddy Cameron A Sprague -1-001/My buddy Cameron A Sprague /20210121_180513.jpg,20210121_180513.jpg,.jpg,347870,2025-08-06T19:35:04,79237a2d4ec71e8dfd482aea4f1548d8e9f4d6627cc26a06852df567ac2f2cf4
/home/rich/Pictures/My buddy Cameron A Sprague -1-001/My buddy Cameron A Sprague /20210121_180524.jpg,20210121_180524.jpg,.jpg,368454,2025-08-06T19:35:04,d72ebf5e8daf3bfedaeb6b4173565d671a980b7fe6544541372a26bcdcffa72e
/home/rich/Pictures/My buddy Cameron A Sprague -1-001/My buddy Cameron A Sprague /20210121_180545.jpg,20210121_180545.jpg,.jpg,509100,2025-08-06T19:35:04,77d1839ad3ed1259b405a583e0b05eac95dcf19d5ee5615985d1586e93c3d715
/home/rich/Pictures/My buddy Cameron A Sprague -1-001/My buddy Cameron A Sprague /20210121_190944.jpg,20210121_190944.jpg,.jpg,510169,2025-08-06T19:35:04,f946a5c08a1175cb32ebf6055542549e1d5fd4cdd3bd3269c82d8280d0043031
/home/rich/Pictures/My buddy Cameron A Sprague -1-001/My buddy Cameron A Sprague /20210121_191001.jpg,20210121_191001.jpg,.jpg,370017,2025-08-06T19:35:11,2d23da624cd97c3409230a35339a0194ed31dfcd8f998c2306146d581a4d1aea
/home/rich/Pictures/My buddy Cameron A Sprague -1-001/My buddy Cameron A Sprague /20210121_191029.jpg,20210121_191029.jpg,.jpg,345016,2025-08-06T19:35:11,e41d6628ca1dfcf91321cfed57c57fd01a594523cd8b6f6032955edc5951aeff
/home/rich/Pictures/My buddy Cameron A Sprague -1-001/My buddy Cameron A Sprague /20210201_173957.jpg,20210201_173957.jpg,.jpg,634859,2025-08-06T19:35:11,3b220b115ea5149720bb37109aa0b4e6a830dba53b81f72fa57ceaf44284bdc4
/home/rich/Pictures/My buddy Cameron A Sprague -1-001/My buddy Cameron A Sprague /20210201_173958.jpg,20210201_173958.jpg,.jpg,636397,2025-08-06T19:35:11,9af0cb0e84dcfc11485cadeb19e4ef8b875e0db86c4971c49f560f261a52628d
/home/rich/Pictures/My buddy Cameron A Sprague -1-001/My buddy Cameron A Sprague /20210201_174129.jpg,20210201_174129.jpg,.jpg,558099,2025-08-06T19:35:11,43cd423ab5f21eadecf11dffe4d51419c387fc8f6a741da455e11ea6dad9b9b7
/home/rich/Pictures/My buddy Cameron A Sprague -1-001/My buddy Cameron A Sprague /20210201_174133.jpg,20210201_174133.jpg,.jpg,596233,2025-08-06T19:35:11,e2af709349b3639bf3d01131fb39d19ce42ba04505a9e616b71d971a39026688
/home/rich/Pictures/My buddy Cameron A Sprague -1-001/My buddy Cameron A Sprague /20210201_174215.jpg,20210201_174215.jpg,.jpg,1551062,2025-08-06T19:35:11,43399fc0b724780d0958d5a702d28329697bace516306481e2f6d6a4d2658d0f
/home/rich/Pictures/My buddy Cameron A Sprague -1-001/My buddy Cameron A Sprague /20210201_174219_HDR.jpg,20210201_174219_HDR.jpg,.jpg,1561020,2025-08-06T19:35:11,caf877305b32ca78d0b78a7176517d55108dd400f21202befd1d469ba58ae14c
/home/rich/Pictures/My buddy Cameron A Sprague -1-001/My buddy Cameron A Sprague /20210201_174308.jpg,20210201_174308.jpg,.jpg,672649,2025-08-06T19:35:11,1980f80399cc86c499eb4460082a1f5dd5c9d8419138273aa0e18fa40485ac2a
/home/rich/Pictures/My buddy Cameron A Sprague -1-001/My buddy Cameron A Sprague /20210201_174315.jpg,20210201_174315.jpg,.jpg,670525,2025-08-06T19:35:11,cbe27a9ee0aa8e42861da9cc073f6bc7aa030e342db3f5d7dc077d49a8e2fea7
/home/rich/Pictures/My buddy Cameron A Sprague -1-001/My buddy Cameron A Sprague /20210227_142158-COLLAGE.jpg,20210227_142158-COLLAGE.jpg,.jpg,400704,2025-08-06T19:35:11,eed747572d485d52889013ea0a02be05c04dab07862ebf5690c1a79a7e4214f5
/home/rich/Pictures/My buddy Cameron A Sprague -1-001/My buddy Cameron A Sprague /20210227_154626.jpg,20210227_154626.jpg,.jpg,252942,2025-08-06T19:35:11,83beed8bfe4420d7067adad270411e721187d50e63a19ac5a12df92737a55a29
/home/rich/Pictures/My buddy Cameron A Sprague -1-001/My buddy Cameron A Sprague /20210605_180055.jpg,20210605_180055.jpg,.jpg,297943,2025-08-06T19:35:10,40b46f94bde2ef86f08d098741b84f573c1b2e8ee413128c684dd3f617011485
/home/rich/Pictures/My buddy Cameron A Sprague -1-001/My buddy Cameron A Sprague /20210605_180055_Signature.jpg,20210605_180055_Signature.jpg,.jpg,300317,2025-08-06T19:35:10,3e9344dd2fd0dc1f50dfecdc14feb23c992de3105ab3a8ec45ac15eb6fd1fe32
/home/rich/Pictures/My buddy Cameron A Sprague -1-001/My buddy Cameron A Sprague /20210605_180055_Signature_Signature.jpg,20210605_180055_Signature_Signature.jpg,.jpg,300494,2025-08-06T19:35:11,b6fe99071178f8c9418156c5bc33a8f214374953698e1d15638cf4e49a20e1cd
/home/rich/Pictures/My buddy Cameron A Sprague -1-001/My buddy Cameron A Sprague /20210704_184001.jpg,20210704_184001.jpg,.jpg,50952,2025-08-06T19:35:10,39dba7abd4617b7ec703ff2f216e58ea01726f0a3d18f851b139a9433ce027bf
/home/rich/Pictures/My buddy Cameron A Sprague -1-001/My buddy Cameron A Sprague /20210704_211549.jpg,20210704_211549.jpg,.jpg,66020,2025-08-06T19:35:10,b2eb30af11e5b94810f1aae20595c471baa85dcbb5f2ba6fea0a941af57c0fe5
/home/rich/Pictures/My buddy Cameron A Sprague -1-001/My buddy Cameron A Sprague /20210704_211556.jpg,20210704_211556.jpg,.jpg,66577,2025-08-06T19:35:10,a7ff05664d744a2ba82a7c3773b70db6bf71346b8533441eacd0b33f76d964ca
/home/rich/Pictures/My buddy Cameron A Sprague -1-001/My buddy Cameron A Sprague /20210704_211603.jpg,20210704_211603.jpg,.jpg,73126,2025-08-06T19:35:10,0582ed54010eddb7b1771e304e3ed5dbf848d6efcca5ac88f735ef5bdd182a4f
/home/rich/Pictures/My buddy Cameron A Sprague -1-001/My buddy Cameron A Sprague /20210704_212558.jpg,20210704_212558.jpg,.jpg,89201,2025-08-06T19:35:10,bca6c7de0493a80395abb7e4c37508dd4a6efba630039e61debb8513e67887ae
/home/rich/Pictures/My buddy Cameron A Sprague -1-001/My buddy Cameron A Sprague /20210704_213046.jpg,20210704_213046.jpg,.jpg,60276,2025-08-06T19:35:10,35b3fe6545e4a4b133765e0875d1bdf01599ca6f895b73fac3ec400c2be13be3
/home/rich/Pictures/My buddy Cameron A Sprague -1-001/My buddy Cameron A Sprague /20210704_213047.jpg,20210704_213047.jpg,.jpg,65899,2025-08-06T19:35:10,ce7da3569d693eddf8ab71fff06eefe12d04284643e1f09b81d7674406ccd1b0
/home/rich/Pictures/My buddy Cameron A Sprague -1-001/My buddy Cameron A Sprague /20210704_213049.jpg,20210704_213049.jpg,.jpg,64971,2025-08-06T19:35:10,9348916611e8e1ac57eb6b26d95a2be367167ede3ffa1ffa19eef3031e014374
/home/rich/Pictures/My buddy Cameron A Sprague -1-001/My buddy Cameron A Sprague /20210704_213057.jpg,20210704_213057.jpg,.jpg,70974,2025-08-06T19:35:10,000aacde5f9f53b05dbc4ce36cc441c4767c2dea569bf5217d0615136773e0d8
/home/rich/Pictures/My buddy Cameron A Sprague -1-001/My buddy Cameron A Sprague /20210704_213110.jpg,20210704_213110.jpg,.jpg,70291,2025-08-06T19:35:10,d07511008a9993330ad3c180a5156ab64c59a93d4e8e75d69c6eba9cadcfe383
/home/rich/Pictures/My buddy Cameron A Sprague -1-001/My buddy Cameron A Sprague /20211125_162729.jpg,20211125_162729.jpg,.jpg,376867,2025-08-06T19:35:10,a7b000145eebad546278b8dde6961d60cd7b3f8db9c279b95d0121cc694f1104
/home/rich/Pictures/My buddy Cameron A Sprague -1-001/My buddy Cameron A Sprague /20211125_162731.jpg,20211125_162731.jpg,.jpg,457852,2025-08-06T19:35:10,449cff6b962f6903cdbb9ac7357406d3fd7014b7146860c074587a05b71e6f16
/home/rich/Pictures/My buddy Cameron A Sprague -1-001/My buddy Cameron A Sprague /20211125_162733.jpg,20211125_162733.jpg,.jpg,369588,2025-08-06T19:35:10,db9c08607c55f9640b5bddead72684840c9ed3e812e13c3eeec4e6ae1384707e
/home/rich/Pictures/My buddy Cameron A Sprague -1-001/My buddy Cameron A Sprague /2022-04-14_14-59-22.jpg,2022-04-14_14-59-22.jpg,.jpg,59885,2025-08-06T19:35:10,5bebccf5bb2751455b12a31c47d4a9dbcc6cdca6637c626cdff7325d554ee74e
/home/rich/Pictures/My buddy Cameron A Sprague -1-001/My buddy Cameron A Sprague /2022-04-14_14-59-43.jpg,2022-04-14_14-59-43.jpg,.jpg,136423,2025-08-06T19:35:10,21b38715473f2836902b346da4fdbbce9242b3caaabd7ad5bb4349112a510b60
/home/rich/Pictures/My buddy Cameron A Sprague -1-001/My buddy Cameron A Sprague /2022-04-19_19-22-41.jpg,2022-04-19_19-22-41.jpg,.jpg,82516,2025-08-06T19:35:09,5b0576b6ba4f707d9316d44196ac187bbe8303acc0f1e1cf05e05269657f0b96
/home/rich/Pictures/My buddy Cameron A Sprague -1-001/My buddy Cameron A Sprague /2022-04-19_19-22-45.jpg,2022-04-19_19-22-45.jpg,.jpg,114047,2025-08-06T19:35:09,23e188456951b93e71356c0b1bb405a61d6ad1524d91e0e1e9ff3f18c88f748d
/home/rich/Pictures/My buddy Cameron A Sprague -1-001/My buddy Cameron A Sprague /2022-04-19_19-22-58.jpg,2022-04-19_19-22-58.jpg,.jpg,166789,2025-08-06T19:35:10,817880dfbb3129258a8ecf037e3ed5fe4a4f56e47cae7a295a03c91d98d28d5b
/home/rich/Pictures/My buddy Cameron A Sprague -1-001/My buddy Cameron A Sprague /2022-04-19_19-22-59.jpg,2022-04-19_19-22-59.jpg,.jpg,114769,2025-08-06T19:35:09,3d2f9a81ff6c578e59eceeabc5d17597c41fbbd90c248b49319faf647f3bdc16
/home/rich/Pictures/My buddy Cameron A Sprague -1-001/My buddy Cameron A Sprague /2022-04-20_19-09-00.jpg,2022-04-20_19-09-00.jpg,.jpg,49716,2025-08-06T19:35:09,833741080b0b568c522519f801ea18909b63a468aa9737bc32bd178ac5cea358
/home/rich/Pictures/My buddy Cameron A Sprague -1-001/My buddy Cameron A Sprague /2022-04-20_19-09-22.jpg,2022-04-20_19-09-22.jpg,.jpg,49472,2025-08-06T19:35:09,25843b96603904c985c42f585320274d4b588c11ae3c335ebe2b2ccf3117b796
/home/rich/Pictures/My buddy Cameron A Sprague -1-001/My buddy Cameron A Sprague /2022-04-20_19-09-23.jpg,2022-04-20_19-09-23.jpg,.jpg,44341,2025-08-06T19:35:09,b88301bbb9645eeb7954c10044cc20fff6ba03b1e5a49264621ec3ac86b8c54b
/home/rich/Pictures/My buddy Cameron A Sprague -1-001/My buddy Cameron A Sprague /20220902_215423.jpg,20220902_215423.jpg,.jpg,4863923,2025-08-06T19:35:09,dd016cb7c5007cebb73e930740f7de1be16aae82eeafa9b08924b9fc1ca12508
/home/rich/Pictures/My buddy Cameron A Sprague -1-001/My buddy Cameron A Sprague /20220902_215426.jpg,20220902_215426.jpg,.jpg,4959944,2025-08-06T19:35:09,6acc39a1d93f7f744105af82c09a0b7a9b71b366bbd37d9f000885d0ec6c7c07
/home/rich/Pictures/My buddy Cameron A Sprague -1-001/My buddy Cameron A Sprague /20220902_215428.jpg,20220902_215428.jpg,.jpg,5094812,2025-08-06T19:35:09,0014e148a790639c0200050f6322300312d6476f03865673fc3d462ff93dc529
/home/rich/Pictures/My buddy Cameron A Sprague -1-001/My buddy Cameron A Sprague /20220902_215432.jpg,20220902_215432.jpg,.jpg,5065322,2025-08-06T19:35:09,945f0ae772e0cd54aeced8abbe6d43d43f474a1660462bffec8b8fea16ba147d
/home/rich/Pictures/My buddy Cameron A Sprague -1-001/My buddy Cameron A Sprague /FB_IMG_1542252984820.jpg,FB_IMG_1542252984820.jpg,.jpg,133162,2025-08-06T19:35:07,14ce954ee97c826eeb772faeb48d6745201704e1602570ec2db579b926f7d4ca
/home/rich/Pictures/My buddy Cameron A Sprague -1-001/My buddy Cameron A Sprague /FB_IMG_1542253011424.jpg,FB_IMG_1542253011424.jpg,.jpg,103643,2025-08-06T19:35:06,93b8253481cb1f910a46b0c0d2ddf374dd3fd806bbc2b07c4986f46be338151d
/home/rich/Pictures/My buddy Cameron A Sprague -1-001/My buddy Cameron A Sprague /FB_IMG_1542253015546.jpg,FB_IMG_1542253015546.jpg,.jpg,106594,2025-08-06T19:35:07,0585d5b980b00ddb948f25201f4808473e7bd65a7ba83bc1c9de6eb1064b0707
/home/rich/Pictures/My buddy Cameron A Sprague -1-001/My buddy Cameron A Sprague /FB_IMG_1542253027383.jpg,FB_IMG_1542253027383.jpg,.jpg,93758,2025-08-06T19:35:06,ae0ff973b9949e89cadca9b31a46ca827de8fd3dd89d8a4aaa4b8df046e3bc41
/home/rich/Pictures/My buddy Cameron A Sprague -1-001/My buddy Cameron A Sprague /FB_IMG_1542253032233.jpg,FB_IMG_1542253032233.jpg,.jpg,124175,2025-08-06T19:35:06,04e4f4dc553b91c6f151584212a65d94f4221e9a8c45b2a181ccbea7f0089549
/home/rich/Pictures/My buddy Cameron A Sprague -1-001/My buddy Cameron A Sprague /FB_IMG_1542253035617.jpg,FB_IMG_1542253035617.jpg,.jpg,149945,2025-08-06T19:35:06,d679cd1484ef454704951125657c49105452dc3063d531dc617d5091f20a0616
/home/rich/Pictures/My buddy Cameron A Sprague -1-001/My buddy Cameron A Sprague /FB_IMG_1542253040590.jpg,FB_IMG_1542253040590.jpg,.jpg,132204,2025-08-06T19:35:06,f5bbfb0deb04944cd742cbbbb1bfe3c02e74e73f57467d5bba7ae7bc314153d9
/home/rich/Pictures/My buddy Cameron A Sprague -1-001/My buddy Cameron A Sprague /FB_IMG_1542253044435.jpg,FB_IMG_1542253044435.jpg,.jpg,124406,2025-08-06T19:35:07,1eec1978f171b23133033494e017a67491dfc3ed9aeafcdbeac050506023b2cf
/home/rich/Pictures/My buddy Cameron A Sprague -1-001/My buddy Cameron A Sprague /FB_IMG_1542253048037.jpg,FB_IMG_1542253048037.jpg,.jpg,127069,2025-08-06T19:35:06,42d5b59c7af0d533637fa949f04a69809e5b79cd3a7316433bd58b91572676f3
/home/rich/Pictures/My buddy Cameron A Sprague -1-001/My buddy Cameron A Sprague /FB_IMG_1542253053920.jpg,FB_IMG_1542253053920.jpg,.jpg,113067,2025-08-06T19:35:06,bbb08d01c24baffd89ecd8d1a7cc692b8256e233a01e8a962e7ecfc27c8537af
/home/rich/Pictures/My buddy Cameron A Sprague -1-001/My buddy Cameron A Sprague /FB_IMG_1567973819601.jpg,FB_IMG_1567973819601.jpg,.jpg,49171,2025-08-06T19:35:06,16c6024be56305c348e8ac3be5656cfe09b89818895ecb72f2477008c86c9f67
/home/rich/Pictures/My buddy Cameron A Sprague -1-001/My buddy Cameron A Sprague /FB_IMG_1590000114128.jpg,FB_IMG_1590000114128.jpg,.jpg,20366,2025-08-06T19:35:04,252d04d50c069c5493e4859f48a9055212b56cb75158d88ae3f014607b0a3e0c
/home/rich/Pictures/My buddy Cameron A Sprague -1-001/My buddy Cameron A Sprague /FB_IMG_1590000268597.jpg,FB_IMG_1590000268597.jpg,.jpg,41825,2025-08-06T19:35:05,20ee8e62da6af3782fa8d0d30c4ed696e452d821136cc97b49e113f62b383e18
/home/rich/Pictures/My buddy Cameron A Sprague -1-001/My buddy Cameron A Sprague /FB_IMG_1591051528286.jpg,FB_IMG_1591051528286.jpg,.jpg,24392,2025-08-06T19:35:04,d34bfb3b3b79d5a131ba68f24ae5755b7a890309d1d0586779154cefa4237a64
/home/rich/Pictures/My buddy Cameron A Sprague -1-001/My buddy Cameron A Sprague /FB_IMG_1602743430419.jpg,FB_IMG_1602743430419.jpg,.jpg,51035,2025-08-06T19:35:04,8eb8c44be0a056635936840ecd85d06732e2f1420c40b7a900cd19943aac16f7
/home/rich/Pictures/My buddy Cameron A Sprague -1-001/My buddy Cameron A Sprague /FB_IMG_1602743473581.jpg,FB_IMG_1602743473581.jpg,.jpg,46112,2025-08-06T19:35:05,3726372987b829d84b09224951a8e265d87f694500b60a069db9edb9de252bce
/home/rich/Pictures/My buddy Cameron A Sprague -1-001/My buddy Cameron A Sprague /FB_IMG_1602743478033.jpg,FB_IMG_1602743478033.jpg,.jpg,67959,2025-08-06T19:35:05,49483745cf1f4340409abe40b064bde7b9043f6d41f2dbdb21e621fe2a484b87
/home/rich/Pictures/My buddy Cameron A Sprague -1-001/My buddy Cameron A Sprague /FB_IMG_1602743499066.jpg,FB_IMG_1602743499066.jpg,.jpg,84673,2025-08-06T19:35:04,b679d01901bdcb31debcabf55ce250238573afae1cdeded924a6a22731dc181e
/home/rich/Pictures/My buddy Cameron A Sprague -1-001/My buddy Cameron A Sprague /FB_IMG_1602743608061.jpg,FB_IMG_1602743608061.jpg,.jpg,41504,2025-08-06T19:35:04,f99abc1b2fc06978a2b3c98e235710b9d542bce80d0155cadfb7628ed6d32667
/home/rich/Pictures/My buddy Cameron A Sprague -1-001/My buddy Cameron A Sprague /FB_IMG_1602743680651.jpg,FB_IMG_1602743680651.jpg,.jpg,68570,2025-08-06T19:35:05,9d3940e0b56982381e1e64dc6f5519e7ef3557b153a3ea4a8b309f54dd20a52b
/home/rich/Pictures/My buddy Cameron A Sprague -1-001/My buddy Cameron A Sprague /FB_IMG_1602743778363.jpg,FB_IMG_1602743778363.jpg,.jpg,66812,2025-08-06T19:35:04,be2fda2b61bc9d246ac0d90ecf20b9cd29d795c9da6296a42bef4181bfec0b2b
/home/rich/Pictures/My buddy Cameron A Sprague -1-001/My buddy Cameron A Sprague /FB_IMG_1602743784379.jpg,FB_IMG_1602743784379.jpg,.jpg,41880,2025-08-06T19:35:05,3195b0030edc615fb47256778550680bb52f40d09069d89edb471de67f842e14
/home/rich/Pictures/My buddy Cameron A Sprague -1-001/My buddy Cameron A Sprague /FB_IMG_1602743851211.jpg,FB_IMG_1602743851211.jpg,.jpg,56655,2025-08-06T19:35:04,f9f413b524e00b4b0fb7b84d5fcc14ac0b295a770066517bd6dc634435b97f4c
/home/rich/Pictures/My buddy Cameron A Sprague -1-001/My buddy Cameron A Sprague /FB_IMG_1602743860137.jpg,FB_IMG_1602743860137.jpg,.jpg,70340,2025-08-06T19:35:04,2d088475c475f1b3be160d216f526340f82c9d03cd94612da7ddbaae985d08ce
/home/rich/Pictures/My buddy Cameron A Sprague -1-001/My buddy Cameron A Sprague /FB_IMG_1602743864670.jpg,FB_IMG_1602743864670.jpg,.jpg,60096,2025-08-06T19:35:04,d7e07fe0fa4b2c0144aea26cc7d4474b92828e1132033464116b0ba4f8e2fc16
/home/rich/Pictures/My buddy Cameron A Sprague -1-001/My buddy Cameron A Sprague /FB_IMG_1602743947641.jpg,FB_IMG_1602743947641.jpg,.jpg,33313,2025-08-06T19:35:05,544cdfbb479e7d2c60adeaaede2c7282f58be690c79dd29f1d3167ba0f6e1389
/home/rich/Pictures/My buddy Cameron A Sprague -1-001/My buddy Cameron A Sprague /FB_IMG_1602743951107.jpg,FB_IMG_1602743951107.jpg,.jpg,80705,2025-08-06T19:35:05,399bc84f31be2d6c7dbde4dfafed884a94b293638ff8b38ead4b172500afdc34
/home/rich/Pictures/My buddy Cameron A Sprague -1-001/My buddy Cameron A Sprague /FB_IMG_1602743962424.jpg,FB_IMG_1602743962424.jpg,.jpg,29474,2025-08-06T19:35:04,0d354c85a3c36cfa251c9193ccb3651782be2466226eb093af07ee4a282350c3
/home/rich/Pictures/My buddy Cameron A Sprague -1-001/My buddy Cameron A Sprague /FB_IMG_1602743967533.jpg,FB_IMG_1602743967533.jpg,.jpg,101398,2025-08-06T19:35:04,82cad3301263edebfaa199cc84ea7af8b249405ceb19b1a28e9d8b6afa210afe
/home/rich/Pictures/My buddy Cameron A Sprague -1-001/My buddy Cameron A Sprague /FB_IMG_1602744128719.jpg,FB_IMG_1602744128719.jpg,.jpg,71604,2025-08-06T19:35:04,f1ac480bd6ea36a389f648a778f4dacc17b7b65e2ec53ccc4fc50bf4de6d08a8
/home/rich/Pictures/My buddy Cameron A Sprague -1-001/My buddy Cameron A Sprague /FB_IMG_1602744151385.jpg,FB_IMG_1602744151385.jpg,.jpg,54858,2025-08-06T19:35:04,1d2ddc15bef8584fc7906c8524698864bdfd26e2b1584e82e6b5ec8ad742a546
/home/rich/Pictures/My buddy Cameron A Sprague -1-001/My buddy Cameron A Sprague /FB_IMG_1613524413900.jpg,FB_IMG_1613524413900.jpg,.jpg,37369,2025-08-06T19:35:11,4b55e08cde3c39a83a199cc40cbbf456a1ddc00cd85042500d8592af4edf69b5
/home/rich/Pictures/My buddy Cameron A Sprague -1-001/My buddy Cameron A Sprague /FB_IMG_1637896081492.jpg,FB_IMG_1637896081492.jpg,.jpg,100102,2025-08-06T19:35:10,184d06a315413eae8b381a780737b085fbe38a24d5fe6b7b0c8e70512194d981
/home/rich/Pictures/My buddy Cameron A Sprague -1-001/My buddy Cameron A Sprague /FB_IMG_1637896096573.jpg,FB_IMG_1637896096573.jpg,.jpg,108352,2025-08-06T19:35:10,489fcdd00fccf483add998166551337ae4318004f219605855c38406a4811a51
/home/rich/Pictures/My buddy Cameron A Sprague -1-001/My buddy Cameron A Sprague /FB_IMG_1637896107263.jpg,FB_IMG_1637896107263.jpg,.jpg,105885,2025-08-06T19:35:10,9aeb854eeb8c2f2885903c207041647018f6b82c966500f2e83b6f0234b39de6
/home/rich/Pictures/My buddy Cameron A Sprague -1-001/My buddy Cameron A Sprague /FB_IMG_1637896125861.jpg,FB_IMG_1637896125861.jpg,.jpg,95512,2025-08-06T19:35:10,316da8f05905a34de07130dca17a23b81f63c97aa469ccda942198b255c91a18
/home/rich/Pictures/My buddy Cameron A Sprague -1-001/My buddy Cameron A Sprague /FB_IMG_1637909927729.jpg,FB_IMG_1637909927729.jpg,.jpg,83130,2025-08-06T19:35:09,2063b464fb2dcc7199654e26e7d67a0fdac2fb61b0dc36f455f3400ce06f9c99
/home/rich/Pictures/My buddy Cameron A Sprague -1-001/My buddy Cameron A Sprague /FB_IMG_1637909954929.jpg,FB_IMG_1637909954929.jpg,.jpg,137118,2025-08-06T19:35:10,bee74e026200cdac08242f424604e84370bebdd8217d21cf598f9eec4e018cc5
/home/rich/Pictures/My buddy Cameron A Sprague -1-001/My buddy Cameron A Sprague /IMG_20170919_223945.jpg,IMG_20170919_223945.jpg,.jpg,135383,2025-08-06T19:35:09,e31f75a458480a36f7ab7edd04f405e62e83214ff2e1601d829745d1c2c4bbbc
/home/rich/Pictures/My buddy Cameron A Sprague -1-001/My buddy Cameron A Sprague /IMG_20180227_200513.jpg,IMG_20180227_200513.jpg,.jpg,210462,2025-08-06T19:35:09,c504c3849375a93fbeb7092dfd0b32c2a2c42ab06d07209d69e90c97ab5d46f3
/home/rich/Pictures/My buddy Cameron A Sprague -1-001/My buddy Cameron A Sprague /IMG_20180227_204830.jpg,IMG_20180227_204830.jpg,.jpg,223829,2025-08-06T19:35:09,4a5c4006c57cc472a902fd232e7583ef697e90965869d1f581f6ea8e667cc2fc
/home/rich/Pictures/My buddy Cameron A Sprague -1-001/My buddy Cameron A Sprague /IMG_20180309_141757.jpg,IMG_20180309_141757.jpg,.jpg,167350,2025-08-06T19:35:08,9c2bf295b92bbb7ca3096fc2daeb163aba2e8828c07a25f9cbb3ec60a4f59771
/home/rich/Pictures/My buddy Cameron A Sprague -1-001/My buddy Cameron A Sprague /IMG_20180324_184411.jpg,IMG_20180324_184411.jpg,.jpg,740793,2025-08-06T19:35:09,b317beca8ff981539733da8bec7e410a1cdde9b85cf53db9f73277e8ad1809e0
/home/rich/Pictures/My buddy Cameron A Sprague -1-001/My buddy Cameron A Sprague /IMG_20180324_184415.jpg,IMG_20180324_184415.jpg,.jpg,816167,2025-08-06T19:35:09,ba3a024d80ca4ebdc6192dce196c7c2979331bc56dd9cf7522b956d24b3fb339
/home/rich/Pictures/My buddy Cameron A Sprague -1-001/My buddy Cameron A Sprague /IMG_20180330_172551.jpg,IMG_20180330_172551.jpg,.jpg,1107827,2025-08-06T19:35:09,c74075317a7961662fe9ddb4fafd006137e67965253ae94784d24ac3cca290f9
/home/rich/Pictures/My buddy Cameron A Sprague -1-001/My buddy Cameron A Sprague /IMG_20180401_111657.jpg,IMG_20180401_111657.jpg,.jpg,588086,2025-08-06T19:35:08,89bebab1d472842cc7b2cf7aa9b4513ee9845217db3a9eb8de6293207e363c40
/home/rich/Pictures/My buddy Cameron A Sprague -1-001/My buddy Cameron A Sprague /IMG_20180401_120429.jpg,IMG_20180401_120429.jpg,.jpg,1129850,2025-08-06T19:35:08,62bbcfb3a6e1a21538c83e1340c6969fad80c7405daca3f7e7d823be435d2e05
/home/rich/Pictures/My buddy Cameron A Sprague -1-001/My buddy Cameron A Sprague /IMG_20180401_120459.jpg,IMG_20180401_120459.jpg,.jpg,841237,2025-08-06T19:35:08,8d33f6aeac4b5a6063fc962e2feb02266341790ae65a557c187c0e7009d49c6f
/home/rich/Pictures/My buddy Cameron A Sprague -1-001/My buddy Cameron A Sprague /IMG_20180401_120828.jpg,IMG_20180401_120828.jpg,.jpg,1433400,2025-08-06T19:35:08,212156c43ed34397f564d6f47b9aae1d5815d35828dc383a856d2c18c5a076c1
/home/rich/Pictures/My buddy Cameron A Sprague -1-001/My buddy Cameron A Sprague /IMG_20180401_120845.jpg,IMG_20180401_120845.jpg,.jpg,812414,2025-08-06T19:35:08,bb130e47d9beaa5709597f0adf8afc99b3199995c16e38516a53ffea68787717
/home/rich/Pictures/My buddy Cameron A Sprague -1-001/My buddy Cameron A Sprague /IMG_20180401_122317.jpg,IMG_20180401_122317.jpg,.jpg,799951,2025-08-06T19:35:08,8bede1d5524efa87da3d98f8e4d55e1b7dc84e922bc1ac40884c1c0b54be0eca
/home/rich/Pictures/My buddy Cameron A Sprague -1-001/My buddy Cameron A Sprague /IMG_20180402_144739.jpg,IMG_20180402_144739.jpg,.jpg,202632,2025-08-06T19:35:08,cfaf93e6b9c541576eaccb5cd6d27cfb1b9be327b14bd41ed1219c1d434dd1a7
/home/rich/Pictures/My buddy Cameron A Sprague -1-001/My buddy Cameron A Sprague /IMG_20180418_234835.jpg,IMG_20180418_234835.jpg,.jpg,1187390,2025-08-06T19:35:08,73cb6b0f9910203b88a7b36900435a1f875b02dfecbc72e6c6d15afd7d0e400b
/home/rich/Pictures/My buddy Cameron A Sprague -1-001/My buddy Cameron A Sprague /IMG_20180418_234844.jpg,IMG_20180418_234844.jpg,.jpg,942398,2025-08-06T19:35:08,1ccb90da646cfdbd72442fb65096d1d3d342e52b8070370235eae07be7067fc9
/home/rich/Pictures/My buddy Cameron A Sprague -1-001/My buddy Cameron A Sprague /IMG_20180418_234857.jpg,IMG_20180418_234857.jpg,.jpg,1059087,2025-08-06T19:35:08,9869dac0ba5f4b8ffd6befc66b73344964bf0fcd4b6aaf8ec0291bf9022218ba
/home/rich/Pictures/My buddy Cameron A Sprague -1-001/My buddy Cameron A Sprague /IMG_20180418_234904.jpg,IMG_20180418_234904.jpg,.jpg,875245,2025-08-06T19:35:08,91f866636c792ca79d8be9b6c8379b86548a2a6eedca35a0cf63ca2bee706d78
/home/rich/Pictures/My buddy Cameron A Sprague -1-001/My buddy Cameron A Sprague /IMG_20180418_234917.jpg,IMG_20180418_234917.jpg,.jpg,1232694,2025-08-06T19:35:08,dd5ad5e4bdaed2b6d52b56f639b859514702d4e456ee373b7d6d9dece7542c8c
/home/rich/Pictures/My buddy Cameron A Sprague -1-001/My buddy Cameron A Sprague /IMG_20180418_234926.jpg,IMG_20180418_234926.jpg,.jpg,942197,2025-08-06T19:35:08,82c572800de35806d55f1addf5f03d5a026ab73ede352ba6dcee2b0e4023bc31
/home/rich/Pictures/My buddy Cameron A Sprague -1-001/My buddy Cameron A Sprague /IMG_20180419_004304.jpg,IMG_20180419_004304.jpg,.jpg,256840,2025-08-06T19:35:07,68ccc6914c3143a771ec71a283b66ae1beb632cf08662de2effcc4d7ce03894d
/home/rich/Pictures/My buddy Cameron A Sprague -1-001/My buddy Cameron A Sprague /IMG_20180419_004321.jpg,IMG_20180419_004321.jpg,.jpg,279762,2025-08-06T19:35:08,784cd27825fb5e15ff1ac9453c21b91f54256fd95b62c1fc41757a2a53996d82
/home/rich/Pictures/My buddy Cameron A Sprague -1-001/My buddy Cameron A Sprague /IMG_20180419_004333.jpg,IMG_20180419_004333.jpg,.jpg,283420,2025-08-06T19:35:08,a63a8d681a45cf7c49dc6d75d2c17c0edc109f0db7f9d035f2b0e80353d15757
/home/rich/Pictures/My buddy Cameron A Sprague -1-001/My buddy Cameron A Sprague /IMG_20180419_004355.jpg,IMG_20180419_004355.jpg,.jpg,289149,2025-08-06T19:35:07,51d5cb9fece6b5787368d49b20fa1a434350ae9de7481fdc883c11ae93d1dbf1
/home/rich/Pictures/My buddy Cameron A Sprague -1-001/My buddy Cameron A Sprague /IMG_20180419_184513.jpg,IMG_20180419_184513.jpg,.jpg,808423,2025-08-06T19:35:07,97e361aea4aa927ada707e60f7c076fbedb19b8de2c2d6c32d9fc259f77cd780
/home/rich/Pictures/My buddy Cameron A Sprague -1-001/My buddy Cameron A Sprague /IMG_20180424_135341.jpg,IMG_20180424_135341.jpg,.jpg,157653,2025-08-06T19:35:07,2cc71890e92f3f0dcb65ca409d5d60a76bcba7ab401a9534b6f7d63d672fab86
/home/rich/Pictures/My buddy Cameron A Sprague -1-001/My buddy Cameron A Sprague /IMG_20180424_135406.jpg,IMG_20180424_135406.jpg,.jpg,182773,2025-08-06T19:35:07,4e76f48bc173fe9b7ceb8877211a0e65d38e2c9cb63edf7b461b1862a9cbf97d
/home/rich/Pictures/My buddy Cameron A Sprague -1-001/My buddy Cameron A Sprague /IMG_20180424_135412.jpg,IMG_20180424_135412.jpg,.jpg,181119,2025-08-06T19:35:07,8bc9902b32b42c7335d219d1c2ccbf26de0868bad70c0462b937691b13b0d544
/home/rich/Pictures/My buddy Cameron A Sprague -1-001/My buddy Cameron A Sprague /IMG_20180424_135416.jpg,IMG_20180424_135416.jpg,.jpg,87706,2025-08-06T19:35:07,b6922f92db63034b0111d797e711f09e2fa59ec553928479276c504bb4f6e26b
/home/rich/Pictures/My buddy Cameron A Sprague -1-001/My buddy Cameron A Sprague /IMG_20180426_163305.jpg,IMG_20180426_163305.jpg,.jpg,755692,2025-08-06T19:35:07,f92ca745f107f904c378156ed99d394f45f3bd001b205e6f72c60b237e0dc6ed
/home/rich/Pictures/My buddy Cameron A Sprague -1-001/My buddy Cameron A Sprague /IMG_20180517_163821.jpg,IMG_20180517_163821.jpg,.jpg,1568119,2025-08-06T19:35:07,961a4fa31c3e875c4e98e2a0ad1d38070188ae1943df6953ef51b11a168aadf3
/home/rich/Pictures/My buddy Cameron A Sprague -1-001/My buddy Cameron A Sprague /IMG_20180517_163823.jpg,IMG_20180517_163823.jpg,.jpg,1588893,2025-08-06T19:35:07,0f790c9deef1b37338a90d581c5e5d67a8f99f58ad6c3c5b457db07a712afdea
/home/rich/Pictures/My buddy Cameron A Sprague -1-001/My buddy Cameron A Sprague /IMG_20180517_163834.jpg,IMG_20180517_163834.jpg,.jpg,1158453,2025-08-06T19:35:07,973ae41212dc0c4ea7e002faf9d7bf6b71fd552fbd28a731ef3c5057b307e1d5
/home/rich/Pictures/My buddy Cameron A Sprague -1-001/My buddy Cameron A Sprague /IMG_20180517_163838.jpg,IMG_20180517_163838.jpg,.jpg,1158149,2025-08-06T19:35:07,86d02881461001904ef9806ba148559f21536fd124bac6c1a774d80cfbe7efb9
/home/rich/Pictures/My buddy Cameron A Sprague -1-001/My buddy Cameron A Sprague /IMG_20180517_163845.jpg,IMG_20180517_163845.jpg,.jpg,1136767,2025-08-06T19:35:07,c08ea9ef637b7de94c05734b2c5525a08f9975b9684d7898e20048bc5ffe7464
/home/rich/Pictures/My buddy Cameron A Sprague -1-001/My buddy Cameron A Sprague /IMG_20180517_163901.jpg,IMG_20180517_163901.jpg,.jpg,1064704,2025-08-06T19:35:07,f4ca4b9ee3b9248acbebce6cf436728babd7d902fb61d1843c69cd99d31d4404
/home/rich/Pictures/My buddy Cameron A Sprague -1-001/My buddy Cameron A Sprague /IMG_20180517_164945.jpg,IMG_20180517_164945.jpg,.jpg,1200467,2025-08-06T19:35:07,b5ff6e05aa0e50a4ad5b02f49a9ffad6a7d2279393031348ec7cc4bb9550a6b4
/home/rich/Pictures/My buddy Cameron A Sprague -1-001/My buddy Cameron A Sprague /IMG_20180517_165001.jpg,IMG_20180517_165001.jpg,.jpg,1127089,2025-08-06T19:35:07,6bfc0deeaf5840b6f590d12ffe90bd2f8bfd12868c70762400ac85201ba663b4
/home/rich/Pictures/My buddy Cameron A Sprague -1-001/My buddy Cameron A Sprague /IMG_20180520_103917.jpg,IMG_20180520_103917.jpg,.jpg,685111,2025-08-06T19:35:07,2d709b754af5b625766661550af87451baaf667a0977da9b41e1e44001397d5a
/home/rich/Pictures/My buddy Cameron A Sprague -1-001/My buddy Cameron A Sprague /IMG_20180529_142354.jpg,IMG_20180529_142354.jpg,.jpg,198982,2025-08-06T19:35:07,909619bbe638debb5e7d9194f6b6e31bb5198c2c6b82a6b8df985097ec59478f
/home/rich/Pictures/My buddy Cameron A Sprague -1-001/My buddy Cameron A Sprague /IMG_20191226_094004.jpg,IMG_20191226_094004.jpg,.jpg,246084,2025-08-06T19:35:06,170c034b52933b5ceba06995657edeaac15f80d8b191167628f0876e79ec4880
/home/rich/Pictures/My buddy Cameron A Sprague -1-001/My buddy Cameron A Sprague /IMG_20191226_094022.jpg,IMG_20191226_094022.jpg,.jpg,324331,2025-08-06T19:35:06,857629abb61713dcb8257df1dc5db432d6081aa33c217359423290a0427cd596
/home/rich/Pictures/My buddy Cameron A Sprague -1-001/My buddy Cameron A Sprague /IMG_20191226_094039.jpg,IMG_20191226_094039.jpg,.jpg,865282,2025-08-06T19:35:06,d54e88ae8b3f7c632fc6716d01e91064e2edb95f236e069508ce1240dadb3fe6
/home/rich/Pictures/My buddy Cameron A Sprague -1-001/My buddy Cameron A Sprague /IMG_20200220_194948.jpg,IMG_20200220_194948.jpg,.jpg,411398,2025-08-06T19:35:05,c5cfbeaba5c5bdaad0df26790c7d5c804cba962675969d64631178f72d941479
/home/rich/Pictures/My buddy Cameron A Sprague -1-001/My buddy Cameron A Sprague /IMG_20200220_194956.jpg,IMG_20200220_194956.jpg,.jpg,361583,2025-08-06T19:35:06,c160810621586acc60694fbc3cce2b1d92719462d6a78dc7e22935abbbc48c89
/home/rich/Pictures/My buddy Cameron A Sprague -1-001/My buddy Cameron A Sprague /IMG_20200305_193147.jpg,IMG_20200305_193147.jpg,.jpg,441154,2025-08-06T19:35:05,f4e9f01b036d0e59f8deef614e0eef180060b99b5a56398852e07d0a31ba7ad2
/home/rich/Pictures/My buddy Cameron A Sprague -1-001/My buddy Cameron A Sprague /IMG_20200305_193158.jpg,IMG_20200305_193158.jpg,.jpg,465241,2025-08-06T19:35:06,a48eba4929fb2a617ab07f58917ab892f693d121699c73658a2266f6138d6f5d
/home/rich/Pictures/My buddy Cameron A Sprague -1-001/My buddy Cameron A Sprague /IMG_20200305_193349.jpg,IMG_20200305_193349.jpg,.jpg,275867,2025-08-06T19:35:06,fd950dab89af5db3eaaca55be496504e1c9936476ae4ceab503b37f150610af7
/home/rich/Pictures/My buddy Cameron A Sprague -1-001/My buddy Cameron A Sprague /IMG_20200312_190324.jpg,IMG_20200312_190324.jpg,.jpg,423342,2025-08-06T19:35:05,38cb646767580f90fff71074692c503754a177842ecf48fe2bfa4557a051bda1
/home/rich/Pictures/My buddy Cameron A Sprague -1-001/My buddy Cameron A Sprague /IMG_20200312_190333.jpg,IMG_20200312_190333.jpg,.jpg,265972,2025-08-06T19:35:05,f6651ec93b4f439147637a67a4955751bddff5b2d2bf6f3db809d2e45af9ea4f
/home/rich/Pictures/My buddy Cameron A Sprague -1-001/My buddy Cameron A Sprague /IMG_20200312_190334.jpg,IMG_20200312_190334.jpg,.jpg,311716,2025-08-06T19:35:04,eb79e44871967f96d54dc92e51ace5b5050f1e4ae201a2b2d3101f991ba11107
/home/rich/Pictures/My buddy Cameron A Sprague -1-001/My buddy Cameron A Sprague /IMG_20200312_190335.jpg,IMG_20200312_190335.jpg,.jpg,249206,2025-08-06T19:35:06,d79850da05b09421b6a55a023222c8dfd0665d34638093a3a943db5239b121f1
/home/rich/Pictures/My buddy Cameron A Sprague -1-001/My buddy Cameron A Sprague /IMG_20200312_190336.jpg,IMG_20200312_190336.jpg,.jpg,307034,2025-08-06T19:35:03,dc9b0100489006306c2241838f072e8619aadcb6e4b076109e4804b49c509f57
/home/rich/Pictures/My buddy Cameron A Sprague -1-001/My buddy Cameron A Sprague /IMG_20200312_190336_1.jpg,IMG_20200312_190336_1.jpg,.jpg,336689,2025-08-06T19:35:04,29896f7f688639541f10ca02e94a59b8814897a3108ee26b27c71a904dc3c324
/home/rich/Pictures/My buddy Cameron A Sprague -1-001/My buddy Cameron A Sprague /IMG_20200325_171532.jpg,IMG_20200325_171532.jpg,.jpg,922477,2025-08-06T19:35:05,81a8194eecfea7c0dd272cca58f19c2eb6640b14d49d413306ed44da3a8d3cd1
/home/rich/Pictures/My buddy Cameron A Sprague -1-001/My buddy Cameron A Sprague /IMG_20200325_171547.jpg,IMG_20200325_171547.jpg,.jpg,845483,2025-08-06T19:35:03,c90d845508217acedc8baeca1f2fe100b0a3be35659d693d31d208966041f9fc
/home/rich/Pictures/My buddy Cameron A Sprague -1-001/My buddy Cameron A Sprague /IMG_20200325_174237.jpg,IMG_20200325_174237.jpg,.jpg,131614,2025-08-06T19:35:04,fabe65b73ff3fb9dab0f66923d4f9b29e05e10ed3659bc48e8e550096befe658
/home/rich/Pictures/My buddy Cameron A Sprague -1-001/My buddy Cameron A Sprague /IMG_20200325_174428.jpg,IMG_20200325_174428.jpg,.jpg,491618,2025-08-06T19:35:04,886b1daad32c8c4e6ca5db295bd67756a083bb13b609be446f6797354f344caa
/home/rich/Pictures/My buddy Cameron A Sprague -1-001/My buddy Cameron A Sprague /IMG_20200325_175401.jpg,IMG_20200325_175401.jpg,.jpg,919457,2025-08-06T19:35:04,120a31204c793516c5ea80966ec1169cad301eb69b138c908cf20027b260b554
/home/rich/Pictures/My buddy Cameron A Sprague -1-001/My buddy Cameron A Sprague /IMG_20200325_175638.jpg,IMG_20200325_175638.jpg,.jpg,804770,2025-08-06T19:35:05,8c275661363f419a0fb6208bf91523a2fde62c5e10dd18be1d749aecc63f02d3
/home/rich/Pictures/My buddy Cameron A Sprague -1-001/My buddy Cameron A Sprague /IMG_20200325_175645.jpg,IMG_20200325_175645.jpg,.jpg,951198,2025-08-06T19:35:03,9b581fdef2faf22511d47b58aa8b1e83ad0835dbeb2439173e41f53db55052a2
/home/rich/Pictures/My buddy Cameron A Sprague -1-001/My buddy Cameron A Sprague /IMG_20200325_175651.jpg,IMG_20200325_175651.jpg,.jpg,1068193,2025-08-06T19:35:03,7414833d2926f76099c2394731e0d0e3be37d2f8ce799316e111dc89d0435f0f
/home/rich/Pictures/My buddy Cameron A Sprague -1-001/My buddy Cameron A Sprague /IMG_20200325_175733.jpg,IMG_20200325_175733.jpg,.jpg,933229,2025-08-06T19:35:04,986f9d9fda04d42da541dd6a659adbca9709d0b9b002a508a041e1b04bd54835
/home/rich/Pictures/My buddy Cameron A Sprague -1-001/My buddy Cameron A Sprague /IMG_20200325_180321.jpg,IMG_20200325_180321.jpg,.jpg,548486,2025-08-06T19:35:03,ebc27faa516baedd5bdd25c90ac82cecf0837a85dc92a359b30a6bc04b72a11c
/home/rich/Pictures/My buddy Cameron A Sprague -1-001/My buddy Cameron A Sprague /IMG_20200418_182915.jpg,IMG_20200418_182915.jpg,.jpg,1073875,2025-08-06T19:35:04,28c3de08a764e3861c85414e56b64d2e843b833955b6e408564dd4b01b9ee328
/home/rich/Pictures/My buddy Cameron A Sprague -1-001/My buddy Cameron A Sprague /IMG_20200418_182949.jpg,IMG_20200418_182949.jpg,.jpg,991667,2025-08-06T19:35:03,a152609041a64321462f21b742aaea921c4cb5eae6dfc2d70837cf45e3cc5bd0
/home/rich/Pictures/My buddy Cameron A Sprague -1-001/My buddy Cameron A Sprague /IMG_20200419_110940.jpg,IMG_20200419_110940.jpg,.jpg,391214,2025-08-06T19:35:04,07328484f4d235bbb9dcb63db3f4f1a141215090ec8a7fc04c6fc08748654dad
/home/rich/Pictures/My buddy Cameron A Sprague -1-001/My buddy Cameron A Sprague /IMG_20200419_111016.jpg,IMG_20200419_111016.jpg,.jpg,855223,2025-08-06T19:35:03,096b45270468d6340d1cc5d2132c8d2d48312c1ff6811446dec85083304b1883
/home/rich/Pictures/My buddy Cameron A Sprague -1-001/My buddy Cameron A Sprague /IMG_20200419_111045.jpg,IMG_20200419_111045.jpg,.jpg,952636,2025-08-06T19:35:03,0767fb38cbf7cfd1c95b7a34db581b62e19d1921d93f7703a7acf3957d777a56
/home/rich/Pictures/My buddy Cameron A Sprague -1-001/My buddy Cameron A Sprague /IMG_20200419_111123.jpg,IMG_20200419_111123.jpg,.jpg,886055,2025-08-06T19:35:02,3ecb5c0cd6b27c20c64033e54854acdef65ed3a9adee36348a15d7ce23852634
/home/rich/Pictures/My buddy Cameron A Sprague -1-001/My buddy Cameron A Sprague /IMG_20200419_111159.jpg,IMG_20200419_111159.jpg,.jpg,999164,2025-08-06T19:35:02,377448093111ad8755de4f1fa800aee84e195aca381171d0178f055db4407fde
/home/rich/Pictures/My buddy Cameron A Sprague -1-001/My buddy Cameron A Sprague /IMG_20200419_111221.jpg,IMG_20200419_111221.jpg,.jpg,1042482,2025-08-06T19:35:04,bdfe85c880afcb2a219becadb6bae39781b0502d833027b5168c61db8c44de26
/home/rich/Pictures/My buddy Cameron A Sprague -1-001/My buddy Cameron A Sprague /IMG_20200419_111431.jpg,IMG_20200419_111431.jpg,.jpg,1006440,2025-08-06T19:35:05,5af7284dc6dd9e57ff9a14423a7c93e1f623d97bac4efef13f345d46249b1ff5
/home/rich/Pictures/My buddy Cameron A Sprague -1-001/My buddy Cameron A Sprague /IMG_20200419_124740.jpg,IMG_20200419_124740.jpg,.jpg,969076,2025-08-06T19:35:04,f40ed37b62aacdfa56a4063d29afe711d12fb27d0ce8935db5699e0fbec6ff50
/home/rich/Pictures/My buddy Cameron A Sprague -1-001/My buddy Cameron A Sprague /IMG_20200419_124745.jpg,IMG_20200419_124745.jpg,.jpg,1015294,2025-08-06T19:35:04,a60ae6e1b48ad86cecaa738590c16748ecc9c823089718eb923f24c0194c93a5
/home/rich/Pictures/My princess Aileana M Sprague -1-001/My princess Aileana M Sprague /20200921_113129.jpg,20200921_113129.jpg,.jpg,990229,2025-08-06T19:33:53,f3b04947103156bde1f7c24b985e1fd501fd5bc07a3bf5e730dfa6731d163b91
/home/rich/Pictures/My princess Aileana M Sprague -1-001/My princess Aileana M Sprague /20200921_113130.jpg,20200921_113130.jpg,.jpg,1128131,2025-08-06T19:33:56,a98ffd8d5d074f3b91ef365ed499ac031b77bac5c0009cc8fd251042000ebece
/home/rich/Pictures/My princess Aileana M Sprague -1-001/My princess Aileana M Sprague /20200921_114524_HDR.jpg,20200921_114524_HDR.jpg,.jpg,354545,2025-08-06T19:33:53,f4cfb5f021b31452b24215eea2ad104c24b55a240d3105c82b68e0e4916d1e2f
/home/rich/Pictures/My princess Aileana M Sprague -1-001/My princess Aileana M Sprague /20200921_114528_HDR.jpg,20200921_114528_HDR.jpg,.jpg,335245,2025-08-06T19:33:53,2c82b4bae91bc24794fd975d7938a4b38f5ea795e6dd7d0484fdad0b9cc0ade2
/home/rich/Pictures/My princess Aileana M Sprague -1-001/My princess Aileana M Sprague /20200921_114535_HDR.jpg,20200921_114535_HDR.jpg,.jpg,401793,2025-08-06T19:33:53,87975c9a347d2e0f4e84703259aeeb6996e525c7a0b76dea14f10840fb1de523
/home/rich/Pictures/My princess Aileana M Sprague -1-001/My princess Aileana M Sprague /20200921_114538_HDR.jpg,20200921_114538_HDR.jpg,.jpg,393829,2025-08-06T19:33:53,9d6bff459a85a825177693f9d3a1c227014802459b8fb22f317d98f4ee19aaed
/home/rich/Pictures/My princess Aileana M Sprague -1-001/My princess Aileana M Sprague /20200921_114734_HDR.jpg,20200921_114734_HDR.jpg,.jpg,360740,2025-08-06T19:33:53,d3aa08e4d13ac86a2fa70a06cbd496da2cdcae7c2b5adcc1eca9df2ca067ab60
/home/rich/Pictures/My princess Aileana M Sprague -1-001/My princess Aileana M Sprague /20200924_145300_HDR.jpg,20200924_145300_HDR.jpg,.jpg,1490027,2025-08-06T19:33:53,e922f1047cc77f6aa6c1f4e34997d4102fb7f84488d1aaabe5b562f2041e6232
/home/rich/Pictures/My princess Aileana M Sprague -1-001/My princess Aileana M Sprague /20200924_145350_HDR.jpg,20200924_145350_HDR.jpg,.jpg,896305,2025-08-06T19:33:53,0900562e4f2c178553c9ca52e10e9dd9575bb5407f1abb9c45f141d2fcbeba46
/home/rich/Pictures/My princess Aileana M Sprague -1-001/My princess Aileana M Sprague /20200924_145743_HDR.jpg,20200924_145743_HDR.jpg,.jpg,1718366,2025-08-06T19:33:57,a7fd6d63ca5de567344781e786703900d0e8eed1a74313b6114f53ea25128449
/home/rich/Pictures/My princess Aileana M Sprague -1-001/My princess Aileana M Sprague /20200924_145746_HDR.jpg,20200924_145746_HDR.jpg,.jpg,1623601,2025-08-06T19:33:53,216f99720115cf71523805ec7ba1c97aa8ec9efb20c9f1446dbbaa1633395f45
/home/rich/Pictures/My princess Aileana M Sprague -1-001/My princess Aileana M Sprague /20200924_145747_HDR.jpg,20200924_145747_HDR.jpg,.jpg,1107276,2025-08-06T19:33:53,eb151e50040e57ba8feb56dc147b76f1cd96fdb98e3f97b0716b769e2e7e4d8e
/home/rich/Pictures/My princess Aileana M Sprague -1-001/My princess Aileana M Sprague /20200924_145928_HDR.jpg,20200924_145928_HDR.jpg,.jpg,1283826,2025-08-06T19:33:53,ffd7fb75c5c7ff1e4e5e0cd93ce9b8af7d9492c633741e4cb8d20299af5a50c6
/home/rich/Pictures/My princess Aileana M Sprague -1-001/My princess Aileana M Sprague /20200924_145933_HDR.jpg,20200924_145933_HDR.jpg,.jpg,534351,2025-08-06T19:33:53,6efc1e42a2c2093d230f96eab575e024bd0fd24d555476c7944dedc729a3f903
/home/rich/Pictures/My princess Aileana M Sprague -1-001/My princess Aileana M Sprague /20200924_145939_HDR.jpg,20200924_145939_HDR.jpg,.jpg,647771,2025-08-06T19:33:53,dc0129cdce8ed54df1e88128171401136c2fe7487a0108a73c615ccaa21896e3
/home/rich/Pictures/My princess Aileana M Sprague -1-001/My princess Aileana M Sprague /20200924_145940_HDR.jpg,20200924_145940_HDR.jpg,.jpg,1278216,2025-08-06T19:33:53,840fff4601fb4b49cd097aa3d13a54bc1106b8bcdaf2f3ed700911acfba6b3d6
/home/rich/Pictures/My princess Aileana M Sprague -1-001/My princess Aileana M Sprague /20200924_150414_HDR.jpg,20200924_150414_HDR.jpg,.jpg,496188,2025-08-06T19:33:53,89aad710ab75dbc8fd9a9c2b595717125a3490244b24c11a975301515fe050c5
/home/rich/Pictures/My princess Aileana M Sprague -1-001/My princess Aileana M Sprague /20200924_150415_HDR.jpg,20200924_150415_HDR.jpg,.jpg,489485,2025-08-06T19:33:53,e10b72d4ffbaee326450fb0bc53aaa038a618984ea17a4e01f6aaa508acdde59
/home/rich/Pictures/My princess Aileana M Sprague -1-001/My princess Aileana M Sprague /20200924_150422_HDR.jpg,20200924_150422_HDR.jpg,.jpg,416028,2025-08-06T19:33:56,850191e24ecf11d920dd0c32986f7591b99c79aabc34f15f60a1aa9403e7ee71
/home/rich/Pictures/My princess Aileana M Sprague -1-001/My princess Aileana M Sprague /20200924_150547_HDR.jpg,20200924_150547_HDR.jpg,.jpg,1666005,2025-08-06T19:33:53,ce8a23e9055a874fa3bc0fc2ad2b7b8507a99a110128eb7dc22409e67e5b4cd5
/home/rich/Pictures/My princess Aileana M Sprague -1-001/My princess Aileana M Sprague /20200926_165122_HDR.jpg,20200926_165122_HDR.jpg,.jpg,341217,2025-08-06T19:33:53,b19010b3aa7dd76d010d7484b555efed64c9a07465ec227806aec05cc7bad159
/home/rich/Pictures/My princess Aileana M Sprague -1-001/My princess Aileana M Sprague /20200926_165129_HDR.jpg,20200926_165129_HDR.jpg,.jpg,364273,2025-08-06T19:33:53,c04b03bb32a0475782651fd7dfc1d3b12648eb03b05cf43a06f9995d7f74d7b6
/home/rich/Pictures/My princess Aileana M Sprague -1-001/My princess Aileana M Sprague /20200926_165144_HDR.jpg,20200926_165144_HDR.jpg,.jpg,366792,2025-08-06T19:33:53,b4a8feaac188d43e695be296bfe2ed674d9ff510e26ac4ebcf0bbca2009d150f
/home/rich/Pictures/My princess Aileana M Sprague -1-001/My princess Aileana M Sprague /20200926_165152_HDR.jpg,20200926_165152_HDR.jpg,.jpg,441359,2025-08-06T19:33:53,cb3ff3967cf00ddf9454218d4df6f9fb79d719c53dafa98a261e3e93c4238f69
/home/rich/Pictures/My princess Aileana M Sprague -1-001/My princess Aileana M Sprague /20200927_210305_HDR.jpg,20200927_210305_HDR.jpg,.jpg,441905,2025-08-06T19:33:53,9f8b6dc9462984c065e2ae82f46c8c6eaf8887348c524bae588716d5b82d1942
/home/rich/Pictures/My princess Aileana M Sprague -1-001/My princess Aileana M Sprague /20200927_210315_HDR.jpg,20200927_210315_HDR.jpg,.jpg,350242,2025-08-06T19:33:53,096bb5e4916e51e358a91aac2c842d80fc5ea770e6769b1ae2291720d254ecdf
/home/rich/Pictures/My princess Aileana M Sprague -1-001/My princess Aileana M Sprague /20201003_000955.jpg,20201003_000955.jpg,.jpg,462814,2025-08-06T19:33:53,4944acfd1ab82c957007b085f27eb0f28220a33b04f1adfc605f579eafcc158e
/home/rich/Pictures/My princess Aileana M Sprague -1-001/My princess Aileana M Sprague /20201003_001005.jpg,20201003_001005.jpg,.jpg,410086,2025-08-06T19:33:53,12d271c7773bd01cde630d0383ab3b30910e2b32b1afcce41d8b635c677f5fb3
/home/rich/Pictures/My princess Aileana M Sprague -1-001/My princess Aileana M Sprague /20201003_001018.jpg,20201003_001018.jpg,.jpg,506973,2025-08-06T19:33:57,468720d0c8e0e723aa1534676297defe6176b048a70fdcb4a6d4b34b97e8a8b7
/home/rich/Pictures/My princess Aileana M Sprague -1-001/My princess Aileana M Sprague /20201012_225817.jpg,20201012_225817.jpg,.jpg,409339,2025-08-06T19:33:50,98fddc84a4c45807d1299847fe71fc643f06c38a772b0e0305d5d4ea625443c1
/home/rich/Pictures/My princess Aileana M Sprague -1-001/My princess Aileana M Sprague /20201012_225821.jpg,20201012_225821.jpg,.jpg,504492,2025-08-06T19:33:53,b25cdf12bf2912c888fc3e07241684e63744abe24aef074799fb907dc53a2aa1
/home/rich/Pictures/My princess Aileana M Sprague -1-001/My princess Aileana M Sprague /20201012_225828.jpg,20201012_225828.jpg,.jpg,545453,2025-08-06T19:33:53,4494baea8767026537cdd33a17e18aa058cfe69358cffa6c4ecae9e52bfb2801
/home/rich/Pictures/My princess Aileana M Sprague -1-001/My princess Aileana M Sprague /20201012_225830.jpg,20201012_225830.jpg,.jpg,659184,2025-08-06T19:33:53,10c53b02fd463cdc2f412ed75e915270ffa4f6d90b70f97c7b39a5bd70a827f6
/home/rich/Pictures/My princess Aileana M Sprague -1-001/My princess Aileana M Sprague /20201012_225834.jpg,20201012_225834.jpg,.jpg,551433,2025-08-06T19:33:50,dadf409c4b94f9f763a2116c5ee3a771855f997720b17effa624971e9427cdcf
/home/rich/Pictures/My princess Aileana M Sprague -1-001/My princess Aileana M Sprague /20201012_225839.jpg,20201012_225839.jpg,.jpg,445910,2025-08-06T19:33:50,c10f107331e0bf9fc1d536f706adb542b8d2a7f4b11e376f3d57861c619a1641
/home/rich/Pictures/My princess Aileana M Sprague -1-001/My princess Aileana M Sprague /20201012_225842.jpg,20201012_225842.jpg,.jpg,642262,2025-08-06T19:33:54,076dbb778dff9d44b1182307eb75fc8fbbe4b9132adb816c790010966fcd3d59
/home/rich/Pictures/My princess Aileana M Sprague -1-001/My princess Aileana M Sprague /20201012_225845.jpg,20201012_225845.jpg,.jpg,762733,2025-08-06T19:33:50,e5143263eec4a308661fadb6f0e82ec57b44321abce77295d35fcfd3a4207df4
/home/rich/Pictures/My princess Aileana M Sprague -1-001/My princess Aileana M Sprague /20201012_225855.jpg,20201012_225855.jpg,.jpg,610256,2025-08-06T19:33:50,a6af0c4e5d58c8ac522b3751ef984f431c5af01ccfd120fc1da6a17b90ee3743
/home/rich/Pictures/My princess Aileana M Sprague -1-001/My princess Aileana M Sprague /20201012_225859.jpg,20201012_225859.jpg,.jpg,823376,2025-08-06T19:33:50,de49794bc72034675a0a3efeeab995450e500b0e589dc84d5749922148ba1a66
/home/rich/Pictures/My princess Aileana M Sprague -1-001/My princess Aileana M Sprague /20201012_225936.jpg,20201012_225936.jpg,.jpg,806690,2025-08-06T19:33:50,8e797214461729d39c621cd449ac79099434af69e96e5ec69fefe4bf08e925f1
/home/rich/Pictures/My princess Aileana M Sprague -1-001/My princess Aileana M Sprague /20201012_225941.jpg,20201012_225941.jpg,.jpg,497499,2025-08-06T19:33:50,3ea25acc094f99b015844781de92dd45908b92be33f206b1156edc2c5c9d410a
/home/rich/Pictures/My princess Aileana M Sprague -1-001/My princess Aileana M Sprague /20201012_225945.jpg,20201012_225945.jpg,.jpg,672322,2025-08-06T19:33:50,f3183a631fbfd434d939489f394d3aa65fbaa476eee8c2e1537499430388d0b6
/home/rich/Pictures/My princess Aileana M Sprague -1-001/My princess Aileana M Sprague /20201012_225949.jpg,20201012_225949.jpg,.jpg,514693,2025-08-06T19:33:50,2d0beb74eb1656a15729bea04d4182a3146ba548d031fbc612595173ef270389
/home/rich/Pictures/My princess Aileana M Sprague -1-001/My princess Aileana M Sprague /20201018_143506.jpg,20201018_143506.jpg,.jpg,321273,2025-08-06T19:33:49,4aa4986d7054fae6231125a0d73be50862d6dc6b195992c22a9a887be95b266d
/home/rich/Pictures/My princess Aileana M Sprague -1-001/My princess Aileana M Sprague /20201018_143509.jpg,20201018_143509.jpg,.jpg,221942,2025-08-06T19:33:49,a764f185736109c9415ffa5208b33c200acb025e5dd91d430f1503b233f86142
/home/rich/Pictures/My princess Aileana M Sprague -1-001/My princess Aileana M Sprague /20201018_143511.jpg,20201018_143511.jpg,.jpg,267388,2025-08-06T19:33:57,0439e3392851ea01e51a6cedb91c55cec8dda881a63ec48e408014d32e4a48f4
/home/rich/Pictures/My princess Aileana M Sprague -1-001/My princess Aileana M Sprague /20201018_143514.jpg,20201018_143514.jpg,.jpg,212512,2025-08-06T19:33:49,32666cd444f475a7c590fdc390024142967f62818eb4acc2ec42dcb6ebc74cd5
/home/rich/Pictures/My princess Aileana M Sprague -1-001/My princess Aileana M Sprague /20201018_143529.jpg,20201018_143529.jpg,.jpg,361788,2025-08-06T19:33:49,bf7faf8df3deadbaa2b84c23816cc9928c4d1bbb1ca51e3b5474c862ecd14603
/home/rich/Pictures/My princess Aileana M Sprague -1-001/My princess Aileana M Sprague /20201018_143533.jpg,20201018_143533.jpg,.jpg,335686,2025-08-06T19:34:12,bbb372026e5f477d393e6e6b683205829e23abadc2520e09a85d452e78beb7fa
/home/rich/Pictures/My princess Aileana M Sprague -1-001/My princess Aileana M Sprague /20201018_143537.jpg,20201018_143537.jpg,.jpg,345795,2025-08-06T19:33:50,92a81f9e42e9fc592bc07cea20a093ddc2efb3903e0ef85a00c8078099201a4d
/home/rich/Pictures/My princess Aileana M Sprague -1-001/My princess Aileana M Sprague /20201018_143539.jpg,20201018_143539.jpg,.jpg,345523,2025-08-06T19:33:50,1dc68e7bf1f9f3ade0786c5b0fbd06427cc5b25f638566264b86aa8db4c96d4d
/home/rich/Pictures/My princess Aileana M Sprague -1-001/My princess Aileana M Sprague /20201018_143600.jpg,20201018_143600.jpg,.jpg,293037,2025-08-06T19:33:54,5fa6e3aac75f509d0453dd5f7284e566e57105b79a3da4527585f735f28c5e87
/home/rich/Pictures/My princess Aileana M Sprague -1-001/My princess Aileana M Sprague /20201018_143612.jpg,20201018_143612.jpg,.jpg,288209,2025-08-06T19:33:49,4559a01b4972157f7ba08bb8a1beacceb9b157006ca0a436b1dcf1995a1cd610
/home/rich/Pictures/My princess Aileana M Sprague -1-001/My princess Aileana M Sprague /20201018_143617.jpg,20201018_143617.jpg,.jpg,271775,2025-08-06T19:33:49,fc988f593ffe0e712440abc7046ed09a20a08432b39d76cad513145a63a6c9b6
/home/rich/Pictures/My princess Aileana M Sprague -1-001/My princess Aileana M Sprague /20201018_143625.jpg,20201018_143625.jpg,.jpg,283606,2025-08-06T19:33:53,9877c39597151071536c5b6a358f8e7e30d7f212c468b11fc46b91de58b74e71
/home/rich/Pictures/My princess Aileana M Sprague -1-001/My princess Aileana M Sprague /20201018_143649.jpg,20201018_143649.jpg,.jpg,386507,2025-08-06T19:33:49,3adca766823d52472227dae50118093eb555898da67db2d50d7e3f8bf4d192b7
/home/rich/Pictures/My princess Aileana M Sprague -1-001/My princess Aileana M Sprague /20201018_143655.jpg,20201018_143655.jpg,.jpg,384931,2025-08-06T19:33:49,1289b815265bc504002e4180017e07098a4b64f7931a9b8a0299140cf8628685
/home/rich/Pictures/My princess Aileana M Sprague -1-001/My princess Aileana M Sprague /20201018_143704.jpg,20201018_143704.jpg,.jpg,359204,2025-08-06T19:33:49,490f0f28d61fcdfd0df83ab461ca1c90a19d6e8ca5003a8ad80e305439afb9ab
/home/rich/Pictures/My princess Aileana M Sprague -1-001/My princess Aileana M Sprague /20201018_143714.jpg,20201018_143714.jpg,.jpg,336604,2025-08-06T19:33:49,a244ce4e875136243d9b6f0a7e537b570682b32cfa1795f5b5cf81a015c6e882
/home/rich/Pictures/My princess Aileana M Sprague -1-001/My princess Aileana M Sprague /20201018_143726.jpg,20201018_143726.jpg,.jpg,358013,2025-08-06T19:33:49,1eb73e2d13ebb27b3944eb7b1d986428aac10126d65987324a55320f56457fde
/home/rich/Pictures/My princess Aileana M Sprague -1-001/My princess Aileana M Sprague /20201018_143746.jpg,20201018_143746.jpg,.jpg,368872,2025-08-06T19:33:49,e4352fa9bd8812f867b303c27962dc4ef0603ff60a2c4b0e2cf6fde3e2f00d88
/home/rich/Pictures/My princess Aileana M Sprague -1-001/My princess Aileana M Sprague /20201018_143813.jpg,20201018_143813.jpg,.jpg,361762,2025-08-06T19:33:50,d85ead7454de0ba7b4d89d21cbe9d4bab1200088b1078686e8b89ee33d717216
/home/rich/Pictures/My princess Aileana M Sprague -1-001/My princess Aileana M Sprague /20201018_143824.jpg,20201018_143824.jpg,.jpg,376202,2025-08-06T19:33:49,2ec693590967d2d9516ebd18f3fc95da7c864773f9f4afe1674843ffc5b043f5
/home/rich/Pictures/My princess Aileana M Sprague -1-001/My princess Aileana M Sprague /20201018_143826.jpg,20201018_143826.jpg,.jpg,386202,2025-08-06T19:33:49,986d34ad632de2f45b54015c37144ad4584dcf13becb895d3e31987797592440
/home/rich/Pictures/My princess Aileana M Sprague -1-001/My princess Aileana M Sprague /20201018_143828.jpg,20201018_143828.jpg,.jpg,386226,2025-08-06T19:33:49,6420377fe13d61d9a64c5d8ff0fdc3dcab062c6d23e926a92c97e64b5103790f
/home/rich/Pictures/My princess Aileana M Sprague -1-001/My princess Aileana M Sprague /20201018_143901.jpg,20201018_143901.jpg,.jpg,411139,2025-08-06T19:33:49,5ecb76325c6829e6d998da11ba6212e00644aa65d8597619b84627f421270c88
/home/rich/Pictures/My princess Aileana M Sprague -1-001/My princess Aileana M Sprague /20201018_143951.jpg,20201018_143951.jpg,.jpg,322169,2025-08-06T19:33:49,58d6ab95e28d755a5a18dfb3b814efbec4e5505784e4d1dd49cd5055b134b5e4
/home/rich/Pictures/My princess Aileana M Sprague -1-001/My princess Aileana M Sprague /20201018_143953.jpg,20201018_143953.jpg,.jpg,393370,2025-08-06T19:33:49,004f1cf8fba01df3bed30e310e80c1098a70bf77a176aea10ca3d2770bf3ef19
/home/rich/Pictures/My princess Aileana M Sprague -1-001/My princess Aileana M Sprague /20201018_144006.jpg,20201018_144006.jpg,.jpg,420270,2025-08-06T19:33:49,b13f627307888c6b73c79c1d96231608420d67ddaad2f3f3b38c8eae14bb667a
/home/rich/Pictures/My princess Aileana M Sprague -1-001/My princess Aileana M Sprague /20201018_224228.jpg,20201018_224228.jpg,.jpg,49761,2025-08-06T19:33:49,34f395a968aa7bdcd1765a530d29166ab2f80b84fb07352041051f02e8f33686
/home/rich/Pictures/My princess Aileana M Sprague -1-001/My princess Aileana M Sprague /20201106_160229.jpg,20201106_160229.jpg,.jpg,84975,2025-08-06T19:33:49,a12ccd6a02d493381f0a555647d3ab7638f7b5455327bf96109036540a168953
/home/rich/Pictures/My princess Aileana M Sprague -1-001/My princess Aileana M Sprague /20201106_160231.jpg,20201106_160231.jpg,.jpg,73811,2025-08-06T19:33:48,75c06619f67978a14fa46d0da757e0d87a0dcf7ec3d86b535fcb25cb39ac4709
/home/rich/Pictures/My princess Aileana M Sprague -1-001/My princess Aileana M Sprague /20201106_160243.jpg,20201106_160243.jpg,.jpg,76263,2025-08-06T19:33:49,790d5f64cb9458e5c5d905fc1bfd4ff10acb5fed2001a97dea8b530af0d40651
/home/rich/Pictures/My princess Aileana M Sprague -1-001/My princess Aileana M Sprague /20201106_160251.jpg,20201106_160251.jpg,.jpg,162119,2025-08-06T19:33:50,4cb0f6b10762b0ad0144c83cd27202f3d1569d969a84e024095811e7a6322e36
/home/rich/Pictures/My princess Aileana M Sprague -1-001/My princess Aileana M Sprague /20201106_160321.jpg,20201106_160321.jpg,.jpg,42049,2025-08-06T19:33:48,aa3cafd58028d44570e169e17f85469f5dc611a0e80bebf7989e42496e45cad7
/home/rich/Pictures/My princess Aileana M Sprague -1-001/My princess Aileana M Sprague /20201106_160323.jpg,20201106_160323.jpg,.jpg,60415,2025-08-06T19:33:50,d0676c181f8b4d89b72d9e7781e2e20810ac1825c8ac19e007e91fa3141ad542
/home/rich/Pictures/My princess Aileana M Sprague -1-001/My princess Aileana M Sprague /20201106_160335.jpg,20201106_160335.jpg,.jpg,37744,2025-08-06T19:33:48,5b7ae3a732267038786775f35043ca42c35a797f7bfefc47ba7fec757f8ab82c
/home/rich/Pictures/My princess Aileana M Sprague -1-001/My princess Aileana M Sprague /20201106_160350.jpg,20201106_160350.jpg,.jpg,53135,2025-08-06T19:33:56,ad43b64ebbd8b89484c6e469b0f7b959e0acae3411688e67f93d9d2606c72a8d
/home/rich/Pictures/My princess Aileana M Sprague -1-001/My princess Aileana M Sprague /20201106_160354.jpg,20201106_160354.jpg,.jpg,110526,2025-08-06T19:33:48,6a0a92b800b7683e2327ee0f088555796c3dfc10f00548e82e24b42b885a4126
/home/rich/Pictures/My princess Aileana M Sprague -1-001/My princess Aileana M Sprague /20201106_160356.jpg,20201106_160356.jpg,.jpg,164083,2025-08-06T19:33:49,093d63337a67cc6035c49848401a80b7f01666f13bdc7dc18d5e0f39d49cca87
/home/rich/Pictures/My princess Aileana M Sprague -1-001/My princess Aileana M Sprague /20201106_160412.jpg,20201106_160412.jpg,.jpg,172711,2025-08-06T19:33:48,40218d342ce10f6e934a61f6cca5c6f350d16e212c55511ffcbccf4d14cae2aa
/home/rich/Pictures/My princess Aileana M Sprague -1-001/My princess Aileana M Sprague /20201106_160419.jpg,20201106_160419.jpg,.jpg,62997,2025-08-06T19:33:48,e7182e9cfd4c200a49d35a6896eed93233fe5f6518222e4e7910d141f7d6660f
/home/rich/Pictures/My princess Aileana M Sprague -1-001/My princess Aileana M Sprague /20201106_160437.jpg,20201106_160437.jpg,.jpg,172152,2025-08-06T19:33:48,269a98d72a9d7697831651e16e3f9c58470ca3ef69bf7ef52ddc213fbce91b5d
/home/rich/Pictures/My princess Aileana M Sprague -1-001/My princess Aileana M Sprague /20201106_160454.jpg,20201106_160454.jpg,.jpg,63470,2025-08-06T19:33:48,0a76f1e430c5bed356138086bd48f51483e918e3763011a33a2841b91f0fb50b
/home/rich/Pictures/My princess Aileana M Sprague -1-001/My princess Aileana M Sprague /20201106_160457.jpg,20201106_160457.jpg,.jpg,167954,2025-08-06T19:33:48,a76eedbd0250cd5f867cc734a0a3c6c004496f1b42cc326e187428cff4f61a7c
/home/rich/Pictures/My princess Aileana M Sprague -1-001/My princess Aileana M Sprague /20201106_160458.jpg,20201106_160458.jpg,.jpg,193361,2025-08-06T19:33:48,9ed461b52635612970b82ed6c460e67351e750c32ae9c310268cc999462dc5e4
/home/rich/Pictures/My princess Aileana M Sprague -1-001/My princess Aileana M Sprague /20201106_160955.jpg,20201106_160955.jpg,.jpg,48539,2025-08-06T19:33:48,8f35691ebe68a513a6b94b65aa95d5693abe59ab6e81ad1b82174df60b941847
/home/rich/Pictures/My princess Aileana M Sprague -1-001/My princess Aileana M Sprague /20201106_161006.jpg,20201106_161006.jpg,.jpg,56509,2025-08-06T19:33:50,51964f08bdb49082d082392fb8273eb791d22ea86fd43c216463473982940266
/home/rich/Pictures/My princess Aileana M Sprague -1-001/My princess Aileana M Sprague /20201106_161008.jpg,20201106_161008.jpg,.jpg,66373,2025-08-06T19:33:48,4f28c46af0b7c406342ac5359d56111a3f7e7340af00f80623fb2fba752026ab
/home/rich/Pictures/My princess Aileana M Sprague -1-001/My princess Aileana M Sprague /20201106_161046.jpg,20201106_161046.jpg,.jpg,51105,2025-08-06T19:33:48,8fe18fb42eace75c212f470db00b9833588806dde078aa5056d5f6f54c79107b
/home/rich/Pictures/My princess Aileana M Sprague -1-001/My princess Aileana M Sprague /20201106_161212.jpg,20201106_161212.jpg,.jpg,56684,2025-08-06T19:33:49,926978c0244594863770e33a3c6d3e34322489ba206099a3499faad5ee22ed94
/home/rich/Pictures/My princess Aileana M Sprague -1-001/My princess Aileana M Sprague /20201106_161214.jpg,20201106_161214.jpg,.jpg,64890,2025-08-06T19:33:48,8188e74592c7b786a86b663ede208035a91815334907e7e5d7abfba3d7371ee0
/home/rich/Pictures/My princess Aileana M Sprague -1-001/My princess Aileana M Sprague /20201106_161216.jpg,20201106_161216.jpg,.jpg,66434,2025-08-06T19:33:53,fe97786c3054f5ee300363bb78f9154c76125daa631512387cb44e423f530a88
/home/rich/Pictures/My princess Aileana M Sprague -1-001/My princess Aileana M Sprague /20201106_161217.jpg,20201106_161217.jpg,.jpg,54419,2025-08-06T19:33:48,16b7ac316d5c628cb811625741530a835c362fcab7a777ae8764dd2d1b16d73d
/home/rich/Pictures/My princess Aileana M Sprague -1-001/My princess Aileana M Sprague /20210108_182545.jpg,20210108_182545.jpg,.jpg,449322,2025-08-06T19:33:48,d707b5ea043c90520965c0381195b71d6857124f898aa7d84b8aee85da4df8d4
/home/rich/Pictures/My princess Aileana M Sprague -1-001/My princess Aileana M Sprague /20210108_182554.jpg,20210108_182554.jpg,.jpg,273417,2025-08-06T19:33:48,822e8427737e916bbf91b16c1e1cfb3019de76f5957376402898d0fafa90a8cf
/home/rich/Pictures/My princess Aileana M Sprague -1-001/My princess Aileana M Sprague /20210108_182604.jpg,20210108_182604.jpg,.jpg,431770,2025-08-06T19:33:48,c0a4e56c5d6e642b73978f2ee0620580f891dc9510f6fbf8ec920075682c398b
/home/rich/Pictures/My princess Aileana M Sprague -1-001/My princess Aileana M Sprague /20210108_182610.jpg,20210108_182610.jpg,.jpg,367092,2025-08-06T19:33:48,7c523458c4a8610e67eb0b4179a4abfa4d7ca02c823b6b3db6486daab1cdcca9
/home/rich/Pictures/My princess Aileana M Sprague -1-001/My princess Aileana M Sprague /20210108_182714.jpg,20210108_182714.jpg,.jpg,328389,2025-08-06T19:33:48,6759c05f869b09e432f3504f595c8e77c742b74e6729f365395bc90429ccc6dd
/home/rich/Pictures/My princess Aileana M Sprague -1-001/My princess Aileana M Sprague /20210108_182739.jpg,20210108_182739.jpg,.jpg,359610,2025-08-06T19:33:48,ddb38a92c3ede8a9d529f493c484a15dbd181e15784b3cf8f97e7cadc0aabe1f
/home/rich/Pictures/My princess Aileana M Sprague -1-001/My princess Aileana M Sprague /20210108_182748.jpg,20210108_182748.jpg,.jpg,409538,2025-08-06T19:33:48,83df959aeee4169ac18d590d46ae63973c7c075e6ae800f4210453bd115d673a
/home/rich/Pictures/My princess Aileana M Sprague -1-001/My princess Aileana M Sprague /20210108_182753.jpg,20210108_182753.jpg,.jpg,366512,2025-08-06T19:33:48,f4b468f085929976187742b047e858058b3ad1faf84333859bfc81ad2b3851db
/home/rich/Pictures/My princess Aileana M Sprague -1-001/My princess Aileana M Sprague /20210109_180444.jpg,20210109_180444.jpg,.jpg,540394,2025-08-06T19:34:12,23f79008f050f79e8adf35c0317c3381dbc56bb73a19302d7113aa353816772d
/home/rich/Pictures/My princess Aileana M Sprague -1-001/My princess Aileana M Sprague /20210109_180453.jpg,20210109_180453.jpg,.jpg,497261,2025-08-06T19:34:03,6ceec1f5dd621227dc306e24b2f0f4e123b2496f37209dbc1e74febb03cfb3ff
/home/rich/Pictures/My princess Aileana M Sprague -1-001/My princess Aileana M Sprague /20210109_180511.jpg,20210109_180511.jpg,.jpg,422316,2025-08-06T19:33:48,a8b18119f20583a23e367c15c1e386682ac98f572c801c408bfff5d72fbceda4
/home/rich/Pictures/My princess Aileana M Sprague -1-001/My princess Aileana M Sprague /20210109_180517.jpg,20210109_180517.jpg,.jpg,576866,2025-08-06T19:33:53,65fc6c9517cbdc841f0eebb91bbaaf17bad1e1ce69833db9aa108dfb2bf80e1a
/home/rich/Pictures/My princess Aileana M Sprague -1-001/My princess Aileana M Sprague /20210109_180522.jpg,20210109_180522.jpg,.jpg,420994,2025-08-06T19:33:53,65fe79cdb91ceb4c5b6f8d7bae3a0f756632932aa3a48a21e0fbb704ca9f54d8
/home/rich/Pictures/My princess Aileana M Sprague -1-001/My princess Aileana M Sprague /20210110_004434.jpg,20210110_004434.jpg,.jpg,250053,2025-08-06T19:33:48,a1b735e4e9ce361b830137c4d0119ca297564aa350489af28c0cfc228b8103c5
/home/rich/Pictures/My princess Aileana M Sprague -1-001/My princess Aileana M Sprague /20210110_004437.jpg,20210110_004437.jpg,.jpg,300093,2025-08-06T19:33:49,fc3100bb1d01131f4824385ddbfe9705ae7fede61c42df205a83f459e3487526
/home/rich/Pictures/My princess Aileana M Sprague -1-001/My princess Aileana M Sprague /20210110_004443.jpg,20210110_004443.jpg,.jpg,371428,2025-08-06T19:33:48,834443d58037119e0d35267197bc59088d25c5f86ca9db25d3c8b5fbe34ce98e
/home/rich/Pictures/My princess Aileana M Sprague -1-001/My princess Aileana M Sprague /20210110_004447.jpg,20210110_004447.jpg,.jpg,262584,2025-08-06T19:33:48,9aa7dadbcc4728c5fd36cdc82b99b71063ef10099906ef6a418980dc15919e6f
/home/rich/Pictures/My princess Aileana M Sprague -1-001/My princess Aileana M Sprague /20210110_004506.jpg,20210110_004506.jpg,.jpg,240575,2025-08-06T19:33:48,241cb9030150b26526e653c75739c57f16b03bd71529850f75f7a19803558e0d
/home/rich/Pictures/My princess Aileana M Sprague -1-001/My princess Aileana M Sprague /20210110_004514.jpg,20210110_004514.jpg,.jpg,264427,2025-08-06T19:33:48,0f2621bbced1156af25a10c50c1680ee62d334655c48cc74589c53caac8ba5e0
/home/rich/Pictures/My princess Aileana M Sprague -1-001/My princess Aileana M Sprague /20210110_122610.jpg,20210110_122610.jpg,.jpg,331138,2025-08-06T19:33:48,3b3c7623147f841274c97f16e5c393f30283b4dc7c128ae399c8fbb266726ef8
/home/rich/Pictures/My princess Aileana M Sprague -1-001/My princess Aileana M Sprague /20210110_122613.jpg,20210110_122613.jpg,.jpg,384045,2025-08-06T19:33:48,78de50467f9ddb172e96f8ec52621165ed3e109786ef77dccb410387a2f76335
/home/rich/Pictures/My princess Aileana M Sprague -1-001/My princess Aileana M Sprague /20210111_141549.jpg,20210111_141549.jpg,.jpg,654334,2025-08-06T19:33:48,c41c093736c8e887ac94e6ddef11d53141ee6e76ce0e2b3bda87d6ea4863cac0
/home/rich/Pictures/My princess Aileana M Sprague -1-001/My princess Aileana M Sprague /20210111_170658.jpg,20210111_170658.jpg,.jpg,411943,2025-08-06T19:33:48,f91954bb6387926c3fe1caddd90cebc0c9a899003be603f03f67850b2255b2d1
/home/rich/Pictures/My princess Aileana M Sprague -1-001/My princess Aileana M Sprague /20210111_171237.jpg,20210111_171237.jpg,.jpg,300902,2025-08-06T19:33:53,cd137259dff3392c78f3305326a89b829026376a342303c972d91c2c216bda86
/home/rich/Pictures/My princess Aileana M Sprague -1-001/My princess Aileana M Sprague /20210111_171244.jpg,20210111_171244.jpg,.jpg,335000,2025-08-06T19:33:49,c402eaeed75ddd9b91c4f8a87340731403a6ff322c4d550ac10706838dabe37b
/home/rich/Pictures/My princess Aileana M Sprague -1-001/My princess Aileana M Sprague /20210112_010753.jpg,20210112_010753.jpg,.jpg,252071,2025-08-06T19:33:47,9fa3c0db0122c48af0df1a4fab3815d876b685ced59eaa4fec2c32d1f84099fd
/home/rich/Pictures/My princess Aileana M Sprague -1-001/My princess Aileana M Sprague /20210112_010756.jpg,20210112_010756.jpg,.jpg,272074,2025-08-06T19:33:47,34fecba9e212962790117277b152509adf3b722f715d3f8897942e848e47aae2
/home/rich/Pictures/My princess Aileana M Sprague -1-001/My princess Aileana M Sprague /20210112_010758.jpg,20210112_010758.jpg,.jpg,246236,2025-08-06T19:33:47,22f60b6214c3112c312c1be6959435c3ed7a66acbf90c8bd2e636c888bdfcdef
/home/rich/Pictures/My princess Aileana M Sprague -1-001/My princess Aileana M Sprague /20210112_010803.jpg,20210112_010803.jpg,.jpg,276732,2025-08-06T19:33:48,160aa3d5dfdf0a8cd2364479be39df92d9ba9a43048472bc215c9ef4606f6948
/home/rich/Pictures/My princess Aileana M Sprague -1-001/My princess Aileana M Sprague /20210112_144839.jpg,20210112_144839.jpg,.jpg,594484,2025-08-06T19:33:50,07a15f8bf3754112ab70d7f00c66bca10c7638373a1ea2e54be585fe15426485
/home/rich/Pictures/My princess Aileana M Sprague -1-001/My princess Aileana M Sprague /20210112_144858.jpg,20210112_144858.jpg,.jpg,273887,2025-08-06T19:33:48,801bd2948c558e9227311d1a78709015b1f01cd7c9798fe3c0239c1f3e931ccd
/home/rich/Pictures/My princess Aileana M Sprague -1-001/My princess Aileana M Sprague /20210112_144901.jpg,20210112_144901.jpg,.jpg,353435,2025-08-06T19:33:48,9d0410d276142f2a396855f5405c621bf85e21bc81d4d16b77dcc41a5f92276d
/home/rich/Pictures/My princess Aileana M Sprague -1-001/My princess Aileana M Sprague /20210112_144914.jpg,20210112_144914.jpg,.jpg,639693,2025-08-06T19:33:45,6041608ca5aee7591632bbf2c33547d4c5f0107c8324cefe5d8a4808bd47a2aa
/home/rich/Pictures/My princess Aileana M Sprague -1-001/My princess Aileana M Sprague /20210112_145413.jpg,20210112_145413.jpg,.jpg,672594,2025-08-06T19:33:45,fe7c8f6ad89ead90bb4bf04e1043e3378751636442b3666516cc00fdbaeebec4
/home/rich/Pictures/My princess Aileana M Sprague -1-001/My princess Aileana M Sprague /20210112_145418.jpg,20210112_145418.jpg,.jpg,330534,2025-08-06T19:33:48,e138eb814eec24c4c4eb3dbaacd407fcb945bd8c4ab2ff80965cc6da107005d5
/home/rich/Pictures/My princess Aileana M Sprague -1-001/My princess Aileana M Sprague /20210112_145447.jpg,20210112_145447.jpg,.jpg,1103107,2025-08-06T19:33:45,96e58deaeeb9d18e6b97400cda3a12c0bb175bb92602380cdbee830858a14e21
/home/rich/Pictures/My princess Aileana M Sprague -1-001/My princess Aileana M Sprague /20210112_145451.jpg,20210112_145451.jpg,.jpg,468138,2025-08-06T19:33:48,2a4564c850ce4f458c3cc47058ff5d57057f2ebb009510221a6e18b6d4b5aefa
/home/rich/Pictures/My princess Aileana M Sprague -1-001/My princess Aileana M Sprague /20210112_152347.jpg,20210112_152347.jpg,.jpg,384158,2025-08-06T19:33:47,45db515e94c398196123aae76522da6df6c27b05278151b3f4f90a32c8ce7d5b
/home/rich/Pictures/My princess Aileana M Sprague -1-001/My princess Aileana M Sprague /20210112_152358.jpg,20210112_152358.jpg,.jpg,313346,2025-08-06T19:33:45,cc8feaacfb0ab835c9b513f7725531865e3aa8be6ad71fb563ad9675cbf34071
/home/rich/Pictures/My princess Aileana M Sprague -1-001/My princess Aileana M Sprague /20210112_152404.jpg,20210112_152404.jpg,.jpg,420315,2025-08-06T19:33:48,60bd4fe4014570db6f9bf8be965bc3f5548b0ed94d5eb18ecab98b6a7f1598d7
/home/rich/Pictures/My princess Aileana M Sprague -1-001/My princess Aileana M Sprague /20210112_153516.jpg,20210112_153516.jpg,.jpg,621180,2025-08-06T19:33:53,c97afa5a218c8cafc50dbd71d759e5244bf5d9c52bad5ad483be8fd45d4c53e9
/home/rich/Pictures/My princess Aileana M Sprague -1-001/My princess Aileana M Sprague /20210112_235000.jpg,20210112_235000.jpg,.jpg,429732,2025-08-06T19:33:45,b8ed50d03d3ff2268c54e8546c3e6ea860b7679cd1c4d32e6498ffec72973247
/home/rich/Pictures/My princess Aileana M Sprague -1-001/My princess Aileana M Sprague /20210112_235006.jpg,20210112_235006.jpg,.jpg,541221,2025-08-06T19:33:47,7c9b6fb84b9def393535a445e5f89405f587920c9b2831b1e7236a7187e57449
/home/rich/Pictures/My princess Aileana M Sprague -1-001/My princess Aileana M Sprague /20210112_235012.jpg,20210112_235012.jpg,.jpg,403742,2025-08-06T19:33:45,05423e9365393fae0014a92dbe884dc34887d0e6da352537426fb9eb58e1da2d
/home/rich/Pictures/My princess Aileana M Sprague -1-001/My princess Aileana M Sprague /20210112_235021.jpg,20210112_235021.jpg,.jpg,413640,2025-08-06T19:33:47,aea21e52995cad1b90c3f3cd3154d53da680fd48252ef89627f8a8ad8b7f2455
/home/rich/Pictures/My princess Aileana M Sprague -1-001/My princess Aileana M Sprague /20210114_000132.jpg,20210114_000132.jpg,.jpg,422363,2025-08-06T19:33:45,e1adbff515c97402801ad004183e1e877cd8e6389ae8f1dbe9cf271bf10c7192
/home/rich/Pictures/My princess Aileana M Sprague -1-001/My princess Aileana M Sprague /20210114_000137.jpg,20210114_000137.jpg,.jpg,415551,2025-08-06T19:33:47,63e22d61884cdbcb336bd237f77c8d93a89a7cd5d23fa94facc27cfdca50b1ec
/home/rich/Pictures/My princess Aileana M Sprague -1-001/My princess Aileana M Sprague /20210114_000141.jpg,20210114_000141.jpg,.jpg,520810,2025-08-06T19:33:42,e9af45ca33ca149a0dfa8d8a611ff8455348f64d0c72717d4b89b70bb4f690b6
/home/rich/Pictures/My princess Aileana M Sprague -1-001/My princess Aileana M Sprague /20210114_000145.jpg,20210114_000145.jpg,.jpg,425706,2025-08-06T19:33:43,86536c172ce3c545741c5e7d1c9ddb3147c3128023cec2545fb001e2bd9246fb
/home/rich/Pictures/My princess Aileana M Sprague -1-001/My princess Aileana M Sprague /20210114_000150.jpg,20210114_000150.jpg,.jpg,447277,2025-08-06T19:33:42,535ea9ad448b3a15b1b2e606a7422c3e4e0aff024c62bf2d385b8ced90b1f102
/home/rich/Pictures/My princess Aileana M Sprague -1-001/My princess Aileana M Sprague /20210114_000154.jpg,20210114_000154.jpg,.jpg,412403,2025-08-06T19:33:42,66ad67ff03acc9860b5025941442c0d9fb98c3b3025b6bc2d09139a00f7856b9
/home/rich/Pictures/My princess Aileana M Sprague -1-001/My princess Aileana M Sprague /20210114_000201.jpg,20210114_000201.jpg,.jpg,372536,2025-08-06T19:33:48,3dedf34b3897cacdb253acfd77766ddbeb13ff5cacf80721abedee5e6e4118de
/home/rich/Pictures/My princess Aileana M Sprague -1-001/My princess Aileana M Sprague /20210114_000227.jpg,20210114_000227.jpg,.jpg,372102,2025-08-06T19:33:48,e64f47fd18e2b3c8636b0d503107c48ee5f511d0969c24812f2fe8336e1c49a9
/home/rich/Pictures/My princess Aileana M Sprague -1-001/My princess Aileana M Sprague /20210114_000233.jpg,20210114_000233.jpg,.jpg,681721,2025-08-06T19:33:42,fff5004f47e1586d98f41f9756b74e6a73077c0d2c7c355b0287f9ceceacd091
/home/rich/Pictures/My princess Aileana M Sprague -1-001/My princess Aileana M Sprague /20210114_000237.jpg,20210114_000237.jpg,.jpg,652077,2025-08-06T19:33:42,0c654608c82f836696cc41e4b74151cece8b1f460832c62b793dc874b7a57e03
/home/rich/Pictures/My princess Aileana M Sprague -1-001/My princess Aileana M Sprague /20210114_000413.jpg,20210114_000413.jpg,.jpg,522147,2025-08-06T19:33:42,887b8f59cc4d38481cf7ce96d2c934bab738a89fb5fa3a9c735c5260071cdb93
/home/rich/Pictures/My princess Aileana M Sprague -1-001/My princess Aileana M Sprague /20210114_000422.jpg,20210114_000422.jpg,.jpg,575317,2025-08-06T19:33:42,05fb1bfc27815f1088722b01d8b87fd9fb4704ea33de9ec35a37e53149a1baae
/home/rich/Pictures/My princess Aileana M Sprague -1-001/My princess Aileana M Sprague /20210114_124501.jpg,20210114_124501.jpg,.jpg,461264,2025-08-06T19:33:42,dde25bcd5994306db462f3213a10db86a4331ddad234dc07db3892ef8c11f0ca
/home/rich/Pictures/My princess Aileana M Sprague -1-001/My princess Aileana M Sprague /20210114_124508.jpg,20210114_124508.jpg,.jpg,316349,2025-08-06T19:33:48,13b86ebea573276539b8255e73b0f00b7648742da58dd2b07bfbe27316463eb9
/home/rich/Pictures/My princess Aileana M Sprague -1-001/My princess Aileana M Sprague /20210114_124535.jpg,20210114_124535.jpg,.jpg,342950,2025-08-06T19:33:44,fc9b4f58db938768d214d73516c366066df81e51ab0184c5ed538940348d2397
/home/rich/Pictures/My princess Aileana M Sprague -1-001/My princess Aileana M Sprague /20210116_004159.jpg,20210116_004159.jpg,.jpg,232359,2025-08-06T19:33:44,2c0f06d06514fe6e49825d04da357ad4ef39ebd2ce53f281ba310af4de0158a8
/home/rich/Pictures/My princess Aileana M Sprague -1-001/My princess Aileana M Sprague /20210116_004202.jpg,20210116_004202.jpg,.jpg,260464,2025-08-06T19:33:45,78d14e44f6c01aa8e712fc24643ef04dff7afe74bc98bd86a3c52cf7103b83d1
/home/rich/Pictures/My princess Aileana M Sprague -1-001/My princess Aileana M Sprague /20210116_004224.jpg,20210116_004224.jpg,.jpg,176059,2025-08-06T19:33:43,863ae05f14488798ff6c5727664e44b73dbc90cf67214411d47662fe1249f093
/home/rich/Pictures/My princess Aileana M Sprague -1-001/My princess Aileana M Sprague /20210116_004229.jpg,20210116_004229.jpg,.jpg,204501,2025-08-06T19:33:44,523a01010628dfa8e88881948df0dda26c713218cda7de596b1764906e81859c
/home/rich/Pictures/My princess Aileana M Sprague -1-001/My princess Aileana M Sprague /20210116_141643.jpg,20210116_141643.jpg,.jpg,174100,2025-08-06T19:33:44,d4d3ca744d9c6c21275634c9a32cff64a9cd0ee314d8a4eb48590354f77690f3
/home/rich/Pictures/My princess Aileana M Sprague -1-001/My princess Aileana M Sprague /20210116_141648.jpg,20210116_141648.jpg,.jpg,168746,2025-08-06T19:33:44,d7f4b2a598802f2760a5248ea4edbb7f30d45c082e4004d25e67206c2b7c7f49
/home/rich/Pictures/My princess Aileana M Sprague -1-001/My princess Aileana M Sprague /20210116_141652.jpg,20210116_141652.jpg,.jpg,205578,2025-08-06T19:33:44,871d792acb022b0db32b6f07c8172916a3e6fa90358a3ddd3dadf419a36674d4
/home/rich/Pictures/My princess Aileana M Sprague -1-001/My princess Aileana M Sprague /20210116_141659.jpg,20210116_141659.jpg,.jpg,161860,2025-08-06T19:33:48,834234b18d2240d0c00157a266bac787d23f5ed984b0c104379d1ef3d7ef0f10
/home/rich/Pictures/My princess Aileana M Sprague -1-001/My princess Aileana M Sprague /20210116_141703.jpg,20210116_141703.jpg,.jpg,154552,2025-08-06T19:33:42,3612648e7348622b11c5ff8fba2320fab691a1c1d627d339f66ab39f631566b9
/home/rich/Pictures/My princess Aileana M Sprague -1-001/My princess Aileana M Sprague /20210116_141706.jpg,20210116_141706.jpg,.jpg,144500,2025-08-06T19:33:48,2dc74edf606b4e89f670ecbc36926cdae7f222be48efb7118b6f79ed46683c74
/home/rich/Pictures/My princess Aileana M Sprague -1-001/My princess Aileana M Sprague /20210116_141716.jpg,20210116_141716.jpg,.jpg,151022,2025-08-06T19:33:43,7711f9e52d29f370c154ec00c5407ff609063d5eaa3b1b6f4fd15f9d580ba5ce
/home/rich/Pictures/My princess Aileana M Sprague -1-001/My princess Aileana M Sprague /20210116_141723.jpg,20210116_141723.jpg,.jpg,209117,2025-08-06T19:33:43,c591908dddbb88bc0692afcbdd51a79cff75d74c108cc41ced014c875e5ad79a
/home/rich/Pictures/My princess Aileana M Sprague -1-001/My princess Aileana M Sprague /20210116_141728.jpg,20210116_141728.jpg,.jpg,132238,2025-08-06T19:33:43,a83ba844931a1918cf7a5f6df82dad3695f611db534fb0de2e43158d48445829
/home/rich/Pictures/My princess Aileana M Sprague -1-001/My princess Aileana M Sprague /20210116_141731.jpg,20210116_141731.jpg,.jpg,120151,2025-08-06T19:33:44,7a3f2df83704893e91f0b641507331f2e8638ef338da12f01ef3215f2b418317
/home/rich/Pictures/My princess Aileana M Sprague -1-001/My princess Aileana M Sprague /20210116_141735.jpg,20210116_141735.jpg,.jpg,136615,2025-08-06T19:33:43,1d9ebf788ce6ec0ff007a745e9e102784528276834366983575cd7b00553d07b
/home/rich/Pictures/My princess Aileana M Sprague -1-001/My princess Aileana M Sprague /20210116_142213.jpg,20210116_142213.jpg,.jpg,443013,2025-08-06T19:33:43,9a378763fa9340e069f9499858f58dfdac494c0ff7a273bc6ac2e1cb840762e2
/home/rich/Pictures/My princess Aileana M Sprague -1-001/My princess Aileana M Sprague /20210116_143022.jpg,20210116_143022.jpg,.jpg,663026,2025-08-06T19:33:44,b51bfd9bfee6ad3a0886d01ebb465a1dd02bc6ebb9188d4d1c6dee3647282c24
/home/rich/Pictures/My princess Aileana M Sprague -1-001/My princess Aileana M Sprague /20210116_144207.jpg,20210116_144207.jpg,.jpg,124652,2025-08-06T19:33:53,7495fb945624f968c6767aa5c56b9aaeaaf3f8930dd9286061b9f3c7c842ff04
/home/rich/Pictures/My princess Aileana M Sprague -1-001/My princess Aileana M Sprague /20210116_144301.jpg,20210116_144301.jpg,.jpg,184852,2025-08-06T19:33:44,b623b39d02f60f2bf18200bcb2333e48f6a6b50ef1309baa2182933392b9abac
/home/rich/Pictures/My princess Aileana M Sprague -1-001/My princess Aileana M Sprague /20210116_144311.jpg,20210116_144311.jpg,.jpg,213463,2025-08-06T19:33:53,f257b6a0cb755084c04ded917496ba52be0010485a5875ec9342e4bae4bc1051
/home/rich/Pictures/My princess Aileana M Sprague -1-001/My princess Aileana M Sprague /20210116_144327.jpg,20210116_144327.jpg,.jpg,188347,2025-08-06T19:33:44,31e2462ed95457aa4c9c369a06b2b0c0d5a546c2768a120b79b8bfd5c9c9af53
/home/rich/Pictures/My princess Aileana M Sprague -1-001/My princess Aileana M Sprague /20210116_144330.jpg,20210116_144330.jpg,.jpg,232841,2025-08-06T19:33:45,b462a1572393ef7da73a504190e67716c057349f16bf1a516b9eeff42652bae7
/home/rich/Pictures/My princess Aileana M Sprague -1-001/My princess Aileana M Sprague /20210116_150214.jpg,20210116_150214.jpg,.jpg,386269,2025-08-06T19:33:53,0ec0166506f6610e4fba986e0d79729bf0d3dcce9392c06ab6f52d6068542bcc
/home/rich/Pictures/My princess Aileana M Sprague -1-001/My princess Aileana M Sprague /20210116_230027.jpg,20210116_230027.jpg,.jpg,189783,2025-08-06T19:33:44,8085f892f7726e6e2589e2f88fc85f30e7d7e98ed3183b15865df51518e7c3fd
/home/rich/Pictures/My princess Aileana M Sprague -1-001/My princess Aileana M Sprague /20210116_230030.jpg,20210116_230030.jpg,.jpg,289146,2025-08-06T19:33:47,8ed9c0c2ba27aaaac3677c531bda64a4de9a1299f5a9f9a6a4d67f892f82ee86
/home/rich/Pictures/My princess Aileana M Sprague -1-001/My princess Aileana M Sprague /20210116_230035.jpg,20210116_230035.jpg,.jpg,297580,2025-08-06T19:33:48,0adaafbbc458b0b2559248201d6a5847ea4fb1e9c8e275fb36d4777076d60bf0
/home/rich/Pictures/My princess Aileana M Sprague -1-001/My princess Aileana M Sprague /20210116_230041.jpg,20210116_230041.jpg,.jpg,220697,2025-08-06T19:33:43,0df5ead71af1e6a20c9358d89136e53c04e7ee10890fbf37eaa96117e62be13f
/home/rich/Pictures/My princess Aileana M Sprague -1-001/My princess Aileana M Sprague /20210118_120117.jpg,20210118_120117.jpg,.jpg,426258,2025-08-06T19:33:44,1232bd016fb628a65d6699da5ab7c780827b9a69ba6b01ff4260b21d81254f43
/home/rich/Pictures/My princess Aileana M Sprague -1-001/My princess Aileana M Sprague /20210119_123815.jpg,20210119_123815.jpg,.jpg,440519,2025-08-06T19:33:44,e8525612341e03f1a86aeda1c2bb7da45ebca34a3a30eeba876e70322ffdae4b
/home/rich/Pictures/My princess Aileana M Sprague -1-001/My princess Aileana M Sprague /20210119_123844.jpg,20210119_123844.jpg,.jpg,474627,2025-08-06T19:34:08,939490804a7bdbe6339299982b64a9c697cf16324a4a7ab28da71174d8a5180e
/home/rich/Pictures/My princess Aileana M Sprague -1-001/My princess Aileana M Sprague /20210119_123846.jpg,20210119_123846.jpg,.jpg,310966,2025-08-06T19:34:14,13023ca8fbd6afdb4ad3acdf95fdfb8551c6e0c4fa2e40219e617eb1b530dab3
/home/rich/Pictures/My princess Aileana M Sprague -1-001/My princess Aileana M Sprague /20210119_123853.jpg,20210119_123853.jpg,.jpg,407119,2025-08-06T19:34:07,cc7b7ab6c89b09a33f29e76f50f07823ee31ffb2fac3c50a9d41817ab4a1234f
/home/rich/Pictures/My princess Aileana M Sprague -1-001/My princess Aileana M Sprague /20210121_000020.jpg,20210121_000020.jpg,.jpg,510754,2025-08-06T19:34:08,421cf75adaccd81d55fae9c4b0d04339e057438342ca904f4f5b32a63b71732b
/home/rich/Pictures/My princess Aileana M Sprague -1-001/My princess Aileana M Sprague /20210121_000047.jpg,20210121_000047.jpg,.jpg,273418,2025-08-06T19:34:07,5dbb6c5e0557b0dd2c38f02f4724fef78099ee6a2e3226be35b38c3468610f68
/home/rich/Pictures/My princess Aileana M Sprague -1-001/My princess Aileana M Sprague /20210121_000053.jpg,20210121_000053.jpg,.jpg,326660,2025-08-06T19:34:07,5c6cb9ee86f92e2726e8c245d175723bf1c355bfa8a7ebaeff39ea5fdc23d9b4
/home/rich/Pictures/My princess Aileana M Sprague -1-001/My princess Aileana M Sprague /20210121_000056.jpg,20210121_000056.jpg,.jpg,405014,2025-08-06T19:34:07,a53c9ac539cf4fcc12c8d343e58b542b2f3e0477cc787a3cd1f1e2d041d63818
/home/rich/Pictures/My princess Aileana M Sprague -1-001/My princess Aileana M Sprague /20210121_000214.jpg,20210121_000214.jpg,.jpg,335697,2025-08-06T19:34:07,8fb0d9198fb94fb7e127fa5016246d31df5b54b0974aafa4b03a1fb13389abe6
/home/rich/Pictures/My princess Aileana M Sprague -1-001/My princess Aileana M Sprague /20210121_000217.jpg,20210121_000217.jpg,.jpg,320178,2025-08-06T19:34:09,6fd4f7d60b35cbc3f49de4fe8f4b87bcb3cb41935f1698c2e27c7faf9a08d159
/home/rich/Pictures/My princess Aileana M Sprague -1-001/My princess Aileana M Sprague /20210121_000229.jpg,20210121_000229.jpg,.jpg,412636,2025-08-06T19:34:10,154546531d597f6d81789e1d384d4c9a5feaaee03d591c495e02e3ac08f6b0ef
/home/rich/Pictures/My princess Aileana M Sprague -1-001/My princess Aileana M Sprague /20210121_000241.jpg,20210121_000241.jpg,.jpg,208758,2025-08-06T19:34:08,aa08c12f5c7ed2079effe04f74505dc1ae851bb4283712cc06c83f0f9bed4be2
/home/rich/Pictures/My princess Aileana M Sprague -1-001/My princess Aileana M Sprague /20210121_132501.jpg,20210121_132501.jpg,.jpg,380274,2025-08-06T19:34:07,8a56b0311c7c8cdad14e2aa9021c145112eee55109c1b8ee286b830e21f70c69
/home/rich/Pictures/My princess Aileana M Sprague -1-001/My princess Aileana M Sprague /20210121_132534.jpg,20210121_132534.jpg,.jpg,337908,2025-08-06T19:34:14,eadb5790f4eca082fbd71239eb209c80c991044a1974bfb109c451e49738773e
/home/rich/Pictures/My princess Aileana M Sprague -1-001/My princess Aileana M Sprague /20210121_132539.jpg,20210121_132539.jpg,.jpg,320611,2025-08-06T19:34:06,191f06a707af5647921de72d7b10bf78247c19ffe6d61730d0abf4436b6a202e
/home/rich/Pictures/My princess Aileana M Sprague -1-001/My princess Aileana M Sprague /20210121_132543.jpg,20210121_132543.jpg,.jpg,315230,2025-08-06T19:34:07,8f2bdafbccb7d4f6766b2ab1757bc4f93655102cef5c11ae8cd261c74d1fd840
/home/rich/Pictures/My princess Aileana M Sprague -1-001/My princess Aileana M Sprague /20210121_141000.jpg,20210121_141000.jpg,.jpg,619026,2025-08-06T19:34:15,82d5983245ee8ece55c45783922764663c5dc97c3e9615572a9f740317d7eaa4
/home/rich/Pictures/My princess Aileana M Sprague -1-001/My princess Aileana M Sprague /20210121_141019_HDR.jpg,20210121_141019_HDR.jpg,.jpg,608952,2025-08-06T19:34:07,e83576d33eee69527ad62d06e6d12b31c32ddb617c7c68330e113f6b033c17b6
/home/rich/Pictures/My princess Aileana M Sprague -1-001/My princess Aileana M Sprague /20210121_180553.jpg,20210121_180553.jpg,.jpg,333506,2025-08-06T19:34:09,8068d5c2ddab8a69e9166f69ccea7284372baba8de3fd9796adfed8d6cdad9e9
/home/rich/Pictures/My princess Aileana M Sprague -1-001/My princess Aileana M Sprague /20210121_180557.jpg,20210121_180557.jpg,.jpg,398859,2025-08-06T19:34:07,f8db4a2a2be3dd0da5e2782e09ea552f2aebda993f4aaa17ab58965e83e645aa
/home/rich/Pictures/My princess Aileana M Sprague -1-001/My princess Aileana M Sprague /20210122_004547.jpg,20210122_004547.jpg,.jpg,380869,2025-08-06T19:34:06,e99c6c3c1d7a488e41f988a611807b21e9a40d315e6df82b4359a14d74ca5ad7
/home/rich/Pictures/My princess Aileana M Sprague -1-001/My princess Aileana M Sprague /20210122_004556.jpg,20210122_004556.jpg,.jpg,393306,2025-08-06T19:34:06,defb5f7555538bf15f64ebd4d47d0a58070021b8ca2fd00299e35fcf394e1c52
/home/rich/Pictures/My princess Aileana M Sprague -1-001/My princess Aileana M Sprague /20210122_004607.jpg,20210122_004607.jpg,.jpg,353799,2025-08-06T19:34:06,8eec69bbb2cc796106e10aa4c9350b92c5b6940aa4107fa421d2c00548175255
/home/rich/Pictures/My princess Aileana M Sprague -1-001/My princess Aileana M Sprague /20210122_004615.jpg,20210122_004615.jpg,.jpg,336056,2025-08-06T19:34:06,9ce8284648e1234d08ea81292ed041fb8c9872461e7fa1a014ea27003c01cfb0
/home/rich/Pictures/My princess Aileana M Sprague -1-001/My princess Aileana M Sprague /20210122_234639.jpg,20210122_234639.jpg,.jpg,329838,2025-08-06T19:34:06,ed544c97751017401affe6ec0a55e30bb9e82571885f028fc9d4ccb437ae017b
/home/rich/Pictures/My princess Aileana M Sprague -1-001/My princess Aileana M Sprague /20210122_234645.jpg,20210122_234645.jpg,.jpg,371337,2025-08-06T19:34:06,eaa709fe72ecf9f2f3ce282e05bbf47dd99d30a36de147f92db00268a01e85d3
/home/rich/Pictures/My princess Aileana M Sprague -1-001/My princess Aileana M Sprague /20210123_000108.jpg,20210123_000108.jpg,.jpg,332688,2025-08-06T19:34:09,4177a3ba52eede7c3c1500afc313a97b5a9782c7bf0e569944a4621df6146837
/home/rich/Pictures/My princess Aileana M Sprague -1-001/My princess Aileana M Sprague /20210123_000113.jpg,20210123_000113.jpg,.jpg,230849,2025-08-06T19:34:06,913c4ca8621a2060430bb1c7ed9ca281cb9f43576df4bfb7e402eb7913c39f0d
/home/rich/Pictures/My princess Aileana M Sprague -1-001/My princess Aileana M Sprague /20210123_000121.jpg,20210123_000121.jpg,.jpg,352150,2025-08-06T19:34:07,d702b3cd46464b1c51b52f56fdacd7521126adec61cc98444a769f8f395af2e2
/home/rich/Pictures/My princess Aileana M Sprague -1-001/My princess Aileana M Sprague /20210123_000132.jpg,20210123_000132.jpg,.jpg,325098,2025-08-06T19:34:14,3a215f50e796fd358b700718103ebb99589c6f46c7eb18a1cafbc876a38e711a
/home/rich/Pictures/My princess Aileana M Sprague -1-001/My princess Aileana M Sprague /20210123_000138.jpg,20210123_000138.jpg,.jpg,328030,2025-08-06T19:34:06,47111338c2bbb71de1803fe254f30cc93759ff0b63b94e54ddb8339443b2aee8
/home/rich/Pictures/My princess Aileana M Sprague -1-001/My princess Aileana M Sprague /20210123_002753.jpg,20210123_002753.jpg,.jpg,633811,2025-08-06T19:34:06,6c0071bfc24ffc5191bf06e50bf55a4720719315864791c937644956c54e858b
/home/rich/Pictures/My princess Aileana M Sprague -1-001/My princess Aileana M Sprague /20210123_002759.jpg,20210123_002759.jpg,.jpg,443483,2025-08-06T19:34:06,768e4c551e4375b1b445bb178ce1daa69f130c8217471eb2e79d90d917b02953
/home/rich/Pictures/My princess Aileana M Sprague -1-001/My princess Aileana M Sprague /20210123_002811.jpg,20210123_002811.jpg,.jpg,140471,2025-08-06T19:34:05,223f956fbe94073f99bec201b7495a45a97b32fee376f215ab268c1e5dc3cead
/home/rich/Pictures/My princess Aileana M Sprague -1-001/My princess Aileana M Sprague /20210123_002818.jpg,20210123_002818.jpg,.jpg,185614,2025-08-06T19:34:06,b7de5fd5137c6fcc90ad421f68059bb8fbeafe5dcf6c201d79c95a85c9d29f5b
/home/rich/Pictures/My princess Aileana M Sprague -1-001/My princess Aileana M Sprague /20210123_002821.jpg,20210123_002821.jpg,.jpg,161448,2025-08-06T19:34:07,e3ca0eabf9b891675be1c23db3ebde9b16361a9a8eee640fce4369171e791472
/home/rich/Pictures/My princess Aileana M Sprague -1-001/My princess Aileana M Sprague /20210123_002827.jpg,20210123_002827.jpg,.jpg,144635,2025-08-06T19:34:09,1145371b8be9815ec86930936e95a0f0dbe8c0b5508d230a41821221a49e9fd9
/home/rich/Pictures/My princess Aileana M Sprague -1-001/My princess Aileana M Sprague /20210123_123241.jpg,20210123_123241.jpg,.jpg,459849,2025-08-06T19:34:06,2f09541e9273d0f554ea404add97d367d3ebf9f6e9d2b18bb80b66d5a411228a
/home/rich/Pictures/My princess Aileana M Sprague -1-001/My princess Aileana M Sprague /20210123_123245.jpg,20210123_123245.jpg,.jpg,529464,2025-08-06T19:34:06,f5067476f4f8812f31ffee131c78ad5f4307cd244be08bf2724d1af15e962bf5
/home/rich/Pictures/My princess Aileana M Sprague -1-001/My princess Aileana M Sprague /20210123_123251.jpg,20210123_123251.jpg,.jpg,597380,2025-08-06T19:34:15,4f2940df5825d0247499250f98508b9fbcfa593cd813672f79dbd349577d9a95
/home/rich/Pictures/My princess Aileana M Sprague -1-001/My princess Aileana M Sprague /20210123_123255.jpg,20210123_123255.jpg,.jpg,403232,2025-08-06T19:34:17,2c82ee3bc630b13b3e8c2f6f0c6a005663158fedcdb4d3f38360aa3cf3891a3b
/home/rich/Pictures/My princess Aileana M Sprague -1-001/My princess Aileana M Sprague /20210123_123322.jpg,20210123_123322.jpg,.jpg,484543,2025-08-06T19:34:05,10579bdad117785e9ff8bf7a80940dc06242b5505dd924507ed9bd3e6e87b701
/home/rich/Pictures/My princess Aileana M Sprague -1-001/My princess Aileana M Sprague /20210123_123325.jpg,20210123_123325.jpg,.jpg,544542,2025-08-06T19:34:05,aa1cdc38289417e71c6584891458f17a133975770f405ada8e3bb00fc337c455
/home/rich/Pictures/My princess Aileana M Sprague -1-001/My princess Aileana M Sprague /20210123_123334.jpg,20210123_123334.jpg,.jpg,192652,2025-08-06T19:34:07,1493395bc450957dd11d8d9dff7fdbabdebb6bdb47affa1f1882daf8f74f5089
/home/rich/Pictures/My princess Aileana M Sprague -1-001/My princess Aileana M Sprague /20210123_172422.jpg,20210123_172422.jpg,.jpg,625040,2025-08-06T19:34:05,77d1daecab63505a9073776e85d481f8982f296643897dfe6ec2e511e0213262
/home/rich/Pictures/My princess Aileana M Sprague -1-001/My princess Aileana M Sprague /20210123_172549.jpg,20210123_172549.jpg,.jpg,261737,2025-08-06T19:34:04,999a3e17f003960bbf54d8dd12114c71c426db806a1250655d7565a316c73bdc
/home/rich/Pictures/My princess Aileana M Sprague -1-001/My princess Aileana M Sprague /20210123_172559.jpg,20210123_172559.jpg,.jpg,400282,2025-08-06T19:34:06,8e6724a369fac4ccf1f82bd725f6b4e5e683c51a6cde4384cd53cde22061420c
/home/rich/Pictures/My princess Aileana M Sprague -1-001/My princess Aileana M Sprague /20210123_232143.jpg,20210123_232143.jpg,.jpg,522419,2025-08-06T19:34:05,32b7ad0116e504b74a7e5bacc03d549ed856441baf6f5ec1ab2da85b828a5771
/home/rich/Pictures/My princess Aileana M Sprague -1-001/My princess Aileana M Sprague /20210123_232203.jpg,20210123_232203.jpg,.jpg,445158,2025-08-06T19:34:05,9f73be3d0f63b5e9bca6175c4b1619079050b2cf70fc038ef182af7cab0a253b
/home/rich/Pictures/My princess Aileana M Sprague -1-001/My princess Aileana M Sprague /20210123_232215.jpg,20210123_232215.jpg,.jpg,376289,2025-08-06T19:34:05,600baad1a876d366a828837152fb04a5fa248843db703a963ebc102033a46f23
/home/rich/Pictures/My princess Aileana M Sprague -1-001/My princess Aileana M Sprague /20210123_232218.jpg,20210123_232218.jpg,.jpg,434045,2025-08-06T19:34:07,57396529111e8b19bdd18710a5d483ebfacfaf9711e06e2787fb3aeef95d886c
/home/rich/Pictures/My princess Aileana M Sprague -1-001/My princess Aileana M Sprague /20210123_232220.jpg,20210123_232220.jpg,.jpg,401773,2025-08-06T19:34:08,c79c06e8ecd0f532d59965148b8e9439e479501bbc4581aa316ac182cdbfeb63
/home/rich/Pictures/My princess Aileana M Sprague -1-001/My princess Aileana M Sprague /20210123_232225.jpg,20210123_232225.jpg,.jpg,490899,2025-08-06T19:34:05,9ee6b621365485f2997b04cd44dd5452ad5d391ca6c6c643fb7e5b752f06645f
/home/rich/Pictures/My princess Aileana M Sprague -1-001/My princess Aileana M Sprague /20210123_232229.jpg,20210123_232229.jpg,.jpg,505229,2025-08-06T19:34:05,d833b323c8f9d938c1615d3cfacb0660b25e0beb65e95d1a1e935ed9696d1eb8
/home/rich/Pictures/My princess Aileana M Sprague -1-001/My princess Aileana M Sprague /20210123_232233.jpg,20210123_232233.jpg,.jpg,405277,2025-08-06T19:34:04,05e8cba96dd3e4e72ffdcbb2a812258fb892cc1575b94dafa94b24b417ac70f9
/home/rich/Pictures/My princess Aileana M Sprague -1-001/My princess Aileana M Sprague /20210124_122401.jpg,20210124_122401.jpg,.jpg,451098,2025-08-06T19:34:05,af5c05a3b54bc3fcc1e5fe1c148c4371bd3ad507b4f3a8aac73d147605351e87
/home/rich/Pictures/My princess Aileana M Sprague -1-001/My princess Aileana M Sprague /20210124_122406.jpg,20210124_122406.jpg,.jpg,432341,2025-08-06T19:34:16,9e4a10f8957fca5eea9a69deeef49202a763e7d0f7349d9ba57892d47dc510d2
/home/rich/Pictures/My princess Aileana M Sprague -1-001/My princess Aileana M Sprague /20210124_122414.jpg,20210124_122414.jpg,.jpg,372770,2025-08-06T19:34:05,27a6ca2430ab436c21de50d2f0eaf4a53f45364a7e14b4a4a3fce01c9c562c44
/home/rich/Pictures/My princess Aileana M Sprague -1-001/My princess Aileana M Sprague /20210124_123930.jpg,20210124_123930.jpg,.jpg,530703,2025-08-06T19:34:04,1f607653c925bdb3170aa577eba8137cf1f09efb7bfae6fb052aa41903114e68
/home/rich/Pictures/My princess Aileana M Sprague -1-001/My princess Aileana M Sprague /20210201_140437.jpg,20210201_140437.jpg,.jpg,284619,2025-08-06T19:34:05,3f2150e2ed71ea6b46455402f1a16767a06049d13acc68fac45dd657d924cf0d
/home/rich/Pictures/My princess Aileana M Sprague -1-001/My princess Aileana M Sprague /20210201_140451.jpg,20210201_140451.jpg,.jpg,282073,2025-08-06T19:34:04,6af56547eab8d6f7da03d3581a78d8008379b6f6c4063665b014044397114c67
/home/rich/Pictures/My princess Aileana M Sprague -1-001/My princess Aileana M Sprague /20210201_173639.jpg,20210201_173639.jpg,.jpg,300263,2025-08-06T19:34:04,26019273a7f2991b9adf97effd3ff73fbe484440b2344ed25aead4427dad1ea7
/home/rich/Pictures/My princess Aileana M Sprague -1-001/My princess Aileana M Sprague /20210201_173655.jpg,20210201_173655.jpg,.jpg,440536,2025-08-06T19:34:05,41ae901195914da1e3bf99e2acf3d62f3b07b413adcc1d045352a40858bf3f28
/home/rich/Pictures/My princess Aileana M Sprague -1-001/My princess Aileana M Sprague /20210201_173657.jpg,20210201_173657.jpg,.jpg,415060,2025-08-06T19:34:04,897ebb84deda3cd66724cbd0b52c06d690f998b3bfbdbbf61668cc013ffd9960
/home/rich/Pictures/My princess Aileana M Sprague -1-001/My princess Aileana M Sprague /20210201_173952.jpg,20210201_173952.jpg,.jpg,417580,2025-08-06T19:34:06,66a0485fc0e44db1a8e63651c0b7d164cccdfcf49fb3cccfbeabb6cc94e4611c
/home/rich/Pictures/My princess Aileana M Sprague -1-001/My princess Aileana M Sprague /20210201_174010.jpg,20210201_174010.jpg,.jpg,509018,2025-08-06T19:34:04,afa2f452b7e06bec5af9bcc09446d0c2036765e3f703d2b01972335b06116056
/home/rich/Pictures/My princess Aileana M Sprague -1-001/My princess Aileana M Sprague /20210201_174015.jpg,20210201_174015.jpg,.jpg,433741,2025-08-06T19:34:05,ff1e9c4dd007deb8521114a7208fd3c56933bd004354e31f4ccda1289e138a64
/home/rich/Pictures/My princess Aileana M Sprague -1-001/My princess Aileana M Sprague /20210201_174129.jpg,20210201_174129.jpg,.jpg,558099,2025-08-06T19:34:04,43cd423ab5f21eadecf11dffe4d51419c387fc8f6a741da455e11ea6dad9b9b7
/home/rich/Pictures/My princess Aileana M Sprague -1-001/My princess Aileana M Sprague /20210201_174133.jpg,20210201_174133.jpg,.jpg,596233,2025-08-06T19:34:18,e2af709349b3639bf3d01131fb39d19ce42ba04505a9e616b71d971a39026688
/home/rich/Pictures/My princess Aileana M Sprague -1-001/My princess Aileana M Sprague /20210201_174146.jpg,20210201_174146.jpg,.jpg,434466,2025-08-06T19:34:06,2209818b73f10111056dac4112b7c55f68850b793ad7b896413a52c7ebb95c32
/home/rich/Pictures/My princess Aileana M Sprague -1-001/My princess Aileana M Sprague /20210201_174153.jpg,20210201_174153.jpg,.jpg,420434,2025-08-06T19:34:04,e388f2909a7fe35e2ea1ccff459e072c3cb0378310878e3a13a40b6682970237
/home/rich/Pictures/My princess Aileana M Sprague -1-001/My princess Aileana M Sprague /20210201_174156.jpg,20210201_174156.jpg,.jpg,474533,2025-08-06T19:34:04,91757b3d1d9d437549b927832c83a8a0a36ebdc3cd88d3797a3b824572f84317
/home/rich/Pictures/My princess Aileana M Sprague -1-001/My princess Aileana M Sprague /20210201_174157.jpg,20210201_174157.jpg,.jpg,477875,2025-08-06T19:34:05,116f55502df1609006329640eede7c7144e742a26e8060e7374ef802610ca818
/home/rich/Pictures/My princess Aileana M Sprague -1-001/My princess Aileana M Sprague /20210201_174315.jpg,20210201_174315.jpg,.jpg,670525,2025-08-06T19:34:05,cbe27a9ee0aa8e42861da9cc073f6bc7aa030e342db3f5d7dc077d49a8e2fea7
/home/rich/Pictures/My princess Aileana M Sprague -1-001/My princess Aileana M Sprague /20210204_130326.jpg,20210204_130326.jpg,.jpg,489688,2025-08-06T19:34:05,ee818c59d3f8a499800d09032e2063a4912473df9b37ceb3de585b553b4767d8
/home/rich/Pictures/My princess Aileana M Sprague -1-001/My princess Aileana M Sprague /20210204_130331.jpg,20210204_130331.jpg,.jpg,430397,2025-08-06T19:34:06,0df01496c6d9bbb3ca84fa132abf35e6eb1fa6eb56eba91c873199b1adc5b01b
/home/rich/Pictures/My princess Aileana M Sprague -1-001/My princess Aileana M Sprague /20210204_130343.jpg,20210204_130343.jpg,.jpg,382586,2025-08-06T19:34:04,d241e7516c9dcb5ff81b4980c7504e4bdb40f81b667655d37702c6459a9e8a8b
/home/rich/Pictures/My princess Aileana M Sprague -1-001/My princess Aileana M Sprague /20210204_130346.jpg,20210204_130346.jpg,.jpg,421470,2025-08-06T19:34:04,30dc822129532567ff0a44a7a105bfeebd973b4ced5b5fa4ae0656cc1149825f
/home/rich/Pictures/My princess Aileana M Sprague -1-001/My princess Aileana M Sprague /20210204_130350.jpg,20210204_130350.jpg,.jpg,335078,2025-08-06T19:34:04,7bdbd50bbdd789587336a07f6c41356f6b8abe132b84502374d62a9e229ec813
/home/rich/Pictures/My princess Aileana M Sprague -1-001/My princess Aileana M Sprague /20210204_130352.jpg,20210204_130352.jpg,.jpg,432873,2025-08-06T19:34:03,f8e72d996177569e8495c015ad0ff5148e6808f38753212231659d7f2334256f
/home/rich/Pictures/My princess Aileana M Sprague -1-001/My princess Aileana M Sprague /20210204_130406.jpg,20210204_130406.jpg,.jpg,469888,2025-08-06T19:34:04,d02959b38427056444c45ecc535436469b9649a011899046b615f8065d319916
/home/rich/Pictures/My princess Aileana M Sprague -1-001/My princess Aileana M Sprague /20210204_130415.jpg,20210204_130415.jpg,.jpg,374882,2025-08-06T19:34:04,225de6e1796ccbb56b9444aaeac92b41be4c3d235829bf5f91ad8f4fbf9616d1
/home/rich/Pictures/My princess Aileana M Sprague -1-001/My princess Aileana M Sprague /20210206_185910-COLLAGE.jpg,20210206_185910-COLLAGE.jpg,.jpg,423825,2025-08-06T19:34:03,98c53ce696155d476ff182e06b29075999e0b03ee09de2a5bf9df48e91d3420f
/home/rich/Pictures/My princess Aileana M Sprague -1-001/My princess Aileana M Sprague /20210206_185910.jpg,20210206_185910.jpg,.jpg,179572,2025-08-06T19:34:04,3cf4d3fabfd08833b9c3c948a53fd27420b0f28bc48d880f2b062ef9c8c414c7
/home/rich/Pictures/My princess Aileana M Sprague -1-001/My princess Aileana M Sprague /20210206_185918.jpg,20210206_185918.jpg,.jpg,245016,2025-08-06T19:34:03,2df276a3c93717d4ba0a3eb326c0942d80594fa44a0b7ee6a4a166d7e4643d7e
/home/rich/Pictures/My princess Aileana M Sprague -1-001/My princess Aileana M Sprague /20210206_185923.jpg,20210206_185923.jpg,.jpg,243855,2025-08-06T19:34:03,109c2d018748114d079ce38f9f0e3821660f16cdc950d9b3b19dbdd0a704f1d0
/home/rich/Pictures/My princess Aileana M Sprague -1-001/My princess Aileana M Sprague /20210206_185928.jpg,20210206_185928.jpg,.jpg,203578,2025-08-06T19:34:06,a482561269aa8ce85b8ac1e1c72639df1f94740e3adc00fc8e92a9f6e556b466
/home/rich/Pictures/My princess Aileana M Sprague -1-001/My princess Aileana M Sprague /20210206_185936.jpg,20210206_185936.jpg,.jpg,165420,2025-08-06T19:34:04,de085ed2c291755dfe9602d155d43a5ae50350cd811c6adc87a32443dc4c57f1
/home/rich/Pictures/My princess Aileana M Sprague -1-001/My princess Aileana M Sprague /20210206_190002.jpg,20210206_190002.jpg,.jpg,196157,2025-08-06T19:34:06,c624f81607313876c5e7d6bbbff29fdeaeac761d14fd28789b330ae1bb37ebe4
/home/rich/Pictures/My princess Aileana M Sprague -1-001/My princess Aileana M Sprague /20210206_190021.jpg,20210206_190021.jpg,.jpg,345247,2025-08-06T19:34:03,be6a73aabe9b48f04c9571fcf27d4840c194195e1721ddfddf1e00dce64253bb
/home/rich/Pictures/My princess Aileana M Sprague -1-001/My princess Aileana M Sprague /20210206_190050.jpg,20210206_190050.jpg,.jpg,420113,2025-08-06T19:34:07,45e16a47753f53ce77d11a70b153e4af69963952049380fa105a4e5443747d1b
/home/rich/Pictures/My princess Aileana M Sprague -1-001/My princess Aileana M Sprague /20210206_190056.jpg,20210206_190056.jpg,.jpg,296716,2025-08-06T19:34:04,ec0ac0c218ced963f9e96b7afde9a491d7cab1b4303bc1a90fa4fa708d51a6ad
/home/rich/Pictures/My princess Aileana M Sprague -1-001/My princess Aileana M Sprague /20210206_190109.jpg,20210206_190109.jpg,.jpg,381569,2025-08-06T19:34:03,a098ed0c5d4eb05c7451064d0b90be9b0abb5c91041b468944e148cd26f45501
/home/rich/Pictures/My princess Aileana M Sprague -1-001/My princess Aileana M Sprague /20210206_190121.jpg,20210206_190121.jpg,.jpg,401118,2025-08-06T19:34:05,5fd69fff74dde43ccbbd5b979f87a6b84cd96643993551c42684d1abed15d223
/home/rich/Pictures/My princess Aileana M Sprague -1-001/My princess Aileana M Sprague /20210206_190125.jpg,20210206_190125.jpg,.jpg,395997,2025-08-06T19:34:03,223fbc0446bd01ff87d97d49bd21f210f2b82745a645b2b844f6e7a5f5d53fd3
/home/rich/Pictures/My princess Aileana M Sprague -1-001/My princess Aileana M Sprague /20210206_190128.jpg,20210206_190128.jpg,.jpg,406132,2025-08-06T19:34:04,d66d74601085a342f80758a41210c55b4b4cc143cbbb140c476af32f40d0620d
/home/rich/Pictures/My princess Aileana M Sprague -1-001/My princess Aileana M Sprague /20210206_190135.jpg,20210206_190135.jpg,.jpg,420451,2025-08-06T19:34:03,09e7df7679524337de2d9467c8f4206c79a064e01d47cf12e305713a6a6b2b0d
/home/rich/Pictures/My princess Aileana M Sprague -1-001/My princess Aileana M Sprague /20210207_125211.jpg,20210207_125211.jpg,.jpg,398415,2025-08-06T19:34:03,5e11e79e7abc3050a56fff27bb0e022d7630280ed5471be6283b36629522d0b2
/home/rich/Pictures/My princess Aileana M Sprague -1-001/My princess Aileana M Sprague /20210209_001123.jpg,20210209_001123.jpg,.jpg,288716,2025-08-06T19:34:03,099f41758191d79acc3495e70f2c4afaa795756923ef75d8bbae1e21a489c68f
/home/rich/Pictures/My princess Aileana M Sprague -1-001/My princess Aileana M Sprague /20210209_001143.jpg,20210209_001143.jpg,.jpg,322485,2025-08-06T19:34:03,eeb490c10340b474553287a44128122ccd477283b4cd662d0da5224f2558c41b
/home/rich/Pictures/My princess Aileana M Sprague -1-001/My princess Aileana M Sprague /20210209_001147.jpg,20210209_001147.jpg,.jpg,280258,2025-08-06T19:34:03,cbfb62112b0fc99274a3bd0f87d423012fd287f7a791ed34b07421637474de79
/home/rich/Pictures/My princess Aileana M Sprague -1-001/My princess Aileana M Sprague /20210209_001153.jpg,20210209_001153.jpg,.jpg,304669,2025-08-06T19:34:06,4baeb51ef1754cd0f86e4706c5e0e7189d90d699ff3ab84ed67be132bb6dec19
/home/rich/Pictures/My princess Aileana M Sprague -1-001/My princess Aileana M Sprague /20210209_001158.jpg,20210209_001158.jpg,.jpg,287071,2025-08-06T19:34:03,ebbf6980d4b9be237ba8e8a5b7ad4edbcb889948d4eb751837d6791e820fe818
/home/rich/Pictures/My princess Aileana M Sprague -1-001/My princess Aileana M Sprague /20210209_001203.jpg,20210209_001203.jpg,.jpg,253606,2025-08-06T19:34:04,fdcb262263a394f3a26fef5f75259582097303b714a3e192bcbdab1fdd162970
/home/rich/Pictures/My princess Aileana M Sprague -1-001/My princess Aileana M Sprague /20210209_001436.jpg,20210209_001436.jpg,.jpg,413954,2025-08-06T19:34:04,eabaef827d3595dd8529692227bc5ff5b30b3da1c8ec17e923aaab7d328b9888
/home/rich/Pictures/My princess Aileana M Sprague -1-001/My princess Aileana M Sprague /20210209_001457.jpg,20210209_001457.jpg,.jpg,403248,2025-08-06T19:34:03,3232eb655edcb5f0aed3049e03f5ffb4dddefb908bc5100d515fdd48ac4f17a7
/home/rich/Pictures/My princess Aileana M Sprague -1-001/My princess Aileana M Sprague /20210209_001511.jpg,20210209_001511.jpg,.jpg,325617,2025-08-06T19:34:03,ba45b88f0e7ec597ef5c825cc43314405542d68c9f175686afc88396e572b3a3
/home/rich/Pictures/My princess Aileana M Sprague -1-001/My princess Aileana M Sprague /20210209_122445.jpg,20210209_122445.jpg,.jpg,420342,2025-08-06T19:34:03,52c1cbbde04b305cc84c6a9d25a531c986883e1624fb6953256e386b7a96c722
/home/rich/Pictures/My princess Aileana M Sprague -1-001/My princess Aileana M Sprague /20210209_122450.jpg,20210209_122450.jpg,.jpg,500088,2025-08-06T19:34:03,9e94c05ebca9158c41c3b7106fefe17ee201dd2c5f0de3e296e59edebba71932
/home/rich/Pictures/My princess Aileana M Sprague -1-001/My princess Aileana M Sprague /20210209_122456.jpg,20210209_122456.jpg,.jpg,471652,2025-08-06T19:34:05,d21ffba32693a919f99388af6c705433a2aa61d8f99215f341384f92e4b48fae
/home/rich/Pictures/My princess Aileana M Sprague -1-001/My princess Aileana M Sprague /20210209_122526.jpg,20210209_122526.jpg,.jpg,337922,2025-08-06T19:34:03,77039373500973784bcfedc45e3a715879cb44d9f0975b6fba131709392c6b91
/home/rich/Pictures/My princess Aileana M Sprague -1-001/My princess Aileana M Sprague /20210209_122538.jpg,20210209_122538.jpg,.jpg,528816,2025-08-06T19:34:03,061c4df09de6de3e89e1d965d265ef3b1d7c893c8d5459b0831eb9cc94561c37
/home/rich/Pictures/My princess Aileana M Sprague -1-001/My princess Aileana M Sprague /20210209_182841.jpg,20210209_182841.jpg,.jpg,530256,2025-08-06T19:34:03,60e3fcdb30d449d540ea7115837df9b735f27e0f36e0722e0aac28bb186bdfdf
/home/rich/Pictures/My princess Aileana M Sprague -1-001/My princess Aileana M Sprague /20210209_182849.jpg,20210209_182849.jpg,.jpg,425935,2025-08-06T19:34:03,80ef8c40520462b7d508f500c9ce2a15e28f48d85e84fc28540f0ff7d95b6cd2
/home/rich/Pictures/My princess Aileana M Sprague -1-001/My princess Aileana M Sprague /20210209_182853.jpg,20210209_182853.jpg,.jpg,479677,2025-08-06T19:34:07,1e3e16bc525c64bed4df044d8d5ae456dc2ae4f6314d43541e7bc028669a0209
/home/rich/Pictures/My princess Aileana M Sprague -1-001/My princess Aileana M Sprague /20210209_182908.jpg,20210209_182908.jpg,.jpg,555489,2025-08-06T19:34:04,bb2e181d56ade893067756298c314f5c4d8c6292796ac3993393bcb578f24952
/home/rich/Pictures/My princess Aileana M Sprague -1-001/My princess Aileana M Sprague /20210211_234210.jpg,20210211_234210.jpg,.jpg,184303,2025-08-06T19:34:03,0c92bba70a7aa2a5b990823faeabb4701ffff1c6b3a10ca5c3f10b67b0163aaa
/home/rich/Pictures/My princess Aileana M Sprague -1-001/My princess Aileana M Sprague /20210211_234222.jpg,20210211_234222.jpg,.jpg,174846,2025-08-06T19:34:03,9a0258c760123b8792cb043bc12a47e69237b970d1d164261ab0fe1acb199651
/home/rich/Pictures/My princess Aileana M Sprague -1-001/My princess Aileana M Sprague /20210211_234226.jpg,20210211_234226.jpg,.jpg,158754,2025-08-06T19:34:03,893f1204fde293af04134ee2e1de372a98be3e498b4a7fdb62ddab92be3b66ed
/home/rich/Pictures/My princess Aileana M Sprague -1-001/My princess Aileana M Sprague /20210211_234236.jpg,20210211_234236.jpg,.jpg,172290,2025-08-06T19:34:03,36825425b370e63dc96c1714c1bd6a135e0a65d84f0a3934de30c6777f673d83
/home/rich/Pictures/My princess Aileana M Sprague -1-001/My princess Aileana M Sprague /20210211_234240.jpg,20210211_234240.jpg,.jpg,152559,2025-08-06T19:34:03,c7b6fa7b4b8cd1b88f2fc9d9d61c3eade7556e235118fee89c46f9fda0c10351
/home/rich/Pictures/My princess Aileana M Sprague -1-001/My princess Aileana M Sprague /20210213_151443_HDR.jpg,20210213_151443_HDR.jpg,.jpg,533058,2025-08-06T19:34:03,0197c8f78f116aaab51e72a9d363da30654ea8aba24392b72cd541a4095b3776
/home/rich/Pictures/My princess Aileana M Sprague -1-001/My princess Aileana M Sprague /20210213_151448_HDR.jpg,20210213_151448_HDR.jpg,.jpg,450183,2025-08-06T19:34:03,9127a2af4fb65582e64357eb48fb3c0e780f169dd4c4cbaacb1b445d9a3e4d91
/home/rich/Pictures/My princess Aileana M Sprague -1-001/My princess Aileana M Sprague /20210213_151451-COLLAGE.jpg,20210213_151451-COLLAGE.jpg,.jpg,76994,2025-08-06T19:34:09,19f0a16948862495888e45b64889d206537a90ea594020c33681bdf7201c97b8
/home/rich/Pictures/My princess Aileana M Sprague -1-001/My princess Aileana M Sprague /20210213_151451.jpg,20210213_151451.jpg,.jpg,469849,2025-08-06T19:34:03,66e3678614a3588365b4250684bcbb22586038321ee824e81ec36f0c6cc7e545
/home/rich/Pictures/My princess Aileana M Sprague -1-001/My princess Aileana M Sprague /20210213_151503_HDR.jpg,20210213_151503_HDR.jpg,.jpg,476394,2025-08-06T19:34:03,c459b954d4994596396ae01300fdf1d2c1e788ebd7ff588a2e25f3eea1179ea3
/home/rich/Pictures/My princess Aileana M Sprague -1-001/My princess Aileana M Sprague /20210213_151507.jpg,20210213_151507.jpg,.jpg,459839,2025-08-06T19:34:03,aaa481408ac07ccf8634685715367651fb9c6ebb07fcda57a304407d96d4397a
/home/rich/Pictures/My princess Aileana M Sprague -1-001/My princess Aileana M Sprague /20210213_151514_HDR-COLLAGE.jpg,20210213_151514_HDR-COLLAGE.jpg,.jpg,534674,2025-08-06T19:34:02,6a74b8ec49ac3c758c441062e28193139a1af42ec6d948ef8e9ce07599a556fc
/home/rich/Pictures/My princess Aileana M Sprague -1-001/My princess Aileana M Sprague /20210213_151514_HDR.jpg,20210213_151514_HDR.jpg,.jpg,439550,2025-08-06T19:34:02,26093aeb0c756affb9f690a687bd2842c5fe75f90db11b29ebaa9581dc6d4b34
/home/rich/Pictures/My princess Aileana M Sprague -1-001/My princess Aileana M Sprague /20210213_151519_HDR.jpg,20210213_151519_HDR.jpg,.jpg,404162,2025-08-06T19:34:03,79cede5c26f3cb06f6ab56e78ca63ece1a8df6d4f9783865819f090ea6f04812
/home/rich/Pictures/My princess Aileana M Sprague -1-001/My princess Aileana M Sprague /20210213_151521_HDR.jpg,20210213_151521_HDR.jpg,.jpg,420220,2025-08-06T19:34:04,35cae8b1a9dd5a0077e26b0697a6d521dbc3bf987d161f9002245f247d2bdb4d
/home/rich/Pictures/My princess Aileana M Sprague -1-001/My princess Aileana M Sprague /20210213_151617.jpg,20210213_151617.jpg,.jpg,388364,2025-08-06T19:34:08,3e8d835be402fdac040252ba8a5afefa1fc6c523fab7511b1975c4d7a2398658
/home/rich/Pictures/My princess Aileana M Sprague -1-001/My princess Aileana M Sprague /20210213_151624.jpg,20210213_151624.jpg,.jpg,605264,2025-08-06T19:34:03,c9d887dd8129be926d9c137c6aab9a43bac3df630c92d709394a9ab0a2fdcdd5
/home/rich/Pictures/My princess Aileana M Sprague -1-001/My princess Aileana M Sprague /20210213_151631.jpg,20210213_151631.jpg,.jpg,397257,2025-08-06T19:34:03,0641db121e5580f8d0a6ba3aa5541c2862634115bfa99f7b510e954a1431a6fc
/home/rich/Pictures/My princess Aileana M Sprague -1-001/My princess Aileana M Sprague /20210213_151643.jpg,20210213_151643.jpg,.jpg,656513,2025-08-06T19:34:07,2f1ea94edb852fcc17aa54f37a8f55c9dec6b1a8060d6f504fcf91aad5b4a110
/home/rich/Pictures/My princess Aileana M Sprague -1-001/My princess Aileana M Sprague /20210213_164441.jpg,20210213_164441.jpg,.jpg,217987,2025-08-06T19:34:03,b83aaf9110c22ead3ccf524a7ecd6a341f521000f8d55c1778bc9fc71c90179c
/home/rich/Pictures/My princess Aileana M Sprague -1-001/My princess Aileana M Sprague /20210213_164450.jpg,20210213_164450.jpg,.jpg,374690,2025-08-06T19:34:02,c53860319d1bf22052daef2b3cdf32ec9719c8f60be07d75a9bed7aed5d9c4f7
/home/rich/Pictures/My princess Aileana M Sprague -1-001/My princess Aileana M Sprague /20210213_164501.jpg,20210213_164501.jpg,.jpg,226744,2025-08-06T19:34:02,85b9cc985aee414a0cf878f5481b3227327a82060f18139483325aa8354daf8a
/home/rich/Pictures/My princess Aileana M Sprague -1-001/My princess Aileana M Sprague /20210213_164510.jpg,20210213_164510.jpg,.jpg,609869,2025-08-06T19:34:02,dcdade712e445b5c79be64b5c1bccad97c822bf91fb8b6fedede99c817fea8e5
/home/rich/Pictures/My princess Aileana M Sprague -1-001/My princess Aileana M Sprague /20210213_164523.jpg,20210213_164523.jpg,.jpg,219265,2025-08-06T19:34:02,b5c1ea3d3a727d64bf5c9cb62791e0cbb71271748e979845766b5319db23f0e6
/home/rich/Pictures/My princess Aileana M Sprague -1-001/My princess Aileana M Sprague /20210213_164538.jpg,20210213_164538.jpg,.jpg,197952,2025-08-06T19:34:03,e9ded43df443674815184bd7ae4afbc0955e2c0e049b03bf580e8d6721c5a21d
/home/rich/Pictures/My princess Aileana M Sprague -1-001/My princess Aileana M Sprague /20210213_164541.jpg,20210213_164541.jpg,.jpg,188634,2025-08-06T19:34:02,84398db1f98b39851000967a9bd14665ff03d388de6db43d8bad742cf3b0b298
/home/rich/Pictures/My princess Aileana M Sprague -1-001/My princess Aileana M Sprague /20210213_164544.jpg,20210213_164544.jpg,.jpg,184928,2025-08-06T19:34:02,7715e5d5fd1764e1a687e020ac4eea4d1e32c207c27c766409a659d8e1d57c91
/home/rich/Pictures/My princess Aileana M Sprague -1-001/My princess Aileana M Sprague /20210213_164547.jpg,20210213_164547.jpg,.jpg,192897,2025-08-06T19:34:02,1e54b34cff4942af14ec1205f6df6d94e48267bcdcbea9d85db2ac2818ff7934
/home/rich/Pictures/My princess Aileana M Sprague -1-001/My princess Aileana M Sprague /20210213_164548.jpg,20210213_164548.jpg,.jpg,220275,2025-08-06T19:34:02,b6fd2304525207faf8ffdec16cae8f2fbec53b4751d378b70c1bcae29a473f38
/home/rich/Pictures/My princess Aileana M Sprague -1-001/My princess Aileana M Sprague /20210213_164551.jpg,20210213_164551.jpg,.jpg,196346,2025-08-06T19:34:02,a83a64712498660771f72b95a494c4b0f000c1bc238dfaf7fa2e813a754a35cf
/home/rich/Pictures/My princess Aileana M Sprague -1-001/My princess Aileana M Sprague /20210213_164555.jpg,20210213_164555.jpg,.jpg,190271,2025-08-06T19:34:05,11eb0ec45df5a2afacb15ce6e2734be08e8ee80043999f8fa423f3e97ae4f351
/home/rich/Pictures/My princess Aileana M Sprague -1-001/My princess Aileana M Sprague /20210213_164700.jpg,20210213_164700.jpg,.jpg,181305,2025-08-06T19:34:03,c3625bd2acbe967a1cd0e9793ec137d51798bf651966798eea903b3d37cf39b5
/home/rich/Pictures/My princess Aileana M Sprague -1-001/My princess Aileana M Sprague /20210213_164707.jpg,20210213_164707.jpg,.jpg,137436,2025-08-06T19:34:02,9ab80dc3bc2b5e7ae09c4ebf74a29ef09204564a778c52517f01ab697ec4e098
/home/rich/Pictures/My princess Aileana M Sprague -1-001/My princess Aileana M Sprague /20210214_122620.jpg,20210214_122620.jpg,.jpg,780760,2025-08-06T19:34:02,78c478d1c469867fa7ba729d338d34041125621fe40f2017f7ed42c4c803ecc2
/home/rich/Pictures/My princess Aileana M Sprague -1-001/My princess Aileana M Sprague /20210214_122627.jpg,20210214_122627.jpg,.jpg,501808,2025-08-06T19:34:02,461a9d744c10cdb48b2152f6ed5a35105ba1f5ac79fb5ad529b0a9c980c39147
/home/rich/Pictures/My princess Aileana M Sprague -1-001/My princess Aileana M Sprague /20210214_122633.jpg,20210214_122633.jpg,.jpg,479965,2025-08-06T19:34:02,5b10dce0fd0cc849e64ca2b496dfbe406059f0e39b8ae0b0370506b10619ca7c
/home/rich/Pictures/My princess Aileana M Sprague -1-001/My princess Aileana M Sprague /20210214_122644.jpg,20210214_122644.jpg,.jpg,444953,2025-08-06T19:34:02,f56c4de86ff636d37aab21c75f58c03bdfae92c8eb7a23280af236f9fc1895ab
/home/rich/Pictures/My princess Aileana M Sprague -1-001/My princess Aileana M Sprague /20210217_090517.jpg,20210217_090517.jpg,.jpg,350446,2025-08-06T19:34:02,b1c36136ab583323658e354ea9327b0f372b098833a543bcba640d15bf453661
/home/rich/Pictures/My princess Aileana M Sprague -1-001/My princess Aileana M Sprague /20210217_090519.jpg,20210217_090519.jpg,.jpg,515955,2025-08-06T19:34:08,e629db08b44b64be1466801ffef48dd36f7d20d16db14160c039e88ae864ee97
/home/rich/Pictures/My princess Aileana M Sprague -1-001/My princess Aileana M Sprague /20210217_090525.jpg,20210217_090525.jpg,.jpg,545383,2025-08-06T19:34:02,9eec0f5284b4a364472d8785ffda6b0c510c9ad77052912a4218ccd30138ba32
/home/rich/Pictures/My princess Aileana M Sprague -1-001/My princess Aileana M Sprague /20210217_090545.jpg,20210217_090545.jpg,.jpg,621477,2025-08-06T19:34:02,a4d627237676bdd935e1790bd55fac3e78e598f8cb1c36131fda1cf0a06148b2
/home/rich/Pictures/My princess Aileana M Sprague -1-001/My princess Aileana M Sprague /20210217_090604.jpg,20210217_090604.jpg,.jpg,483340,2025-08-06T19:34:02,4f5d1c9277fff2f454df97f51d5994798e81d41c0d5d442d1f408775d2ac2dad
/home/rich/Pictures/My princess Aileana M Sprague -1-001/My princess Aileana M Sprague /20210217_090613.jpg,20210217_090613.jpg,.jpg,499342,2025-08-06T19:34:02,b8b7399ce8bbdb3d87c8c4d4b8ffd312aab5acfbba84134c2976e3b7fc325725
/home/rich/Pictures/My princess Aileana M Sprague -1-001/My princess Aileana M Sprague /20210219_014658.jpg,20210219_014658.jpg,.jpg,392250,2025-08-06T19:34:02,11355959e4a9bd5c627a791d692ee7167989e15c9be95b53801a3276af2bde5c
/home/rich/Pictures/My princess Aileana M Sprague -1-001/My princess Aileana M Sprague /20210219_014701.jpg,20210219_014701.jpg,.jpg,336092,2025-08-06T19:34:02,59c1fcf48910696e380025b63f17a9b48377012c24a180a40cf2536ed00a918a
/home/rich/Pictures/My princess Aileana M Sprague -1-001/My princess Aileana M Sprague /20210220_121811.jpg,20210220_121811.jpg,.jpg,465302,2025-08-06T19:34:09,e6a8cfc06a0ebb3a069d3f6c0eb90161ab8272d8226ac7b99cc58c83d15a7ec5
/home/rich/Pictures/My princess Aileana M Sprague -1-001/My princess Aileana M Sprague /20210220_121843.jpg,20210220_121843.jpg,.jpg,378372,2025-08-06T19:34:02,4a4b58be2497eb26b7e68b3522d740c83509f6f8788712fdb8adbbc1629aac38
/home/rich/Pictures/My princess Aileana M Sprague -1-001/My princess Aileana M Sprague /20210220_121850.jpg,20210220_121850.jpg,.jpg,429253,2025-08-06T19:34:02,34fd0a76a4533461b012cc71866e03826fed67fef134e6590ef0d4976f2e0e46
/home/rich/Pictures/My princess Aileana M Sprague -1-001/My princess Aileana M Sprague /20210220_134604.jpg,20210220_134604.jpg,.jpg,511712,2025-08-06T19:34:02,7f91082f9c09cb3e61745732cc9cf0d2a2568e375865ac83bd2906404d6260e8
/home/rich/Pictures/My princess Aileana M Sprague -1-001/My princess Aileana M Sprague /20210220_134619.jpg,20210220_134619.jpg,.jpg,309202,2025-08-06T19:34:02,9eba07b53add1e2977dddae93a199cb6574fde8225be2d4cc40bd1f2b7e531c3
/home/rich/Pictures/My princess Aileana M Sprague -1-001/My princess Aileana M Sprague /20210220_134638.jpg,20210220_134638.jpg,.jpg,386898,2025-08-06T19:34:02,c349240e22033592bae478a11250ff6c1b1e121555e7db54999503cf58f56978
/home/rich/Pictures/My princess Aileana M Sprague -1-001/My princess Aileana M Sprague /20210220_134643.jpg,20210220_134643.jpg,.jpg,368815,2025-08-06T19:34:02,0895bc0023b27a610ac9e517b6f9e6cc9e9f22d9b167d633eee655fe7591350b
/home/rich/Pictures/My princess Aileana M Sprague -1-001/My princess Aileana M Sprague /20210220_134649.jpg,20210220_134649.jpg,.jpg,505842,2025-08-06T19:34:02,923b6d1fe62507de8c6dc0bce77e35c8c780448c58e2d28d7308ca18145c9ec1
/home/rich/Pictures/My princess Aileana M Sprague -1-001/My princess Aileana M Sprague /20210220_134657.jpg,20210220_134657.jpg,.jpg,444358,2025-08-06T19:34:02,1d9c53509c8785c300d886c671e944e7e8b4cfbe15ab0cdf333cbede1bcc5f12
/home/rich/Pictures/My princess Aileana M Sprague -1-001/My princess Aileana M Sprague /20210220_134733.jpg,20210220_134733.jpg,.jpg,493113,2025-08-06T19:33:59,fef05bdb6093d83166da554d3aae71c6e08772c93eae39796d4d0dccd069edaf
/home/rich/Pictures/My princess Aileana M Sprague -1-001/My princess Aileana M Sprague /20210220_134740.jpg,20210220_134740.jpg,.jpg,471104,2025-08-06T19:34:10,7b7b4f4828278321fc2a28f2759cdadac1dce3b0b86082877e89f8da933c1082
/home/rich/Pictures/My princess Aileana M Sprague -1-001/My princess Aileana M Sprague /20210220_134750.jpg,20210220_134750.jpg,.jpg,397629,2025-08-06T19:33:59,8fbc4aad97599f23c3e2236bbefdd29de9633c92a057ea57cd18083f5927679d
/home/rich/Pictures/My princess Aileana M Sprague -1-001/My princess Aileana M Sprague /20210220_134756.jpg,20210220_134756.jpg,.jpg,368728,2025-08-06T19:33:58,095b8cfc4ba35d2abbb88e9038c987640bbc99c9896bd10a38889ef5033772b2
/home/rich/Pictures/My princess Aileana M Sprague -1-001/My princess Aileana M Sprague /20210220_134800.jpg,20210220_134800.jpg,.jpg,365023,2025-08-06T19:33:59,41aa305e9bc835035feba63de6bab29b2438440e8fad1d041fa2749bcf2ca92d
/home/rich/Pictures/My princess Aileana M Sprague -1-001/My princess Aileana M Sprague /20210220_135702.jpg,20210220_135702.jpg,.jpg,404486,2025-08-06T19:34:11,7a1fbf0957975b47ec9579121091cf3d29f3c22a800b9218ea76589ebb6f8d05
/home/rich/Pictures/My princess Aileana M Sprague -1-001/My princess Aileana M Sprague /20210220_135703.jpg,20210220_135703.jpg,.jpg,733871,2025-08-06T19:34:12,4d609f2dfff4fed145ffc5863a68659fa9bfa7a387f8aedc5e91217240fb3524
/home/rich/Pictures/My princess Aileana M Sprague -1-001/My princess Aileana M Sprague /20210220_135710_HDR.jpg,20210220_135710_HDR.jpg,.jpg,417453,2025-08-06T19:33:58,9a6be8cf94624c77f7a995b3215838ccf152801df34cb3fbd52c4c649a7f63f5
/home/rich/Pictures/My princess Aileana M Sprague -1-001/My princess Aileana M Sprague /20210220_135714.jpg,20210220_135714.jpg,.jpg,1282059,2025-08-06T19:34:02,3f22db72dcdce03e7d80c8a2176d33f27de9c0b1206832fde100c4c2bdf742aa
/home/rich/Pictures/My princess Aileana M Sprague -1-001/My princess Aileana M Sprague /20210220_135749_HDR-COLLAGE.jpg,20210220_135749_HDR-COLLAGE.jpg,.jpg,590450,2025-08-06T19:33:58,26f1226421d8b8c344b168c81c60ee123462a4591ffa8417123447903d077471
/home/rich/Pictures/My princess Aileana M Sprague -1-001/My princess Aileana M Sprague /20210220_135749_HDR.jpg,20210220_135749_HDR.jpg,.jpg,534165,2025-08-06T19:34:02,cc4f950d4ad43764b45f20e960cda4dee49371931a846e265d95ace5162a5bb8
/home/rich/Pictures/My princess Aileana M Sprague -1-001/My princess Aileana M Sprague /20210220_135802_HDR.jpg,20210220_135802_HDR.jpg,.jpg,842507,2025-08-06T19:33:58,233a5beb948e56cd6eb1d2b7886cd0a92ab8d9ec59b3d447b4e7e8e8a8d62a27
/home/rich/Pictures/My princess Aileana M Sprague -1-001/My princess Aileana M Sprague /20210220_135803_HDR.jpg,20210220_135803_HDR.jpg,.jpg,1240226,2025-08-06T19:33:58,927f07d44ed4a3a377234b7e57e92d733795b556d501356916d083db0d73b3fb
/home/rich/Pictures/My princess Aileana M Sprague -1-001/My princess Aileana M Sprague /20210220_135822_HDR.jpg,20210220_135822_HDR.jpg,.jpg,1190205,2025-08-06T19:34:02,4cd6c056f037295b1ddb2fc22c2a5d6c8e58bc245ede5141aef9df171994a704
/home/rich/Pictures/My princess Aileana M Sprague -1-001/My princess Aileana M Sprague /20210220_180543.jpg,20210220_180543.jpg,.jpg,493192,2025-08-06T19:34:03,dc57748ef413ae9c86ff551c96b45c7d0a7133bfe6fedf68846ea05696d4d22d
/home/rich/Pictures/My princess Aileana M Sprague -1-001/My princess Aileana M Sprague /20210220_180547.jpg,20210220_180547.jpg,.jpg,293177,2025-08-06T19:33:58,e49208cdbdd775b1e322a70d437698cab859173facdb654b431aef8bfb7e0e2a
/home/rich/Pictures/My princess Aileana M Sprague -1-001/My princess Aileana M Sprague /20210220_180554.jpg,20210220_180554.jpg,.jpg,382034,2025-08-06T19:33:58,00b186ef4f186a7613277c01c620d8dc8f633f7b5cffb3c6f8ffd510e8846a7b
/home/rich/Pictures/My princess Aileana M Sprague -1-001/My princess Aileana M Sprague /20210220_180605.jpg,20210220_180605.jpg,.jpg,385216,2025-08-06T19:34:02,8a1a892378d0342700c7ee241892b7125433a9097ee7051bd70afe294c9ffbf4
/home/rich/Pictures/My princess Aileana M Sprague -1-001/My princess Aileana M Sprague /20210221_121916.jpg,20210221_121916.jpg,.jpg,685155,2025-08-06T19:33:58,c889e7531c7a42bad919eb0cfbf2e81d7beb4d48121eace4057dafbc34d00bfc
/home/rich/Pictures/My princess Aileana M Sprague -1-001/My princess Aileana M Sprague /20210221_122237.jpg,20210221_122237.jpg,.jpg,479101,2025-08-06T19:34:11,39ea640f743584e8887133ecc452cf5f65fec9de518ac0b3a1d7ddb0324d3012
/home/rich/Pictures/My princess Aileana M Sprague -1-001/My princess Aileana M Sprague /20210221_231004.jpg,20210221_231004.jpg,.jpg,574900,2025-08-06T19:33:58,dd3460cfa5c4fc0ae9834bc488f2c805a6bd246561880ef9801fa88de6b0c2a8
/home/rich/Pictures/My princess Aileana M Sprague -1-001/My princess Aileana M Sprague /20210221_231026.jpg,20210221_231026.jpg,.jpg,563665,2025-08-06T19:34:02,0494d1c63f72e6fb5c100800b3b87f445719fc8db47a8b7ed53957dd55d7edf1
/home/rich/Pictures/My princess Aileana M Sprague -1-001/My princess Aileana M Sprague /20210221_231033.jpg,20210221_231033.jpg,.jpg,650199,2025-08-06T19:34:11,a36f699f8b48c30b8b8bd948aaf36b573f608f039b20114c90b22fd307658b6b
/home/rich/Pictures/My princess Aileana M Sprague -1-001/My princess Aileana M Sprague /20210221_231040.jpg,20210221_231040.jpg,.jpg,1635260,2025-08-06T19:34:06,86b3ee3a9054a488508d5dfda82b961984bbf78d4599e389a0a1fafccd117492
/home/rich/Pictures/My princess Aileana M Sprague -1-001/My princess Aileana M Sprague /20210222_124329_HDR.jpg,20210222_124329_HDR.jpg,.jpg,1766522,2025-08-06T19:33:58,7ea1ce8a00a3b3467c5cc4ddb3f03e4f00c5c226320fbfaef5dff7288ade3cdf
/home/rich/Pictures/My princess Aileana M Sprague -1-001/My princess Aileana M Sprague /20210222_124714.jpg,20210222_124714.jpg,.jpg,380699,2025-08-06T19:34:03,04384542143c3eea6c76f49d5733998f4066ef624f15eb9097dafb99c0b6b34b
/home/rich/Pictures/My princess Aileana M Sprague -1-001/My princess Aileana M Sprague /20210222_124724.jpg,20210222_124724.jpg,.jpg,555675,2025-08-06T19:33:58,15afad6fedfce9bc225619fa73309045094f92b5c95277a4c723a4e861a7a374
/home/rich/Pictures/My princess Aileana M Sprague -1-001/My princess Aileana M Sprague /20210222_124740.jpg,20210222_124740.jpg,.jpg,505744,2025-08-06T19:34:03,15bd1c6138a3beb8036a45b1dd691d829a6fdbbb430b23d4efbf4dcf971abaf5
/home/rich/Pictures/My princess Aileana M Sprague -1-001/My princess Aileana M Sprague /20210222_235904.jpg,20210222_235904.jpg,.jpg,161164,2025-08-06T19:33:58,053d8a6517e46c0bf6ceb151ecef090572f6f3b07e35e11b06915753c816eaed
/home/rich/Pictures/My princess Aileana M Sprague -1-001/My princess Aileana M Sprague /20210222_235908.jpg,20210222_235908.jpg,.jpg,172338,2025-08-06T19:33:57,41e286bf791bdfbda4bfaf9bedb4492ccb43d578000a799872798e8338e4696f
/home/rich/Pictures/My princess Aileana M Sprague -1-001/My princess Aileana M Sprague /20210222_235909.jpg,20210222_235909.jpg,.jpg,180313,2025-08-06T19:33:57,0a52a96d7ab92d86ef48b1df98edd8e59d3f019f2b24a79f6965b599aa7e1a4d
/home/rich/Pictures/My princess Aileana M Sprague -1-001/My princess Aileana M Sprague /20210222_235913.jpg,20210222_235913.jpg,.jpg,164205,2025-08-06T19:33:57,ac979739595fc17cf8a7a13366594d450ffe7f8afd15ff317a60fa3b3bcb27a2
/home/rich/Pictures/My princess Aileana M Sprague -1-001/My princess Aileana M Sprague /20210223_131450.jpg,20210223_131450.jpg,.jpg,376802,2025-08-06T19:33:58,b09cacfa340def10f06e2f2d53fe41bcfea70c60e494d8b0e6c7daefd7446df6
/home/rich/Pictures/My princess Aileana M Sprague -1-001/My princess Aileana M Sprague /20210223_153416-COLLAGE.jpg,20210223_153416-COLLAGE.jpg,.jpg,330627,2025-08-06T19:33:58,765c90d0ce209bc100a674b5de1b5238c8a049ddd0e1045162c2ad52153c1a54
/home/rich/Pictures/My princess Aileana M Sprague -1-001/My princess Aileana M Sprague /20210223_153416.jpg,20210223_153416.jpg,.jpg,184894,2025-08-06T19:33:58,958e6f2e46d1250c0b36999fead2e912d0d1877c06213de786065790f7e0d920
/home/rich/Pictures/My princess Aileana M Sprague -1-001/My princess Aileana M Sprague /20210223_153421.jpg,20210223_153421.jpg,.jpg,175796,2025-08-06T19:33:58,ca2e7060e7b216d8de5ff1cd864a98a273220b38b247d49e3b0fc95eb61afb06
/home/rich/Pictures/My princess Aileana M Sprague -1-001/My princess Aileana M Sprague /20210223_153423.jpg,20210223_153423.jpg,.jpg,203194,2025-08-06T19:33:57,76b3ffe4b4f43d51fdb69c396ebdeae938a5cfa19d43214bda6f4302a796880b
/home/rich/Pictures/My princess Aileana M Sprague -1-001/My princess Aileana M Sprague /20210223_153445.jpg,20210223_153445.jpg,.jpg,166144,2025-08-06T19:33:58,7e1363ce5fe79ea915f2417950a0e24e9ab9812fb8c0919b3fb3cd43b9d80bf7
/home/rich/Pictures/My princess Aileana M Sprague -1-001/My princess Aileana M Sprague /20210223_153447.jpg,20210223_153447.jpg,.jpg,176983,2025-08-06T19:34:02,a179c2ead9186b8a4e0882f8ce1a41e12afc74593354dda8b271a222d60bd35d
/home/rich/Pictures/My princess Aileana M Sprague -1-001/My princess Aileana M Sprague /20210223_153449.jpg,20210223_153449.jpg,.jpg,165349,2025-08-06T19:33:58,757fe7bd9eda2146640f0ce78c5853b1eef54264ac3831dcd8fed02f09d1a253
/home/rich/Pictures/My princess Aileana M Sprague -1-001/My princess Aileana M Sprague /20210223_153506.jpg,20210223_153506.jpg,.jpg,432725,2025-08-06T19:33:57,c338eb42f2115981c2e3a6a8c46eb8aef3865c066f51632765a33c5e395d1b32
/home/rich/Pictures/My princess Aileana M Sprague -1-001/My princess Aileana M Sprague /20210223_153515.jpg,20210223_153515.jpg,.jpg,353695,2025-08-06T19:33:57,0f0d0c3f4a30117aaa83339048aa68a55e5eb0932eb8b6c48891fc3f2ab5e44c
/home/rich/Pictures/My princess Aileana M Sprague -1-001/My princess Aileana M Sprague /20210223_153528.jpg,20210223_153528.jpg,.jpg,284084,2025-08-06T19:33:58,5bcf0f8760447126c8ac8cb268bb424c5481f95de3c9198479e9d7a0ec2526f1
/home/rich/Pictures/My princess Aileana M Sprague -1-001/My princess Aileana M Sprague /20210223_205533.jpg,20210223_205533.jpg,.jpg,744801,2025-08-06T19:33:57,52f09745e1be19c85681eec37bb5a6331bfc79fe72d12f95f8e12ff2fa028d45
/home/rich/Pictures/My princess Aileana M Sprague -1-001/My princess Aileana M Sprague /20210223_205537.jpg,20210223_205537.jpg,.jpg,399839,2025-08-06T19:33:57,e6fcde295411033c4111dd97eef2bff8f931826797b95c27f762dbb08eea0ea6
/home/rich/Pictures/My princess Aileana M Sprague -1-001/My princess Aileana M Sprague /20210223_224510.jpg,20210223_224510.jpg,.jpg,201955,2025-08-06T19:33:57,6c56a90511014f9a012c1b035adb1d6ab5ee2281a6ed9587aa394a59525e4a94
/home/rich/Pictures/My princess Aileana M Sprague -1-001/My princess Aileana M Sprague /20210223_224513.jpg,20210223_224513.jpg,.jpg,190685,2025-08-06T19:33:57,df39f217393db941af32a37912a4cde64bc55933aac76a799b048ca229f86ee3
/home/rich/Pictures/My princess Aileana M Sprague -1-001/My princess Aileana M Sprague /20210223_224523.jpg,20210223_224523.jpg,.jpg,270857,2025-08-06T19:33:57,24ac5f371342a5bc44406b9b187f21fd7c8558c56bbbc20e1ab14d94e8666509
/home/rich/Pictures/My princess Aileana M Sprague -1-001/My princess Aileana M Sprague /20210223_224531.jpg,20210223_224531.jpg,.jpg,246147,2025-08-06T19:33:57,eafc995b337b7f0848f4f1a07baaa62c364ad590cd2d1245c28b3ca519e6ed69
/home/rich/Pictures/My princess Aileana M Sprague -1-001/My princess Aileana M Sprague /20210225_001105.jpg,20210225_001105.jpg,.jpg,1841075,2025-08-06T19:33:57,f297a221600e48d7f187cd9593592ec69ab1e5d5031544f82be087ca859b66d2
/home/rich/Pictures/My princess Aileana M Sprague -1-001/My princess Aileana M Sprague /20210225_001112.jpg,20210225_001112.jpg,.jpg,623103,2025-08-06T19:33:59,84ee94eead58136012c6ad1df303755ad12362c398909ee9568f1ebe41b7caf1
/home/rich/Pictures/My princess Aileana M Sprague -1-001/My princess Aileana M Sprague /20210225_001124.jpg,20210225_001124.jpg,.jpg,439155,2025-08-06T19:33:58,3a685b46506756da8b10a3f1afde305c25429085ac2b91608664da8448c501a2
/home/rich/Pictures/My princess Aileana M Sprague -1-001/My princess Aileana M Sprague /20210225_175049-COLLAGE.jpg,20210225_175049-COLLAGE.jpg,.jpg,263069,2025-08-06T19:33:57,34fb7acf904c252cde3a3e38af8b4beadc9802c0c4f117b4dbfe8f484bf5d8da
/home/rich/Pictures/My princess Aileana M Sprague -1-001/My princess Aileana M Sprague /20210225_175049.jpg,20210225_175049.jpg,.jpg,286223,2025-08-06T19:34:02,e717c6c4ae87fa113c5e43c6251ce48dd31163c6b8d6fc81a273131ca26ab9a6
/home/rich/Pictures/My princess Aileana M Sprague -1-001/My princess Aileana M Sprague /20210225_175049_(1).jpg,20210225_175049_(1).jpg,.jpg,177665,2025-08-06T19:34:03,c1a79f613760ec55a8ec5e743f7db14d96c4f6e90e0e278e95dd6732971a68a2
/home/rich/Pictures/My princess Aileana M Sprague -1-001/My princess Aileana M Sprague /20210225_175054_(1).jpg,20210225_175054_(1).jpg,.jpg,166860,2025-08-06T19:33:57,314687276ae2ee801e12845b834ae11e0d896703cbdec4c4c92019053c26e688
/home/rich/Pictures/My princess Aileana M Sprague -1-001/My princess Aileana M Sprague /20210225_175108_(1).jpg,20210225_175108_(1).jpg,.jpg,119920,2025-08-06T19:33:57,c757bb7ae7fa7ce4d6c860b75ee4e2b1a1a9ae6dbbf2d1845ed2527c4b8fc178
/home/rich/Pictures/My princess Aileana M Sprague -1-001/My princess Aileana M Sprague /20210225_175111.jpg,20210225_175111.jpg,.jpg,382213,2025-08-06T19:33:57,2197c3a5e0ca538148bea89c0012f5b7d4a045baa94f45e913e264b2b0f41fca
/home/rich/Pictures/My princess Aileana M Sprague -1-001/My princess Aileana M Sprague /20210225_175111_(1).jpg,20210225_175111_(1).jpg,.jpg,250506,2025-08-06T19:33:58,99200f06f16ffe6a5fc858add4faf937b0fbac0e8daa7dd4bfdd58021d8290ad
/home/rich/Pictures/My princess Aileana M Sprague -1-001/My princess Aileana M Sprague /20210225_175119.jpg,20210225_175119.jpg,.jpg,462052,2025-08-06T19:33:59,d4001ef18296bb55576e7140b9204a97d22fb332500bdb980ff21fd1686c25c6
/home/rich/Pictures/My princess Aileana M Sprague -1-001/My princess Aileana M Sprague /20210225_175121.jpg,20210225_175121.jpg,.jpg,403161,2025-08-06T19:33:57,22100afc609f48afa0e077e674fe069fd3b1eee6e1ab72bfbf11cf1c9488d152
/home/rich/Pictures/My princess Aileana M Sprague -1-001/My princess Aileana M Sprague /20210225_175121_(1).jpg,20210225_175121_(1).jpg,.jpg,248271,2025-08-06T19:33:57,ff4f633bb024dc247ba470d67f82155527ef987feaa1248702fb5de1805074f5
/home/rich/Pictures/My princess Aileana M Sprague -1-001/My princess Aileana M Sprague /20210225_175357.jpg,20210225_175357.jpg,.jpg,232568,2025-08-06T19:34:20,e8ed8edc89f45de9d874070d66a793c66adab60dbe12d70a48a306f747a8f09d
/home/rich/Pictures/My princess Aileana M Sprague -1-001/My princess Aileana M Sprague /20210225_175449.jpg,20210225_175449.jpg,.jpg,264071,2025-08-06T19:33:59,f97bf49e01828fa26a004bdee4094cf779e7d0d896b5388721216b944ffb16e0
/home/rich/Pictures/My princess Aileana M Sprague -1-001/My princess Aileana M Sprague /20210225_175454.jpg,20210225_175454.jpg,.jpg,282795,2025-08-06T19:33:57,dc2d3aa433383493fe081818b0fd727bc2cf2448cce57bae56392b10a60ec449
/home/rich/Pictures/My princess Aileana M Sprague -1-001/My princess Aileana M Sprague /20210225_175454_(1).jpg,20210225_175454_(1).jpg,.jpg,198497,2025-08-06T19:33:57,19c4ea5d6d99c5c05b49f4b75a3536fa4d5cbfcac5539d9c3dd402c84e14458f
/home/rich/Pictures/My princess Aileana M Sprague -1-001/My princess Aileana M Sprague /20210227_024430.jpg,20210227_024430.jpg,.jpg,490897,2025-08-06T19:33:57,29bd7e78175e70103997354dab580e263cf07f32bb919a39834e077f8610b103
/home/rich/Pictures/My princess Aileana M Sprague -1-001/My princess Aileana M Sprague /20210227_131844.jpg,20210227_131844.jpg,.jpg,508320,2025-08-06T19:34:02,1ceaad7bea8f5058fc4e2d1e82c63dbff01a58accb1ae1d0c29e744423f7c17a
/home/rich/Pictures/My princess Aileana M Sprague -1-001/My princess Aileana M Sprague /20210227_142158-COLLAGE.jpg,20210227_142158-COLLAGE.jpg,.jpg,400704,2025-08-06T19:33:57,eed747572d485d52889013ea0a02be05c04dab07862ebf5690c1a79a7e4214f5
/home/rich/Pictures/My princess Aileana M Sprague -1-001/My princess Aileana M Sprague /20210227_154424.jpg,20210227_154424.jpg,.jpg,395062,2025-08-06T19:33:57,d948f41db3fe7bb06a5afc5cc3279f48a1260c975ed28d8728a7e229fc1fcde1
/home/rich/Pictures/My princess Aileana M Sprague -1-001/My princess Aileana M Sprague /20210227_154430.jpg,20210227_154430.jpg,.jpg,404595,2025-08-06T19:33:57,20ba662704e3b0857b96308f4f8be5ac3b5b007afe038533b170e8f6da0a98fc
/home/rich/Pictures/My princess Aileana M Sprague -1-001/My princess Aileana M Sprague /20210227_154432.jpg,20210227_154432.jpg,.jpg,390745,2025-08-06T19:33:56,ea6558826111b35725d89fd4595643acc769bb22b9cc482bc4119dbb3edfb0f5
/home/rich/Pictures/My princess Aileana M Sprague -1-001/My princess Aileana M Sprague /20210227_154438.jpg,20210227_154438.jpg,.jpg,359591,2025-08-06T19:33:56,ed6e0bfe914f365e4477ac07b3cd6141088c55b2567d512d654abc5dd9cadf3e
/home/rich/Pictures/My princess Aileana M Sprague -1-001/My princess Aileana M Sprague /20210227_161332-COLLAGE.jpg,20210227_161332-COLLAGE.jpg,.jpg,528560,2025-08-06T19:33:56,39c208cb8f900fc5d4fe578673c68a1671ed0b1ea1b3a5daa26b9e26a76c7c0a
/home/rich/Pictures/My princess Aileana M Sprague -1-001/My princess Aileana M Sprague /20210227_161332.jpg,20210227_161332.jpg,.jpg,544641,2025-08-06T19:34:02,49e2e025b03fb5d289c77913bf4e6182eb3d4566ed25a9f32c3cbd80438f48ce
/home/rich/Pictures/My princess Aileana M Sprague -1-001/My princess Aileana M Sprague /20210227_161334.jpg,20210227_161334.jpg,.jpg,683106,2025-08-06T19:33:58,9bf650dccaa0c6147886334cc1443c764799dd5aa880ff671564340103048e62
/home/rich/Pictures/My princess Aileana M Sprague -1-001/My princess Aileana M Sprague /20210227_161342.jpg,20210227_161342.jpg,.jpg,554065,2025-08-06T19:33:56,fec3e47867bc7f9d04c4023573c93d9cbefebc285ec6d4eb3a8693db1f95ed97
/home/rich/Pictures/My princess Aileana M Sprague -1-001/My princess Aileana M Sprague /20210227_161355.jpg,20210227_161355.jpg,.jpg,536164,2025-08-06T19:34:02,cd29016b7bf32a9e27740bd100fa7fdccc825ab7eeb0d29d502a6692cebc9ca7
/home/rich/Pictures/My princess Aileana M Sprague -1-001/My princess Aileana M Sprague /20210227_161503.jpg,20210227_161503.jpg,.jpg,580113,2025-08-06T19:33:56,5ec371aef2e809d54d30136216961d9309f18299eff87709d39717281331b9fd
/home/rich/Pictures/My princess Aileana M Sprague -1-001/My princess Aileana M Sprague /20210227_162016.jpg,20210227_162016.jpg,.jpg,687921,2025-08-06T19:33:57,707123c041334b4774cb26ad44723ce94881b0eba7220937e7e926bbea47c256
/home/rich/Pictures/My princess Aileana M Sprague -1-001/My princess Aileana M Sprague /20210227_162018.jpg,20210227_162018.jpg,.jpg,709149,2025-08-06T19:33:57,0bad852c5497c2405e39d8d19c48a639b1d92f6a679ef8be6bdec700dd17c1de
/home/rich/Pictures/My princess Aileana M Sprague -1-001/My princess Aileana M Sprague /20210227_162021.jpg,20210227_162021.jpg,.jpg,565405,2025-08-06T19:33:56,59bc10e1d899452340d1c28b4e6c03b551f25745dd5d68ac28afb7d7f8147df4
/home/rich/Pictures/My princess Aileana M Sprague -1-001/My princess Aileana M Sprague /20210227_234949.jpg,20210227_234949.jpg,.jpg,481517,2025-08-06T19:34:02,282a9eed6ca038ad133645fb3c8d9614409f1658c1fe4495579db9936bda6b1f
/home/rich/Pictures/My princess Aileana M Sprague -1-001/My princess Aileana M Sprague /20210228_141319.jpg,20210228_141319.jpg,.jpg,401124,2025-08-06T19:33:56,27c0b080545827eeb205e4cc51abdbe0db8a7a1aa0d49c52eafea586f0d9f608
/home/rich/Pictures/My princess Aileana M Sprague -1-001/My princess Aileana M Sprague /20210302_144053.jpg,20210302_144053.jpg,.jpg,510523,2025-08-06T19:33:56,ad586f0f54a99a038ffb5bc11ed8e9f31fab0c575732d828ddb560c7042ad411
/home/rich/Pictures/My princess Aileana M Sprague -1-001/My princess Aileana M Sprague /20210302_151208.jpg,20210302_151208.jpg,.jpg,605498,2025-08-06T19:33:57,b4ac4d658ae4fbdbaca46e3793c87980c56468619a89dfb2ee0a0d4d345dc12d
/home/rich/Pictures/My princess Aileana M Sprague -1-001/My princess Aileana M Sprague /20210302_151212.jpg,20210302_151212.jpg,.jpg,625450,2025-08-06T19:33:56,bfc170b44cc085873efb74ec940d03f6ac62057a2ca9b55ed8be843c7b845f9a
/home/rich/Pictures/My princess Aileana M Sprague -1-001/My princess Aileana M Sprague /20210302_151301.jpg,20210302_151301.jpg,.jpg,281719,2025-08-06T19:33:56,5dbd92ecee490318bce73fa7278fede5a39ff98366e5bd3c94837c2c4bdbe8c2
/home/rich/Pictures/My princess Aileana M Sprague -1-001/My princess Aileana M Sprague /20210302_151348.jpg,20210302_151348.jpg,.jpg,202286,2025-08-06T19:34:02,118c8a140e0ea7c20f057c133f5a58a1eb867c4444c24dc418ce3b141c9ecba8
/home/rich/Pictures/My princess Aileana M Sprague -1-001/My princess Aileana M Sprague /20210306_132337.jpg,20210306_132337.jpg,.jpg,455605,2025-08-06T19:33:56,a240504b20e053810bc0ee57c2c08898ac0156befadb9a6d1922c05506eaccb5
/home/rich/Pictures/My princess Aileana M Sprague -1-001/My princess Aileana M Sprague /20210306_132339.jpg,20210306_132339.jpg,.jpg,393924,2025-08-06T19:33:57,6ec5e3ba40a32c6d67113f1b5efe48796f4f6fd771847b68c908d5f5ec4d0533
/home/rich/Pictures/My princess Aileana M Sprague -1-001/My princess Aileana M Sprague /20210306_132408.jpg,20210306_132408.jpg,.jpg,377926,2025-08-06T19:33:56,ecfa7cae2cad9e866c2b5f4b91c24100182699be4958c6aa5cad2b6c65df6a0a
/home/rich/Pictures/My princess Aileana M Sprague -1-001/My princess Aileana M Sprague /20210306_132415.jpg,20210306_132415.jpg,.jpg,407518,2025-08-06T19:33:56,2b85f1f9d90d9f23474a436e59f9d68026ca621c8de2a634731d9372e1634aed
/home/rich/Pictures/My princess Aileana M Sprague -1-001/My princess Aileana M Sprague /20210306_132453.jpg,20210306_132453.jpg,.jpg,147567,2025-08-06T19:33:56,5b6cab8176d631054f07c69907ffc076fbddcca0ddeef2bb0395a9f8f4726ac0
/home/rich/Pictures/My princess Aileana M Sprague -1-001/My princess Aileana M Sprague /20210306_132502.jpg,20210306_132502.jpg,.jpg,110149,2025-08-06T19:33:56,45fefdbd482eedf416c01b2c81e9efeb750ab43beec962c72aeacfb3fd4bf6e0
/home/rich/Pictures/My princess Aileana M Sprague -1-001/My princess Aileana M Sprague /20210308_150539_HDR.jpg,20210308_150539_HDR.jpg,.jpg,2936309,2025-08-06T19:34:02,3216560e3036d258f54d1990497e56ce408cd765b7c67bf832366dd345d27668
/home/rich/Pictures/My princess Aileana M Sprague -1-001/My princess Aileana M Sprague /20210308_150555_HDR.jpg,20210308_150555_HDR.jpg,.jpg,2951377,2025-08-06T19:33:58,bdd5b89e3171f380dee1dd2fc67adeabe5aec881911fed549be1dc78c03f3341
/home/rich/Pictures/My princess Aileana M Sprague -1-001/My princess Aileana M Sprague /20210308_151004.jpg,20210308_151004.jpg,.jpg,3722344,2025-08-06T19:33:56,95928dba9ca84c41e464aa964978b3f4c6ad232629607e83a8a2a5e6bf70122c
/home/rich/Pictures/My princess Aileana M Sprague -1-001/My princess Aileana M Sprague /20210308_151032.jpg,20210308_151032.jpg,.jpg,3930336,2025-08-06T19:33:56,f5d5590269d7d3e9c198304b822b5b47abb750d39b5ea6ac465ab7accc1e2b45
/home/rich/Pictures/My princess Aileana M Sprague -1-001/My princess Aileana M Sprague /20210308_151302_HDR.jpg,20210308_151302_HDR.jpg,.jpg,2600112,2025-08-06T19:34:03,92ca03c3b5739eadd9fb11276d5d35445a2476cd74744149ecdc18aae31a801f
/home/rich/Pictures/My princess Aileana M Sprague -1-001/My princess Aileana M Sprague /20210308_151308_HDR.jpg,20210308_151308_HDR.jpg,.jpg,3152559,2025-08-06T19:33:56,eba6e3f14b27ce6bd0e5cdde85b71b0eb4e24c6361e616444644f1c2d6bb1a34
/home/rich/Pictures/My princess Aileana M Sprague -1-001/My princess Aileana M Sprague /20210308_151317_HDR.jpg,20210308_151317_HDR.jpg,.jpg,1245685,2025-08-06T19:33:56,73c8f3d192df4ae7f66dd97475c8e6eb6fb0a387755f4c99ed8bfca555887b4a
/home/rich/Pictures/My princess Aileana M Sprague -1-001/My princess Aileana M Sprague /20210308_151320_HDR.jpg,20210308_151320_HDR.jpg,.jpg,1241408,2025-08-06T19:33:56,c2c49e428734b60c2fd2ca29dad84a80c2bf08ed57ff9a242d97af4b7915f688
/home/rich/Pictures/My princess Aileana M Sprague -1-001/My princess Aileana M Sprague /20210308_151331_HDR.jpg,20210308_151331_HDR.jpg,.jpg,1164306,2025-08-06T19:33:56,cdc1bcd8b781bd2f8193e0087e1ecdd8e78938d30e0beebf50f15473234a526a
/home/rich/Pictures/My princess Aileana M Sprague -1-001/My princess Aileana M Sprague /20210308_151334_HDR.jpg,20210308_151334_HDR.jpg,.jpg,1175989,2025-08-06T19:33:56,4ebafcb06249fb8dda12cc126a527416a73e6d8dad4c69c09ddfefeff3aaf676
/home/rich/Pictures/My princess Aileana M Sprague -1-001/My princess Aileana M Sprague /20210308_151340_HDR.jpg,20210308_151340_HDR.jpg,.jpg,1204670,2025-08-06T19:33:56,5a2537e0728020241b3511b3e91cc7f4f71875634e4e749f2f13ca8dbd85892e
/home/rich/Pictures/My princess Aileana M Sprague -1-001/My princess Aileana M Sprague /20210308_151342_HDR.jpg,20210308_151342_HDR.jpg,.jpg,1011094,2025-08-06T19:33:56,57836d71204a97fef0edcf6bd71d55ef1b3895c5dd4d566e6c8b6290da7b9d6e
/home/rich/Pictures/My princess Aileana M Sprague -1-001/My princess Aileana M Sprague /20210308_151343_HDR.jpg,20210308_151343_HDR.jpg,.jpg,995828,2025-08-06T19:33:57,7d89ad5f5b427319c9a98a8a0958bb821a8e21baa6071d5b09c4d8cba481632c
/home/rich/Pictures/My princess Aileana M Sprague -1-001/My princess Aileana M Sprague /20210311_102818.jpg,20210311_102818.jpg,.jpg,483076,2025-08-06T19:33:56,734979b85e2bbeb8fc2a2c0f6eb690166c5ae9546b6fa17558e37ec3518fb9e8
/home/rich/Pictures/My princess Aileana M Sprague -1-001/My princess Aileana M Sprague /20210311_102825-COLLAGE.jpg,20210311_102825-COLLAGE.jpg,.jpg,649678,2025-08-06T19:33:56,d675a5e15d2dba6052bb83e55fe45d6c0e2dc6f0f2485a4b870088a140232dc6
/home/rich/Pictures/My princess Aileana M Sprague -1-001/My princess Aileana M Sprague /20210311_102825.jpg,20210311_102825.jpg,.jpg,430731,2025-08-06T19:33:56,4f882741974d31120fe6dc112cfd34768fb9c3120dc8b08d1d3829c74fbe9be2
/home/rich/Pictures/My princess Aileana M Sprague -1-001/My princess Aileana M Sprague /20210311_102848.jpg,20210311_102848.jpg,.jpg,735038,2025-08-06T19:33:56,29fad8095ec578aeb7017cf5156eb48a9cb3bd65a7ec48b72df2938bc8daddfb
/home/rich/Pictures/My princess Aileana M Sprague -1-001/My princess Aileana M Sprague /20210311_103026.jpg,20210311_103026.jpg,.jpg,777855,2025-08-06T19:34:03,cfe86282e476b87d7489ad31265593d182d17c9b249b4da45e93455b84447eaf
/home/rich/Pictures/My princess Aileana M Sprague -1-001/My princess Aileana M Sprague /20210311_103029.jpg,20210311_103029.jpg,.jpg,1203900,2025-08-06T19:34:03,bff91179e12f51e420b19f812ea97d6fe61656d2a26c46ec559ad95c74193728
/home/rich/Pictures/My princess Aileana M Sprague -1-001/My princess Aileana M Sprague /20210311_103031.jpg,20210311_103031.jpg,.jpg,1402130,2025-08-06T19:33:54,ba1ff733a2abb0b4354504b50efe4fb36ff46cfd04cbb9104e1f249017e55997
/home/rich/Pictures/My princess Aileana M Sprague -1-001/My princess Aileana M Sprague /20210311_104601.jpg,20210311_104601.jpg,.jpg,367660,2025-08-06T19:33:54,f225561cd977a176b5916e63139d2c4d4cbe5583a9dbe90382bc208886bfe90b
/home/rich/Pictures/My princess Aileana M Sprague -1-001/My princess Aileana M Sprague /20210311_222124.jpg,20210311_222124.jpg,.jpg,295932,2025-08-06T19:33:56,38de6e6120cd118ac98d4029b45e214bf87c44f5bc7c4b1923cf114d36b30c48
/home/rich/Pictures/My princess Aileana M Sprague -1-001/My princess Aileana M Sprague /20210313_140719.jpg,20210313_140719.jpg,.jpg,605570,2025-08-06T19:33:54,b0612b8a312cc53454e927820dd804d85bb1989f674f4f9b4457cff39e99d83d
/home/rich/Pictures/My princess Aileana M Sprague -1-001/My princess Aileana M Sprague /20210313_142425.jpg,20210313_142425.jpg,.jpg,441145,2025-08-06T19:33:54,2b7b8aabfced947334b14f2786319d9ba67130540f09737589efe36ae7924353
/home/rich/Pictures/My princess Aileana M Sprague -1-001/My princess Aileana M Sprague /20210313_142428.jpg,20210313_142428.jpg,.jpg,631368,2025-08-06T19:33:56,4d0d100f4609d80bb9af6348bdf3018d3c1f178572af3de82e7c6a199f460091
/home/rich/Pictures/My princess Aileana M Sprague -1-001/My princess Aileana M Sprague /20210313_153747_HDR.jpg,20210313_153747_HDR.jpg,.jpg,716744,2025-08-06T19:33:54,f4991b9403e3635a27f5ffe3d9b9c46f5a8fc51f82f6ef2c2858990fa418ad62
/home/rich/Pictures/My princess Aileana M Sprague -1-001/My princess Aileana M Sprague /20210313_153754_HDR.jpg,20210313_153754_HDR.jpg,.jpg,1031097,2025-08-06T19:33:54,743f20e62e2ad8634fec4a4a080322799e698ffac110be8312e66d12b681138d
/home/rich/Pictures/My princess Aileana M Sprague -1-001/My princess Aileana M Sprague /20210316_124235.jpg,20210316_124235.jpg,.jpg,1952019,2025-08-06T19:33:56,5432fa345f474ad2adc94fe16636f4c0bb7ba246d4eff43dea54ff1c780b26fb
/home/rich/Pictures/My princess Aileana M Sprague -1-001/My princess Aileana M Sprague /20210316_124254.jpg,20210316_124254.jpg,.jpg,658645,2025-08-06T19:33:56,10fcbdd09a50f49eae069453af61c18d0c42d37e3c425e126af87de381367a3d
/home/rich/Pictures/My princess Aileana M Sprague -1-001/My princess Aileana M Sprague /20210610_000848.jpg,20210610_000848.jpg,.jpg,252028,2025-08-06T19:34:03,1471c2b31400846536a9d9fd3d1fccaf1d2e2bcbdfb273095ce2a6e6c4354216
/home/rich/Pictures/My princess Aileana M Sprague -1-001/My princess Aileana M Sprague /20210610_000851.jpg,20210610_000851.jpg,.jpg,266876,2025-08-06T19:33:54,495d22417747cb5aa0d39e7c7bb65a1cc7ac80b2d8366e88eca8e5169323dfd9
/home/rich/Pictures/My princess Aileana M Sprague -1-001/My princess Aileana M Sprague /20210610_000906.jpg,20210610_000906.jpg,.jpg,217970,2025-08-06T19:33:56,90501dd541f34927ca44878d039d5c64420ce66b10d2e7bb52cc3ae6936727f5
/home/rich/Pictures/My princess Aileana M Sprague -1-001/My princess Aileana M Sprague /20210610_000913.jpg,20210610_000913.jpg,.jpg,280793,2025-08-06T19:33:54,5ebdc199fa949968fb225b9a68032d7f4fb8bceee54f72590791ca9e4017b3fe
/home/rich/Pictures/My princess Aileana M Sprague -1-001/My princess Aileana M Sprague /20210610_000922.jpg,20210610_000922.jpg,.jpg,205277,2025-08-06T19:33:53,1ace6dad0abd1d58205c485411af2bc1d45b82bbbc8308dd585d2243881354f3
/home/rich/Pictures/My princess Aileana M Sprague -1-001/My princess Aileana M Sprague /20210610_001029.jpg,20210610_001029.jpg,.jpg,414598,2025-08-06T19:33:54,76bac55cb05a3940d36e1d04781c03c5cd73069b97e963b1e8eed478d8febdaa
/home/rich/Pictures/My princess Aileana M Sprague -1-001/My princess Aileana M Sprague /20210610_001034.jpg,20210610_001034.jpg,.jpg,543479,2025-08-06T19:33:54,b48003250e8e96100bd932e94c45cc1b6a3945b7624ec8b088c9e5dd19631a55
/home/rich/Pictures/My princess Aileana M Sprague -1-001/My princess Aileana M Sprague /20210616_143103.jpg,20210616_143103.jpg,.jpg,186399,2025-08-06T19:33:53,f6907b7ccbc201ca7db6793f595cff6a4b2fe6470e8751c2e96488f00cd91d9d
/home/rich/Pictures/My princess Aileana M Sprague -1-001/My princess Aileana M Sprague /20210616_143211.jpg,20210616_143211.jpg,.jpg,228266,2025-08-06T19:33:53,98dbec4bf1ed44d879a303fb59ca3a6a8322fbadc608e09ff272c0b9ad8d5d41
/home/rich/Pictures/My princess Aileana M Sprague -1-001/My princess Aileana M Sprague /20210616_143219.jpg,20210616_143219.jpg,.jpg,43051,2025-08-06T19:33:57,a815c9a818f8608fe7fd6477db858726d99dfd8f49a0cb5c06420600b4b59366
/home/rich/Pictures/My princess Aileana M Sprague -1-001/My princess Aileana M Sprague /20210616_143234.jpg,20210616_143234.jpg,.jpg,51389,2025-08-06T19:33:54,73453e5ff852a357a4885f60184a00d5038a71477028ed00a93b1578ee3bb921
/home/rich/Pictures/My princess Aileana M Sprague -1-001/My princess Aileana M Sprague /20210616_143247.jpg,20210616_143247.jpg,.jpg,215941,2025-08-06T19:33:54,70c26eee1b53c7d575b95523de3a252f779fb8e5845a6201f544bf4c7c4b30c3
/home/rich/Pictures/My princess Aileana M Sprague -1-001/My princess Aileana M Sprague /20210620_135800.jpg,20210620_135800.jpg,.jpg,105735,2025-08-06T19:33:53,fb26bc3474fb1e02c767088fee1161a510c92e11ded6d9285e086ffc3bef5744
/home/rich/Pictures/My princess Aileana M Sprague -1-001/My princess Aileana M Sprague /20210620_135812.jpg,20210620_135812.jpg,.jpg,100393,2025-08-06T19:33:54,ae9cb59b4f206c6b2e3a8e224ea387e2fc77bd93e65ce0aa34ac5161bd5b1155
/home/rich/Pictures/My princess Aileana M Sprague -1-001/My princess Aileana M Sprague /20210620_140138.jpg,20210620_140138.jpg,.jpg,281686,2025-08-06T19:33:54,8e29110512a60bd4ab47347dd414a09144922801cc41a15055afba92cf99adac
/home/rich/Pictures/My princess Aileana M Sprague -1-001/My princess Aileana M Sprague /20210624_162057_HDR.jpg,20210624_162057_HDR.jpg,.jpg,371791,2025-08-06T19:33:53,28b771f72abfef5440976f9c6f28fca03647fde74f68627fb7162b0ed7d45ad7
/home/rich/Pictures/My princess Aileana M Sprague -1-001/My princess Aileana M Sprague /20210624_162121_HDR.jpg,20210624_162121_HDR.jpg,.jpg,380727,2025-08-06T19:33:54,c0abd9c38a0ce387865476b7cc9d5ed705b2da53511f138ccfd1102676854c93
/home/rich/Pictures/My princess Aileana M Sprague -1-001/My princess Aileana M Sprague /20210624_162131.jpg,20210624_162131.jpg,.jpg,388788,2025-08-06T19:33:53,36fdc3346210140813201483e95db98161fde1d396b26c96d5c6f7667e57460d
/home/rich/Pictures/My princess Aileana M Sprague -1-001/My princess Aileana M Sprague /20210701_195857.jpg,20210701_195857.jpg,.jpg,319645,2025-08-06T19:33:53,5f45608bc047469478d45781a6cc753592e9b8277c1fa5006ca861512f283d27
/home/rich/Pictures/My princess Aileana M Sprague -1-001/My princess Aileana M Sprague /20210701_195859.jpg,20210701_195859.jpg,.jpg,346412,2025-08-06T19:33:57,92d687fffea7d6749779f48035d77c7895455702fdc1996626e2faee0f1a7c59
/home/rich/Pictures/My princess Aileana M Sprague -1-001/My princess Aileana M Sprague /20210704_183643.jpg,20210704_183643.jpg,.jpg,215620,2025-08-06T19:33:54,6b6d3746695a9b5439755fd928cb9374fdd71dfcdffe5a2c7eb0f3e9eb24a043
/home/rich/Pictures/My princess Aileana M Sprague -1-001/My princess Aileana M Sprague /20210704_183818.jpg,20210704_183818.jpg,.jpg,214272,2025-08-06T19:33:53,635b8390c2571d6abe7d4c8a436e618abaa822af33ef850cf807391c91668138
/home/rich/Pictures/My princess Aileana M Sprague -1-001/My princess Aileana M Sprague /20210704_185255.jpg,20210704_185255.jpg,.jpg,69294,2025-08-06T19:33:57,960c191a01997f138d06c0ab328bd3abcbcd541fccac39db6b4fce173172161a
/home/rich/Pictures/My princess Aileana M Sprague -1-001/My princess Aileana M Sprague /20210704_204414.jpg,20210704_204414.jpg,.jpg,354953,2025-08-06T19:33:53,be71a460a2f08c0bc8e85d3ea686afacc09258bf4ec0d102d5ab777d7c4a619e
/home/rich/Pictures/My princess Aileana M Sprague -1-001/My princess Aileana M Sprague /20210704_204421.jpg,20210704_204421.jpg,.jpg,306241,2025-08-06T19:33:53,4bdc03e362add93108e2fcf065a4c25155e1b9a1f970226c428d1f4f135ace81
/home/rich/Pictures/My princess Aileana M Sprague -1-001/My princess Aileana M Sprague /20210704_204440.jpg,20210704_204440.jpg,.jpg,1787960,2025-08-06T19:33:53,d24deb5abcae9ce7b4cc39d224c65292cb51310ed2d02d537763991d7cdf425d
/home/rich/Pictures/My princess Aileana M Sprague -1-001/My princess Aileana M Sprague /20210704_204506.jpg,20210704_204506.jpg,.jpg,411708,2025-08-06T19:33:53,d1285a8aef4d9e23129ad6ee5c0466bb096b47f36c400e67b716704cbbb8c096
/home/rich/Pictures/My princess Aileana M Sprague -1-001/My princess Aileana M Sprague /20210704_212600.jpg,20210704_212600.jpg,.jpg,67297,2025-08-06T19:33:53,43a19e9d968bbb1681becf81aa021ffaee5423987bb8fe27c699fa8e6ede21bc
/home/rich/Pictures/My princess Aileana M Sprague -1-001/My princess Aileana M Sprague /20210704_212601.jpg,20210704_212601.jpg,.jpg,112083,2025-08-06T19:33:57,a2804276d1783b8542862da562543dbeacfad41b2344c2074b60b4ad663c16f2
/home/rich/Pictures/My princess Aileana M Sprague -1-001/My princess Aileana M Sprague /20210704_212700.jpg,20210704_212700.jpg,.jpg,57349,2025-08-06T19:33:53,249895cf74c8bed59667bfe42c93cc488100b0c29541a8fe5a157c59800dca81
/home/rich/Pictures/My princess Aileana M Sprague -1-001/My princess Aileana M Sprague /20210704_212702.jpg,20210704_212702.jpg,.jpg,72678,2025-08-06T19:33:53,ca0c4862e5cbb194d2b981dbfe05d9e3a28e1507f6ce2a53be93a471eb5ae57b
/home/rich/Pictures/My princess Aileana M Sprague -1-001/My princess Aileana M Sprague /20210704_212705.jpg,20210704_212705.jpg,.jpg,66720,2025-08-06T19:33:53,97bc47ce986304f2f50debcfb66139c22eb30b742d63e250b1c1f76d3a942037
/home/rich/Pictures/My princess Aileana M Sprague -1-001/My princess Aileana M Sprague /20210704_212724.jpg,20210704_212724.jpg,.jpg,56616,2025-08-06T19:33:53,3de997e5ee35b7c41ce71112bd2c9b7bc0e84cd75c3ae30761afc76e717d292d
/home/rich/Pictures/My princess Aileana M Sprague -1-001/My princess Aileana M Sprague /20210704_213035.jpg,20210704_213035.jpg,.jpg,59073,2025-08-06T19:33:53,83af1fa81c12e82de766c59b40a664daf956d96c275c3ffb8c6b55e490194bfc
/home/rich/Pictures/My princess Aileana M Sprague -1-001/My princess Aileana M Sprague /20210704_213037.jpg,20210704_213037.jpg,.jpg,56761,2025-08-06T19:33:56,4bc9c25b53672b8273eb0b082d0307d22ebbd324ab5b88ec852487b66cce49d6
/home/rich/Pictures/My princess Aileana M Sprague -1-001/My princess Aileana M Sprague /20210704_213039.jpg,20210704_213039.jpg,.jpg,56128,2025-08-06T19:33:53,f7dced0cc0bf865568d379a72fd57df990945b0ad3ac0e59ae685422f1c14b3f
/home/rich/Pictures/My princess Aileana M Sprague -1-001/My princess Aileana M Sprague /20210704_213047.jpg,20210704_213047.jpg,.jpg,65899,2025-08-06T19:33:53,ce7da3569d693eddf8ab71fff06eefe12d04284643e1f09b81d7674406ccd1b0
/home/rich/Pictures/My princess Aileana M Sprague -1-001/My princess Aileana M Sprague /20210704_213057.jpg,20210704_213057.jpg,.jpg,70974,2025-08-06T19:33:53,000aacde5f9f53b05dbc4ce36cc441c4767c2dea569bf5217d0615136773e0d8
/home/rich/Pictures/My princess Aileana M Sprague -1-001/My princess Aileana M Sprague /20210704_213110.jpg,20210704_213110.jpg,.jpg,70291,2025-08-06T19:33:53,d07511008a9993330ad3c180a5156ab64c59a93d4e8e75d69c6eba9cadcfe383
/home/rich/Pictures/My princess Aileana M Sprague -1-001/My princess Aileana M Sprague /20210721_205753.jpg,20210721_205753.jpg,.jpg,65521,2025-08-06T19:33:57,4def57511315e69c87e4df79bfb2ddf7b5b09da5c533090458997259b2fcacaa
/home/rich/Pictures/My princess Aileana M Sprague -1-001/My princess Aileana M Sprague /20210721_205754.jpg,20210721_205754.jpg,.jpg,72174,2025-08-06T19:33:53,b33f9dc92256378c3d7e322154b08e7c5fa0ab664be8bdeb79dc2f4e53ec6ad9
/home/rich/Pictures/My princess Aileana M Sprague -1-001/My princess Aileana M Sprague /20210721_205756.jpg,20210721_205756.jpg,.jpg,70447,2025-08-06T19:33:53,18510fb45ec058042c00e44a86cc88ddde99e51ce95dae2789361d2e100c5d92
/home/rich/Pictures/My princess Aileana M Sprague -1-001/My princess Aileana M Sprague /20210721_205808.jpg,20210721_205808.jpg,.jpg,66718,2025-08-06T19:33:53,d638b419e882129b5e4f5119117a74b60ee7e360c4c8d9780590b04d6172164c
/home/rich/Pictures/My princess Aileana M Sprague -1-001/My princess Aileana M Sprague /20210721_205809.jpg,20210721_205809.jpg,.jpg,69422,2025-08-06T19:33:53,28d969758074616e3460d9a208660685516e6c86595d2a81d49399d0a24b404d
/home/rich/Pictures/My princess Aileana M Sprague -1-001/My princess Aileana M Sprague /20210721_205811.jpg,20210721_205811.jpg,.jpg,70933,2025-08-06T19:34:10,029c872e6018e5308b7a0d79e5f72716abe580b8873d10422eaa9fc3d319d5ff
/home/rich/Pictures/My princess Aileana M Sprague -1-001/My princess Aileana M Sprague /20210721_205812.jpg,20210721_205812.jpg,.jpg,67498,2025-08-06T19:34:10,49be1232ac0f492988ff3b733ce4a478e6680970635e8af3218d58ab78381316
/home/rich/Pictures/My princess Aileana M Sprague -1-001/My princess Aileana M Sprague /20210820_221536.jpg,20210820_221536.jpg,.jpg,58199,2025-08-06T19:34:10,428af342d3711acacb3c495310a840351841c58c45b03b153d83e49507f50a02
/home/rich/Pictures/My princess Aileana M Sprague -1-001/My princess Aileana M Sprague /20210822_160409.jpg,20210822_160409.jpg,.jpg,385458,2025-08-06T19:34:10,e21ea6d9d629df1860ad2b40f2e75fbccfa4ff83516437cc49de144ffb34fb24
/home/rich/Pictures/My princess Aileana M Sprague -1-001/My princess Aileana M Sprague /20211111_151221_Burst01.jpg,20211111_151221_Burst01.jpg,.jpg,466258,2025-08-06T19:33:45,f1e15f68d7e4570807b8e36a24f37787b336f3e5780b86d96d513a9fa0eb6432
/home/rich/Pictures/My princess Aileana M Sprague -1-001/My princess Aileana M Sprague /20211111_151235_HDR_Signature.jpg,20211111_151235_HDR_Signature.jpg,.jpg,545410,2025-08-06T19:34:10,fcae52bed49d0bc049db36a87172e03213afb190fea28603821a3b53421499ee
/home/rich/Pictures/My princess Aileana M Sprague -1-001/My princess Aileana M Sprague /20211111_151304.jpg,20211111_151304.jpg,.jpg,653359,2025-08-06T19:34:10,329da7a4e5ec9aa6e1a25f3dee5b216417827666edfcfad0490981761bba52de
/home/rich/Pictures/My princess Aileana M Sprague -1-001/My princess Aileana M Sprague /20211125_221423.jpg,20211125_221423.jpg,.jpg,307082,2025-08-06T19:34:09,3cf07f99545191e84321d382f5b3611641f801c18330afef63fa5caa13db5a89
/home/rich/Pictures/My princess Aileana M Sprague -1-001/My princess Aileana M Sprague /20211125_221503.jpg,20211125_221503.jpg,.jpg,196787,2025-08-06T19:34:09,1523747e1685265a9eb9ff94945379df3341f609771ca1d6ab4475b0c6d86c41
/home/rich/Pictures/My princess Aileana M Sprague -1-001/My princess Aileana M Sprague /2022-04-14_14-57-48.jpg,2022-04-14_14-57-48.jpg,.jpg,191602,2025-08-06T19:34:09,33b5440ee236f734fa93ea35c6699ffa64ff5cfb97aee1c993101e8ca5d53295
/home/rich/Pictures/My princess Aileana M Sprague -1-001/My princess Aileana M Sprague /20220206_230455_Burst01_Signature_(1).jpg,20220206_230455_Burst01_Signature_(1).jpg,.jpg,346511,2025-08-06T19:34:11,9121af4e88ac9e73b2eb7e3557617c52978886a71b3e8d6b44db01fce3ab7fee
/home/rich/Pictures/My princess Aileana M Sprague -1-001/My princess Aileana M Sprague /20220206_230455_Burst01_Signature_Signature.jpg,20220206_230455_Burst01_Signature_Signature.jpg,.jpg,347338,2025-08-06T19:34:09,fb296a72a2ce5dc41c9c495dea9dd73127736904c85f0d6a86e09fd846decf42
/home/rich/Pictures/My princess Aileana M Sprague -1-001/My princess Aileana M Sprague /20220206_230542_Burst01_Signature_(1).jpg,20220206_230542_Burst01_Signature_(1).jpg,.jpg,301168,2025-08-06T19:34:11,b77ff54d0ab774cc6bb538ba56ab257cc5a7e152f41bbb74bd436f1e567d4f0f
/home/rich/Pictures/My princess Aileana M Sprague -1-001/My princess Aileana M Sprague /20220718_172430.jpg,20220718_172430.jpg,.jpg,710203,2025-08-06T19:34:08,1ab716b5e4c9c8f7e22b00169e38b8a4f88a0c2d5f3e43ddcb0b1d6904de7e57
/home/rich/Pictures/My princess Aileana M Sprague -1-001/My princess Aileana M Sprague /20220718_172453.jpg,20220718_172453.jpg,.jpg,759117,2025-08-06T19:34:08,a4112643beb61a091680fa8968540a6c56e6c51d29f56b8dfeaa903c4d9d7cb2
/home/rich/Pictures/My princess Aileana M Sprague -1-001/My princess Aileana M Sprague /20220718_172457.jpg,20220718_172457.jpg,.jpg,700981,2025-08-06T19:34:09,4fe3fc2ddfaa19ac76a57c0c0f618ab6da05d45e1f3571b8a61680b46c47ad23
/home/rich/Pictures/My princess Aileana M Sprague -1-001/My princess Aileana M Sprague /20220718_172458.jpg,20220718_172458.jpg,.jpg,542210,2025-08-06T19:34:08,13d56cb6455ba71f3a9dd1165b61f1515787dac867d1732b347aa4853403a544
/home/rich/Pictures/My princess Aileana M Sprague -1-001/My princess Aileana M Sprague /20220718_172500.jpg,20220718_172500.jpg,.jpg,738561,2025-08-06T19:34:08,bf5eeff569e289f3e74abe2c79c8904efdf0db0ce6dbbb5863e893cb663c2230
/home/rich/Pictures/My princess Aileana M Sprague -1-001/My princess Aileana M Sprague /20220820_175116.jpg,20220820_175116.jpg,.jpg,6210351,2025-08-06T19:34:08,9b5154ac699d648c3ef2b535eed7c624cd6927909d3cfa6e7824132106caf7ad
/home/rich/Pictures/My princess Aileana M Sprague -1-001/My princess Aileana M Sprague /20220820_175119.jpg,20220820_175119.jpg,.jpg,6759556,2025-08-06T19:34:11,feaa2e81fc5c36ebab2b689554f3e2f307a9685bafe71914a77ac23470debaa1
/home/rich/Pictures/My princess Aileana M Sprague -1-001/My princess Aileana M Sprague /20220820_175120.jpg,20220820_175120.jpg,.jpg,6563088,2025-08-06T19:34:12,7a32b0dfc49f2e6ec165864b57398fecff9e6435341806ecea3390e878b241e0
/home/rich/Pictures/My princess Aileana M Sprague -1-001/My princess Aileana M Sprague /20220820_175126.jpg,20220820_175126.jpg,.jpg,1202689,2025-08-06T19:34:09,bdadbb39c185ec1a2889d962d577af6b2098b479c7808a5fc4c33aa91e30023e
/home/rich/Pictures/My princess Aileana M Sprague -1-001/My princess Aileana M Sprague /20220820_175133.jpg,20220820_175133.jpg,.jpg,1260573,2025-08-06T19:34:12,70690840f7f893b4e39ca63e9bcb947731ecc5da45f40766f6c4b953fd2864ae
/home/rich/Pictures/My princess Aileana M Sprague -1-001/My princess Aileana M Sprague /20220820_175137.jpg,20220820_175137.jpg,.jpg,648610,2025-08-06T19:34:08,3747b8c1636759359e17680f0df28611664a544df2f5ddd43da685f9b3fc538e
/home/rich/Pictures/My princess Aileana M Sprague -1-001/My princess Aileana M Sprague /20220821_171022.jpg,20220821_171022.jpg,.jpg,6758613,2025-08-06T19:34:08,2a552bb775a561a6feeb49be7a7110505f699812dc722a121c03d60c4e83f070
/home/rich/Pictures/My princess Aileana M Sprague -1-001/My princess Aileana M Sprague /20220821_171024.jpg,20220821_171024.jpg,.jpg,6705226,2025-08-06T19:34:09,7aae52a49942216beceddf55e061416e69188fb997d7701564da8c39dd9060da
/home/rich/Pictures/My princess Aileana M Sprague -1-001/My princess Aileana M Sprague /20220821_171025.jpg,20220821_171025.jpg,.jpg,6803543,2025-08-06T19:34:14,4ed5bfb11bf37c8fd192efdc8e4f53f7d1916f0ec748b6923574f7a7a848025a
/home/rich/Pictures/My princess Aileana M Sprague -1-001/My princess Aileana M Sprague /20221028_171226.jpg,20221028_171226.jpg,.jpg,1555574,2025-08-06T19:34:08,862137bc7a3c68e5052b8724e00392ddce0e3be3951a9fc8b23e4316965f4715
/home/rich/Pictures/My princess Aileana M Sprague -1-001/My princess Aileana M Sprague /20221028_171228.jpg,20221028_171228.jpg,.jpg,1762505,2025-08-06T19:34:30,613bbe64f64115efa070441267ba2168acfa85a5d852ad6a14985c87bc9f23ab
/home/rich/Pictures/My princess Aileana M Sprague -1-001/My princess Aileana M Sprague /20221028_171230.jpg,20221028_171230.jpg,.jpg,2008872,2025-08-06T19:34:08,4cb37bba25c145d19aa96c003c8ce96f4c41015342ed999d2501045d17a07562
/home/rich/Pictures/My princess Aileana M Sprague -1-001/My princess Aileana M Sprague /20221028_171233.jpg,20221028_171233.jpg,.jpg,366530,2025-08-06T19:34:07,fd2c108cde76cf600c7610c6a4dd5520e9121ee52d554432e00c17b404ebdd16
/home/rich/Pictures/My princess Aileana M Sprague -1-001/My princess Aileana M Sprague /20221028_171235.jpg,20221028_171235.jpg,.jpg,365362,2025-08-06T19:34:07,6872dc77cd6d0d588d052a54201d4105e5e655eaa98a61c3bcb1e56c889ee817
/home/rich/Pictures/My princess Aileana M Sprague -1-001/My princess Aileana M Sprague /20221028_171236.jpg,20221028_171236.jpg,.jpg,387822,2025-08-06T19:34:07,f1f9c3243f9fd8405a78bce56ae2250a09d698d3270b5fa481ad0919fd498ba6
/home/rich/Pictures/My princess Aileana M Sprague -1-001/My princess Aileana M Sprague /20221028_171259.jpg,20221028_171259.jpg,.jpg,362553,2025-08-06T19:34:07,ddcdaa517d24c2b14b3c5dc17186e856a62956268ea3762ac6d109af117c3322
/home/rich/Pictures/My princess Aileana M Sprague -1-001/My princess Aileana M Sprague /20250610_192934.heic,20250610_192934.heic,.heic,1015341,2025-08-06T19:33:44,91c2ccdfc097c55861fdf8ce62754288a056f40b520241c18151cb6412a69484
/home/rich/Pictures/My princess Aileana M Sprague -1-001/My princess Aileana M Sprague /20250610_192936.heic,20250610_192936.heic,.heic,904528,2025-08-06T19:33:44,716c2c72348c9fb662d566e8602ea014b65cbf9644055db3193b4d732da1fb3c
/home/rich/Pictures/My princess Aileana M Sprague -1-001/My princess Aileana M Sprague /20250610_192938.heic,20250610_192938.heic,.heic,842691,2025-08-06T19:34:06,9e2184d5ee585d9b983e6a76f4d5ae2ca61ec6a8289b8e3889e897fc580b8904
/home/rich/Pictures/My princess Aileana M Sprague -1-001/My princess Aileana M Sprague /COLOR_POP.jpg,COLOR_POP.jpg,.jpg,1216307,2025-08-06T19:34:09,b40d59cf70048dbb4029edfedb1cd2ef25f70ed4a4f471385e3c4b28700adf11
/home/rich/Pictures/My princess Aileana M Sprague -1-001/My princess Aileana M Sprague /FB_IMG_1611721835251.jpg,FB_IMG_1611721835251.jpg,.jpg,61846,2025-08-06T19:34:04,6c9ac8aae79283d0dd0cba4fc1ba4be697bd71d9cc23021d0640c29bc598727a
/home/rich/Pictures/My princess Aileana M Sprague -1-001/My princess Aileana M Sprague /FB_IMG_1635727647632.jpg,FB_IMG_1635727647632.jpg,.jpg,128259,2025-08-06T19:34:09,b56bd26f32bcd150392df922ffce069fb4494037d90271b021f8576a05cfc0ff
/home/rich/Pictures/My princess Aileana M Sprague -1-001/My princess Aileana M Sprague /FB_IMG_1635727661300.jpg,FB_IMG_1635727661300.jpg,.jpg,96201,2025-08-06T19:34:11,d5085a63364b0e02d988035dbcfbf7d940853a9e0b840cbab16703bb88719ee5
/home/rich/Pictures/My princess Aileana M Sprague -1-001/My princess Aileana M Sprague /FB_IMG_1635727667724.jpg,FB_IMG_1635727667724.jpg,.jpg,146649,2025-08-06T19:34:10,a36095fd7f71e7ccc1d3893e0483fbad08fb27631b2e2c1d85f641199d8034d9
/home/rich/Pictures/My princess Aileana M Sprague -1-001/My princess Aileana M Sprague /FB_IMG_1636756077814.jpg,FB_IMG_1636756077814.jpg,.jpg,92729,2025-08-06T19:34:14,0eb44add57858feac7d6a41532daf7b8ec5e779b94b1a7071ca52bca3417df86
/home/rich/Pictures/My princess Aileana M Sprague -1-001/My princess Aileana M Sprague /FB_IMG_1636756090898.jpg,FB_IMG_1636756090898.jpg,.jpg,57496,2025-08-06T19:34:12,772043a44d1a9e1607b70beab9aea109d44c45bf33cc3d006fdf7dcce5db6d5c
/home/rich/Pictures/My princess Aileana M Sprague -1-001/My princess Aileana M Sprague /FB_IMG_1636756106783.jpg,FB_IMG_1636756106783.jpg,.jpg,169348,2025-08-06T19:34:09,028bd6e786c8c7e5d3e97f6a14a42b87917edc8131c997e3ab15129ba0435717
/home/rich/Pictures/My princess Aileana M Sprague -1-001/My princess Aileana M Sprague /FB_IMG_1637896177541.jpg,FB_IMG_1637896177541.jpg,.jpg,89831,2025-08-06T19:34:09,1ee2eaf6ea0f0386562937122ac49de4d293d01451145a7081d0f8132b9ace25
/home/rich/Pictures/My princess Aileana M Sprague -1-001/My princess Aileana M Sprague /FB_IMG_1637896180644.jpg,FB_IMG_1637896180644.jpg,.jpg,159617,2025-08-06T19:34:09,04dd87a679ac851d60bfce29d094990ee2109e91b0a888b1534f9dc317b9e19f
/home/rich/Pictures/My princess Aileana M Sprague -1-001/My princess Aileana M Sprague /FB_IMG_1662581873187.jpg,FB_IMG_1662581873187.jpg,.jpg,486485,2025-08-06T19:34:08,ef284301f6d26c95bd83fb240f7dce580a09cee7dc9fd0cad9ade8f2eb57195f
/home/rich/Pictures/My princess Aileana M Sprague -1-001/My princess Aileana M Sprague /FB_IMG_1662581917826.jpg,FB_IMG_1662581917826.jpg,.jpg,295969,2025-08-06T19:34:14,ce19e6e49af889bad3c616d33b4fc2211f0e6198a5fdddbc383e3834a940a418
/home/rich/Pictures/My princess Aileana M Sprague -1-001/My princess Aileana M Sprague /FB_IMG_1662581975184.jpg,FB_IMG_1662581975184.jpg,.jpg,283698,2025-08-06T19:34:08,e979bef93d62d73d0df0c63d3d0c6f69cb9b257bde9c9a47ac6d33683dd8ac3b
/home/rich/Pictures/My princess Aileana M Sprague -1-001/My princess Aileana M Sprague /IMG_20211221_141658_tigr.jpg,IMG_20211221_141658_tigr.jpg,.jpg,347145,2025-08-06T19:34:09,6f895ca31e71882396bf5631bf455839bb4ac35f05bd641346a480082fdbe756
/home/rich/Pictures/My princess Aileana M Sprague -1-001/My princess Aileana M Sprague /IMG_20211221_141711_tigr.jpg,IMG_20211221_141711_tigr.jpg,.jpg,499814,2025-08-06T19:34:09,306e75e7b693e746ad59c9065c8fc70be0b0aa919effd74243cfdcead14cbd3c
/home/rich/Pictures/My princess Aileana M Sprague -1-001/My princess Aileana M Sprague /IMG_20250614_145619125.jpg,IMG_20250614_145619125.jpg,.jpg,2127097,2025-08-06T19:33:44,14819edee0bf00a333f2f3a4fe5e5f6ea9d33825f89b4f22e65ccbd683cf7597
/home/rich/Pictures/My princess Aileana M Sprague -1-001/My princess Aileana M Sprague /IMG_20250614_145629863.jpg,IMG_20250614_145629863.jpg,.jpg,1689898,2025-08-06T19:33:44,4a3ede542231ee1c1fdae8633b2ac6ba06b4489fa98b82bbb3b77a5ee3833cfe
/home/rich/Pictures/My princess Aileana M Sprague -1-001/My princess Aileana M Sprague /IMG_20250614_185122079_PORTRAIT.jpg,IMG_20250614_185122079_PORTRAIT.jpg,.jpg,3541241,2025-08-06T19:33:45,04cc2a44a5f647434df6533aa3720fbd6c37d76d4cc4ebf92da855369a1b1f89
/home/rich/Pictures/My princess Aileana M Sprague -1-001/My princess Aileana M Sprague /IMG_20250614_185135380.jpg,IMG_20250614_185135380.jpg,.jpg,2085962,2025-08-06T19:33:45,9c43037aedc59efef9f1d7ef19fa471513662ade56f13ec542d8d2630004c05a
/home/rich/Pictures/My princess Aileana M Sprague -1-001/My princess Aileana M Sprague /IMG_20250614_185141438.jpg,IMG_20250614_185141438.jpg,.jpg,2294971,2025-08-06T19:33:45,082d316705104ab3266943aa456f50159c7592942b2e7ccb5f97871c54728f99
/home/rich/Pictures/My princess Aileana M Sprague -1-001/My princess Aileana M Sprague /IMG_20250614_185143819_BURST000_COVER.jpg,IMG_20250614_185143819_BURST000_COVER.jpg,.jpg,2305727,2025-08-06T19:33:44,9fd1a894c1af36ba15cda9c2e9962d2c07c543e99c2a4c6e8fcd0fafac6f55a3
/home/rich/Pictures/My princess Aileana M Sprague -1-001/My princess Aileana M Sprague /IMG_20250614_185144648_BURST000_COVER.jpg,IMG_20250614_185144648_BURST000_COVER.jpg,.jpg,4038655,2025-08-06T19:33:58,a5df987dd52e7746beff51659a78da63cfe482dbac1484223cef6538266cc2ef
/home/rich/Pictures/My princess Aileana M Sprague -1-001/My princess Aileana M Sprague /IMG_20250614_185157604.jpg,IMG_20250614_185157604.jpg,.jpg,2331266,2025-08-06T19:33:54,17dad897da22cbbf18e5698b2c6a193e5ae377efc19b7eafed62804fc2c473c8
/home/rich/Pictures/My princess Aileana M Sprague -1-001/My princess Aileana M Sprague /IMG_20250614_185232988_MP.jpg,IMG_20250614_185232988_MP.jpg,.jpg,2686346,2025-08-06T19:33:44,afd326a7f00185982cab89a1efc00eab2bc292687eef54767ec2bf734ff11d4f
/home/rich/Pictures/My princess Aileana M Sprague -1-001/My princess Aileana M Sprague /IMG_20250614_185240788.jpg,IMG_20250614_185240788.jpg,.jpg,1828345,2025-08-06T19:33:44,4b948f7868b0fac1c3ed339bb79533321f31acc31adb9ffa4b17b8f948f1dff2
/home/rich/Pictures/My princess Aileana M Sprague -1-001/My princess Aileana M Sprague /IMG_20250614_185336326.jpg,IMG_20250614_185336326.jpg,.jpg,2578264,2025-08-06T19:34:05,9ba7f036f84ea1a4770a9dea5f8e40286adcf418feec7ff5874cf75fb38b6ef9
/home/rich/Pictures/Screenshots/Screenshot from 2025-08-13 17-50-26.png,Screenshot from 2025-08-13 17-50-26.png,.png,11381,2025-08-13T21:50:26,352ed8a49a4198b569ec5bd04eff3c5923aed4e748e6efca4b9f8b0be1878bda
/home/rich/Pictures/Screenshots/Screenshot from 2025-11-30 04-06-43.png,Screenshot from 2025-11-30 04-06-43.png,.png,45827,2025-11-30T08:06:43,6e47e5d053b3aa7b35ac728869f55006b6bc49bc4f8c2a017961e972d4bae497
/home/rich/Pictures/Screenshots/Screenshot from 2025-11-30 08-12-39.png,Screenshot from 2025-11-30 08-12-39.png,.png,324948,2025-11-30T12:12:39,d069aafe631f6a272e7306302c714cd060a8d486bb8e081871028364af738aad
/home/rich/Pictures/Screenshots/Screenshot from 2026-03-04 17-02-23.png,Screenshot from 2026-03-04 17-02-23.png,.png,236722,2026-03-04T21:02:23,21cfdfecbf5d8689f34d3b38d3674ed533f4d68565252ec1fa9498c01fd80314
/home/rich/Pictures/Screenshots/Screenshot from 2026-03-07 10-59-49.png,Screenshot from 2026-03-07 10-59-49.png,.png,208809,2026-03-07T14:59:49,5705e33ae95c801a0df36935ec23d70aa4ac9b96a5a478dbb9cf530d2eaaecce
/home/rich/Pictures/Screenshots/Screenshot from 2026-03-07 12-01-30.png,Screenshot from 2026-03-07 12-01-30.png,.png,760306,2026-03-07T16:01:30,bbf4434cec01d74af5a912b0b1ffdad13c9c9696cf463c3b51780e582b2af279
/home/rich/Pictures/Screenshots/Screenshot from 2026-03-07 12-09-27.png,Screenshot from 2026-03-07 12-09-27.png,.png,774994,2026-03-07T16:09:27,c7f6cc7dd9f37bbe94b4291d6121fce80bf04471a218eb0d9e3a0256b68f8a48
/home/rich/Pictures/Screenshots/Screenshot from 2026-03-07 12-13-35.png,Screenshot from 2026-03-07 12-13-35.png,.png,630976,2026-03-07T16:13:35,0af0900a9d301bfbbaf1c19af33289ab1d28dc7de20e2132ed55f5185b458386
/home/rich/Pictures/Screenshots/Screenshot from 2026-03-07 12-13-43.png,Screenshot from 2026-03-07 12-13-43.png,.png,631167,2026-03-07T16:13:43,488053e41c0078684b33e19bf8a9b7a17ca985364237d56a8b4f2d2326bb6126
/home/rich/Pictures/Screenshots/Screenshot from 2026-03-07 16-25-20.png,Screenshot from 2026-03-07 16-25-20.png,.png,193274,2026-03-07T16:25:20,608eb836be92c8a3da13c4a952c81e763cac9cdefccaff891ff1509ce26357b0
/home/rich/Pictures/Screenshots/Screenshot from 2026-03-07 16-25-35.png,Screenshot from 2026-03-07 16-25-35.png,.png,186614,2026-03-07T16:25:35,11baaa6d78ef0969633efe9d26f2c881ccd28b0ed5d440b607f9f9155aada0cb
/home/rich/Pictures/Screenshots/Screenshot from 2026-03-07 16-25-59.png,Screenshot from 2026-03-07 16-25-59.png,.png,183897,2026-03-07T16:25:59,f8d6f3d678169f59aca1174eafd1939c128e7949bc70c8d1a4720481ea146c2d
/home/rich/Pictures/Screenshots/Screenshot from 2026-03-07 16-26-22.png,Screenshot from 2026-03-07 16-26-22.png,.png,707722,2026-03-07T16:26:22,ec67ab517e943c251527f0eea07512cd040312404492f47b3bbde35e46bb60a5
/home/rich/Pictures/Screenshots/Screenshot from 2026-03-07 16-27-14.png,Screenshot from 2026-03-07 16-27-14.png,.png,158964,2026-03-07T16:27:14,124a395dbba0d573836d1b61d48a7bb107639f77fdf727c5686d2e8f75ca5a67
/home/rich/Pictures/Screenshots/Screenshot from 2026-03-07 16-27-39.png,Screenshot from 2026-03-07 16-27-39.png,.png,685942,2026-03-07T16:27:39,0bf0524d5688b122e4673734f1e4f27759e5f24e36807e68c2e22a4c8714f84a
/home/rich/Pictures/Screenshots/Screenshot from 2026-03-07 20-20-28.png,Screenshot from 2026-03-07 20-20-28.png,.png,627275,2026-03-07T20:20:28,479dedd06605a04efb764683f0d5d1984daa36dcfd64f7c23c11a35ffa7b0226
/home/rich/Pictures/Screenshots/Screenshot from 2026-03-07 20-33-40.png,Screenshot from 2026-03-07 20-33-40.png,.png,614142,2026-03-07T20:33:40,6c8fad7e80396902185e39245a0397a57f31fd0a03697f581b7b050f0a8aaf84
/home/rich/Pictures/Screenshots/Screenshot from 2026-03-07 20-34-40.png,Screenshot from 2026-03-07 20-34-40.png,.png,647832,2026-03-07T20:34:40,4097d338e47a56ac1c4ed4a4085af47f1e8b487e91e2bb0e068e713d04240bef
/home/rich/Pictures/Screenshots/Screenshot from 2026-03-07 20-49-58.png,Screenshot from 2026-03-07 20-49-58.png,.png,345164,2026-03-07T20:49:58,8739d426ea6260fe17e3d38bdad59f34d9b47176ddc61e91a4babcea9c61455f
/home/rich/Pictures/Screenshots/Screenshot from 2026-03-07 22-05-57.png,Screenshot from 2026-03-07 22-05-57.png,.png,627033,2026-03-07T22:05:57,124a9983be3136dead5cfdfa33343ae51045cf842476a51a07a953c36d6254d5
/home/rich/Pictures/Screenshots/Screenshot from 2026-03-07 22-06-03.png,Screenshot from 2026-03-07 22-06-03.png,.png,627232,2026-03-07T22:06:03,5ff874e4c0797386dca28c863eeb075668b199c26ea8d4df5514a48760322cd8
/home/rich/Pictures/Screenshots/Screenshot from 2026-03-07 22-06-16.png,Screenshot from 2026-03-07 22-06-16.png,.png,629124,2026-03-07T22:06:16,8e78a31630be2bcb92295cc572ffbfc1c6af408d0232927abf8aeaa6089b7153
/home/rich/Pictures/Screenshots/Screenshot from 2026-03-07 22-06-25.png,Screenshot from 2026-03-07 22-06-25.png,.png,637104,2026-03-07T22:06:25,5ef95a05cbfa8cfb1a736d5b0fa1cec1871ec2d70fc92b27fe58b2c255b026a7
/home/rich/Pictures/Screenshots/Screenshot from 2026-03-07 22-06-30.png,Screenshot from 2026-03-07 22-06-30.png,.png,634718,2026-03-07T22:06:30,838124b70a0eb9cc5d2c763b8cec05d7d8b981165562f4a2dfbce157372af557
/home/rich/Pictures/Screenshots/Screenshot from 2026-03-07 22-06-37.png,Screenshot from 2026-03-07 22-06-37.png,.png,638137,2026-03-07T22:06:37,dfc9cd49fd01c05bbc23590bb77c37317b9d84ad2902fbec0aecf5385d072d02
/home/rich/Pictures/Screenshots/Screenshot from 2026-03-07 22-06-41.png,Screenshot from 2026-03-07 22-06-41.png,.png,608960,2026-03-07T22:06:41,9e913a7b17bad7cc9f1e62a77bdc2f30fee4c9075bce190693e2c75de1315835
/home/rich/Pictures/Screenshots/Screenshot from 2026-03-07 22-06-52.png,Screenshot from 2026-03-07 22-06-52.png,.png,583410,2026-03-07T22:06:52,3184eda42c2c512b39e2e352346535c34090ad8e60c435909a88d60476338467
/home/rich/Pictures/Screenshots/Screenshot from 2026-03-08 15-22-55.png,Screenshot from 2026-03-08 15-22-55.png,.png,524820,2026-03-08T15:22:55,12a597e866bfd510ff97f09564c0f66471d64e73cb1015fbcde04430f0545b7f
/home/rich/Pictures/Screenshots/Screenshot from 2026-03-08 15-23-17.png,Screenshot from 2026-03-08 15-23-17.png,.png,551726,2026-03-08T15:23:17,0b8178cfc9b23ca4b76812b720e312185dc8dcae87eaca97477429289c587636
/home/rich/Pictures/Screenshots/Screenshot from 2026-03-08 15-25-10.png,Screenshot from 2026-03-08 15-25-10.png,.png,543868,2026-03-08T15:25:10,bc09621713d652846c975cc1af947e7f394b7a1bda1df84f1c7396a736edf661
/home/rich/Pictures/Screenshots/Screenshot from 2026-03-08 15-26-15.png,Screenshot from 2026-03-08 15-26-15.png,.png,537729,2026-03-08T15:26:15,090e4a2e1e11e116541357ef186adde4f7dcae0c6056e7931988d440dde217a0
/home/rich/Pictures/Screenshots/Screenshot from 2026-03-08 15-26-50.png,Screenshot from 2026-03-08 15-26-50.png,.png,514512,2026-03-08T15:26:50,c0f9042b4557e07557a42f1cbd969962503e916b170bfce758dbf801726bcf89
/home/rich/Pictures/Screenshots/Screenshot from 2026-03-08 15-27-07.png,Screenshot from 2026-03-08 15-27-07.png,.png,502591,2026-03-08T15:27:07,24127be35b049693cb7311d39039d575d61724bc1b29da1c32beb16f0dfc30d7
/home/rich/Pictures/Screenshots/Screenshot from 2026-03-20 00-49-23.png,Screenshot from 2026-03-20 00-49-23.png,.png,180383,2026-03-20T00:49:23,4826f01219d1b3e92de981874083736eb8ce5f4779949cf62b45ca2b5b5a80a8
/home/rich/Pictures/Screenshots/Screenshot from 2026-03-20 00-49-35.png,Screenshot from 2026-03-20 00-49-35.png,.png,207436,2026-03-20T00:49:35,81f3b186f382a041f898b0f264dfd6b55e31b524809aad225a9dd82b73525f36
/home/rich/Pictures/Screenshots/Screenshot from 2026-03-20 00-49-50.png,Screenshot from 2026-03-20 00-49-50.png,.png,183343,2026-03-20T00:49:50,42d6e24285b858809fd2ad3787c58b399fe81b48a14904043065c49eeaf1dde7
/home/rich/Pictures/Screenshots/Screenshot from 2026-03-20 00-50-00.png,Screenshot from 2026-03-20 00-50-00.png,.png,167096,2026-03-20T00:50:00,c32f457d5a3ddff8e30e38c39555f1a338faa35ae4eda757705a6e6234a8cc20
/home/rich/Pictures/Screenshots/Screenshot from 2026-05-19 22-36-41.png,Screenshot from 2026-05-19 22-36-41.png,.png,141525,2026-05-19T22:36:41,5ecbc1814a2855422f0a39a372c27e1e8a1e4033d75903c009633843295cfec3
/home/rich/Pictures/Screenshots/Screenshot from 2026-06-07 18-30-49.png,Screenshot from 2026-06-07 18-30-49.png,.png,294451,2026-06-07T18:30:49,2ce39cbe47400c71e031d3d7360cfdf16c8bb7e7446e142193fc60c18d7ffb7a
/home/rich/Pictures/Screenshots/Screenshot from 2026-06-10 09-50-31.png,Screenshot from 2026-06-10 09-50-31.png,.png,666,2026-06-10T09:50:31,d26055a11c2cd2bc31e74a2e4af7eaca4192c931615ce6b1df9a023e5d93faee
/home/rich/Pictures/Screenshots/Screenshot from 2026-09-03 09-27-35.png,Screenshot from 2026-09-03 09-27-35.png,.png,6762,2026-09-03T09:27:35,1fdebf3ce76b9d31e55e3715784762483bb32a50fe68f9ecd5e86d8fc10c0a87
/home/rich/Pictures/Screenshots/Screenshot from 2026-09-03 17-29-15.png,Screenshot from 2026-09-03 17-29-15.png,.png,491639,2026-09-03T17:29:15,e9d3b5c5a709e959d2c635b44dd9c6f079b91f93c91406c3409168b42c053c2b
/home/rich/Pictures/Screenshots/Screenshot from 2026-09-04 19-44-41.png,Screenshot from 2026-09-04 19-44-41.png,.png,260954,2026-09-04T19:44:41,87c078d1e404d4770b6446deca31e94beb8713f2de9889a403b61bad90744ea3
/home/rich/Pictures/pictures-1-001/pictures/20181013_010142.jpg,20181013_010142.jpg,.jpg,399629,2025-08-06T19:32:12,b3815a9dae10b097ffc9d592d542b53343680e774e482f16046f1a9e6838e526
/home/rich/Pictures/pictures-1-001/pictures/20181013_010148.jpg,20181013_010148.jpg,.jpg,123673,2025-08-06T19:32:12,a6f816751f80a65836df7ce7be4b116b71344aeb7f2f3488f9c64fb48853ebc3
/home/rich/Pictures/pictures-1-001/pictures/20181024_182951.jpg,20181024_182951.jpg,.jpg,286075,2025-08-06T19:32:11,2f93bb998fea7b3d06242b28fd565f27a2050ea07be814250101c4cbfe1cfa9b
/home/rich/Pictures/pictures-1-001/pictures/20181024_183501_Burst01.jpg,20181024_183501_Burst01.jpg,.jpg,1221104,2025-08-06T19:32:11,f151913b7a13cb67ea8aa44bc17d3dd23e860fe42fd412eede454838634e7c79
/home/rich/Pictures/pictures-1-001/pictures/20181024_183507.jpg,20181024_183507.jpg,.jpg,202538,2025-08-06T19:32:11,b03e850f0f1f6c755ce6d5663880663fd0c04e71f7fa7b56575c0ef2328d7f8c
/home/rich/Pictures/pictures-1-001/pictures/20181024_183533.jpg,20181024_183533.jpg,.jpg,165678,2025-08-06T19:32:11,2af0b742e75c17b5c9b8737bdfaf958008aaf7e245f2ee924b62675c4e7bc6ab
/home/rich/Pictures/pictures-1-001/pictures/20181024_183550.jpg,20181024_183550.jpg,.jpg,156361,2025-08-06T19:32:11,d054b5d72727aab78bb4275fa0541b6912c4a817f8c7eda2fe875093b5d54c63
/home/rich/Pictures/pictures-1-001/pictures/20190509_091847.jpg,20190509_091847.jpg,.jpg,128587,2025-08-06T19:32:11,66c676ce5a7c854bf21f706ffab4f1c136f11efbe76e525781938bb9009b8774
/home/rich/Pictures/pictures-1-001/pictures/20190602_222518.jpg,20190602_222518.jpg,.jpg,180602,2025-08-06T19:32:11,54107c97b738d003cafa2c0af4abafe2f4df08b3ea3274615f46116edc11c591
/home/rich/Pictures/pictures-1-001/pictures/20191205_204940.jpg,20191205_204940.jpg,.jpg,287389,2025-08-06T19:32:03,22413668463b627445b001ae805ddcfa43b96f3089e23c2528bc14f411f59286
/home/rich/Pictures/pictures-1-001/pictures/20191205_204943.jpg,20191205_204943.jpg,.jpg,297240,2025-08-06T19:32:03,0aa7f29d995cba0598442d69ec3e7c27687056b07194dbcec75ab4a4ab50f506
/home/rich/Pictures/pictures-1-001/pictures/20191205_205003.jpg,20191205_205003.jpg,.jpg,225033,2025-08-06T19:32:03,708077d8de5be3d721985f386c273d77879486118caee9d8044ee9438f0faf16
/home/rich/Pictures/pictures-1-001/pictures/20191208_183332.jpg,20191208_183332.jpg,.jpg,156310,2025-08-06T19:32:03,6e825f7ebdeb71b0d20a204b8dba6bd4a86370f5065ff9d6808b524e73786835
/home/rich/Pictures/pictures-1-001/pictures/20191208_183344.jpg,20191208_183344.jpg,.jpg,151932,2025-08-06T19:32:03,826bfe7c4fd47c18aadd335461b40288ca6eb168990126b5ce5fd053caafd116
/home/rich/Pictures/pictures-1-001/pictures/20200703_211047.jpg,20200703_211047.jpg,.jpg,434685,2025-08-06T19:32:11,ef3836353765801a65c88c9641a596bfbd4c82e61c212dc7fc986f4e53467542
/home/rich/Pictures/pictures-1-001/pictures/20200703_211122.jpg,20200703_211122.jpg,.jpg,396207,2025-08-06T19:32:11,fa5e0ede0e86a5a13b8a67dc863941501534d3c00cb50a2d327f74370d8b8db1
/home/rich/Pictures/pictures-1-001/pictures/20200704_225951.jpg,20200704_225951.jpg,.jpg,567684,2025-08-06T19:32:11,4f14d8df01ec2fedd93bfa3c7da3c1db167265f644e2163c1a12e5826256f868
/home/rich/Pictures/pictures-1-001/pictures/20200704_225953_Signature.jpg,20200704_225953_Signature.jpg,.jpg,595497,2025-08-06T19:32:11,6c9d46a29ca5b81f29c37e75c20a2d0a47f82ca3cf43e58ca90cbd796c870af5
/home/rich/Pictures/pictures-1-001/pictures/20200704_230011.jpg,20200704_230011.jpg,.jpg,426916,2025-08-06T19:32:11,95bbeb9d938eb44d896ea5a9c67a4cc79133b88d6cc2c99da1d54408fb8d35fd
/home/rich/Pictures/pictures-1-001/pictures/20200704_230015.jpg,20200704_230015.jpg,.jpg,454042,2025-08-06T19:32:11,7e3f719be547a47f5e9cbe66a286e6090f6aa2716772a6a2f314c5dc2de27ca7
/home/rich/Pictures/pictures-1-001/pictures/20200704_230030.jpg,20200704_230030.jpg,.jpg,455397,2025-08-06T19:32:10,20077a800d3ba7e0029af6abecc49980b85ae4eb124a62098813261e47c37f6d
/home/rich/Pictures/pictures-1-001/pictures/20200704_230100_Signature.jpg,20200704_230100_Signature.jpg,.jpg,1343181,2025-08-06T19:32:10,82115f3dc1d89d11ec8d856a6aa9a64e88a4c7d946a9c187f47d68a812cbb151
/home/rich/Pictures/pictures-1-001/pictures/20200704_230131.jpg,20200704_230131.jpg,.jpg,753162,2025-08-06T19:32:10,ba562a155ca9717c59c5ee77c470bd5dbf3d8a8154f27874e9056294183f8c5c
/home/rich/Pictures/pictures-1-001/pictures/20200704_230131_Signature.jpg,20200704_230131_Signature.jpg,.jpg,758090,2025-08-06T19:32:10,0066729889c7415370636c70b8197d144610c675dc684c2d1b190fc082f27508
/home/rich/Pictures/pictures-1-001/pictures/20200704_230148.jpg,20200704_230148.jpg,.jpg,846751,2025-08-06T19:32:10,4aa5ad2f8f49f247c254399de0e2974fbee60dc306d41a615291bef0be15c1e6
/home/rich/Pictures/pictures-1-001/pictures/20200704_230148_Signature.jpg,20200704_230148_Signature.jpg,.jpg,885548,2025-08-06T19:32:10,3122ae29c7b36fd2841c89a433a47209aac5b2510d64a5573355d3c8d0ecca40
/home/rich/Pictures/pictures-1-001/pictures/20200704_230311-edited.jpg,20200704_230311-edited.jpg,.jpg,97423,2025-08-06T19:32:10,dbe1e9dd1a8c981083c7d0c3d3f00b8fec60ab801b0177fae9ed7e06aed20ea0
/home/rich/Pictures/pictures-1-001/pictures/20200704_230311_Signature.jpg,20200704_230311_Signature.jpg,.jpg,428366,2025-08-06T19:32:10,c6f80a1351e7f28d1852a7b658a90bf65b585b7094f9e1b72a7b199813c7591c
/home/rich/Pictures/pictures-1-001/pictures/20200704_230313.jpg,20200704_230313.jpg,.jpg,513836,2025-08-06T19:32:10,eb548fead0128b1b8939239c7a385973925ee57ce2537bc9b1f098d55e231508
/home/rich/Pictures/pictures-1-001/pictures/20200720_155106.jpg,20200720_155106.jpg,.jpg,326959,2025-08-06T19:32:09,484bd541647afe34f10fe183a2fa6f23caad1eb6807eeddfa058655a738122f4
/home/rich/Pictures/pictures-1-001/pictures/20200819_144121.jpg,20200819_144121.jpg,.jpg,3561996,2025-08-06T19:32:10,f38fd1d38aecf3c654bbbb5436b4862f21207c94beb4a8f5bc14f0bf1a01d234
/home/rich/Pictures/pictures-1-001/pictures/20200819_154441.jpg,20200819_154441.jpg,.jpg,2344048,2025-08-06T19:32:10,cd2e571b0fa2782a4ad4b18c2542e3a47ad65cafcaf820b1c82a8ae1ef55376a
/home/rich/Pictures/pictures-1-001/pictures/20200819_154505.jpg,20200819_154505.jpg,.jpg,7271844,2025-08-06T19:32:11,4d882be04a606807271b52349187170a38ff3014d110f48624985e608405d7eb
/home/rich/Pictures/pictures-1-001/pictures/20200819_154543.jpg,20200819_154543.jpg,.jpg,3390700,2025-08-06T19:32:10,68008737da758996c437d61f9047de71bac1c71aa562106d81711e7b940dfb61
/home/rich/Pictures/pictures-1-001/pictures/20200819_154553.jpg,20200819_154553.jpg,.jpg,7245279,2025-08-06T19:32:11,6bb39514db0f5957c28e06acceee9fdcbbfd6e5cdae911659f73d94942c0da55
/home/rich/Pictures/pictures-1-001/pictures/20200819_154621_HDR.jpg,20200819_154621_HDR.jpg,.jpg,1975109,2025-08-06T19:32:10,fbdbca098147bab99cebf5f73550d7bfae970260fa0baf2880a8a33848ec4031
/home/rich/Pictures/pictures-1-001/pictures/20200819_154626_HDR.jpg,20200819_154626_HDR.jpg,.jpg,1303264,2025-08-06T19:32:10,bc52e71895544c0b539ff56f98741e439aa803ee626d6507ba03e78de8e1376c
/home/rich/Pictures/pictures-1-001/pictures/20200819_154638.jpg,20200819_154638.jpg,.jpg,1411546,2025-08-06T19:32:10,9c65473db982ae03614b6943fb33d781bf9e3d3f912ce9c60fc91a2de116ba80
/home/rich/Pictures/pictures-1-001/pictures/20200903_194752.jpg,20200903_194752.jpg,.jpg,646182,2025-08-06T19:32:10,16ab7f04dbe776550570eafb7e45af664cef497485e4b39c3815fd89d26594c9
/home/rich/Pictures/pictures-1-001/pictures/20200903_194754.jpg,20200903_194754.jpg,.jpg,478552,2025-08-06T19:32:09,791659b677fc2fad77f5ad9e835c9fae1e74f60bb9fe17a76ea0c0e1fcb7a464
/home/rich/Pictures/pictures-1-001/pictures/20200903_194800.jpg,20200903_194800.jpg,.jpg,341464,2025-08-06T19:32:09,da4f0964ac62a1f216e41058d53e797dc9d86f0216df10f8b6c2ba929ec7221f
/home/rich/Pictures/pictures-1-001/pictures/20200903_194809.jpg,20200903_194809.jpg,.jpg,477272,2025-08-06T19:32:09,babb2c90b20f84ce7c3ae8fe7629920b0801691d578ba19dec704b83343eae58
/home/rich/Pictures/pictures-1-001/pictures/20200903_194847.jpg,20200903_194847.jpg,.jpg,295981,2025-08-06T19:32:09,813e516285e554905a4d7c581eec52c5ccdcace44f786a9791579283f4d2465d
/home/rich/Pictures/pictures-1-001/pictures/20200903_194922.jpg,20200903_194922.jpg,.jpg,547801,2025-08-06T19:32:09,d25b1833b3cb600ec481d78cd52f559c3e8ce055467d3e9c79f38c002d43c575
/home/rich/Pictures/pictures-1-001/pictures/20200903_195139.jpg,20200903_195139.jpg,.jpg,496708,2025-08-06T19:32:09,c31a64a593459b1ee3c2a9464817e4dbeded54195bf0612994cf0bcabf0a89fa
/home/rich/Pictures/pictures-1-001/pictures/20200903_195404.jpg,20200903_195404.jpg,.jpg,442433,2025-08-06T19:32:09,c1a6642f9a9c7ebfec86c8cd342e0c5e8ade3c29700692508c17fd53ee384684
/home/rich/Pictures/pictures-1-001/pictures/20200903_195408.jpg,20200903_195408.jpg,.jpg,509154,2025-08-06T19:32:09,8ff8ecde9626ed8de6c1338d8337c12b27cb7bc4d9607051de99e06e885e8445
/home/rich/Pictures/pictures-1-001/pictures/20200903_195519_HDR.jpg,20200903_195519_HDR.jpg,.jpg,354175,2025-08-06T19:32:09,fe95bba970e2fc798a281f9797cd9eff42a99cef3c5e1ee8e1ff9399a560709f
/home/rich/Pictures/pictures-1-001/pictures/20200921_113129.jpg,20200921_113129.jpg,.jpg,7086226,2025-08-06T19:32:10,921c88975d8726cfb31f31654046c25a6d04bc5bf282c1708f50a59807c99c29
/home/rich/Pictures/pictures-1-001/pictures/20200921_113130.jpg,20200921_113130.jpg,.jpg,3446102,2025-08-06T19:32:10,fd2df63aa367a1531f44e39d9124d8f88d46ac71f727c8020db8f07ecf0267e8
/home/rich/Pictures/pictures-1-001/pictures/20200921_114524_HDR.jpg,20200921_114524_HDR.jpg,.jpg,2220208,2025-08-06T19:32:09,a7482be3c984dd587bbf10f7b50b046d5cdf977b1871c50a547c64aa7f766117
/home/rich/Pictures/pictures-1-001/pictures/20200921_114528_HDR.jpg,20200921_114528_HDR.jpg,.jpg,2147427,2025-08-06T19:32:09,854a2c925f4c8e2d5920696d2f8035d59a3f332ebc1cc38105374ae013d2d572
/home/rich/Pictures/pictures-1-001/pictures/20200921_114535_HDR.jpg,20200921_114535_HDR.jpg,.jpg,2335386,2025-08-06T19:32:09,f38d3f7defb6bd7c6c92721c01a780c9f21e3d9da5d4471dcfd3869c5153b867
/home/rich/Pictures/pictures-1-001/pictures/20200921_114538_HDR.jpg,20200921_114538_HDR.jpg,.jpg,2313684,2025-08-06T19:32:09,55ce0e6118a46a4731ab58cb4f24f12f1b58a8fcad2598dce4b41a3d29732b01
/home/rich/Pictures/pictures-1-001/pictures/20200921_114734_HDR.jpg,20200921_114734_HDR.jpg,.jpg,2239087,2025-08-06T19:32:09,6e5e5c11fcbdb7fa0dd52642f774b0e5daeda72e7310eabf9e4c2cb1dff2c569
/home/rich/Pictures/pictures-1-001/pictures/20200921_114736_HDR.jpg,20200921_114736_HDR.jpg,.jpg,2110168,2025-08-06T19:32:09,2bde6428c1bed72ca4ef28e2516e0bd9cb6a6e0bfb4ea1df589da2aac39cd95f
/home/rich/Pictures/pictures-1-001/pictures/20200921_121525_HDR.jpg,20200921_121525_HDR.jpg,.jpg,2806789,2025-08-06T19:32:09,32c0632c2a8c2c48f28aea9af48b0ddf8a46ed430f0f52c98b9bba2f8ad9371b
/home/rich/Pictures/pictures-1-001/pictures/20200921_121530_HDR.jpg,20200921_121530_HDR.jpg,.jpg,2912607,2025-08-06T19:32:09,3cc8af793b9b8cd6ab9055e86a9d2b6faa7355f4e7f84b4d3b7aaace032c771a
/home/rich/Pictures/pictures-1-001/pictures/20200921_121531_HDR.jpg,20200921_121531_HDR.jpg,.jpg,2811164,2025-08-06T19:32:09,36cc70990f0fb4637721621df410d5b6eb86d9d889590da92cca506dcdb7aadf
/home/rich/Pictures/pictures-1-001/pictures/20200924_145257_HDR.jpg,20200924_145257_HDR.jpg,.jpg,4237010,2025-08-06T19:32:09,e87d027e0cfa022c2e153fe518a0a8473ff59b0f1cb532ee100d5e81dec7a1cd
/home/rich/Pictures/pictures-1-001/pictures/20200924_145300_HDR.jpg,20200924_145300_HDR.jpg,.jpg,3674926,2025-08-06T19:32:09,4abccb58b02dcb780b006159367500f73c94b710069b9f55e15697069c214f72
/home/rich/Pictures/pictures-1-001/pictures/20200924_145315_HDR.jpg,20200924_145315_HDR.jpg,.jpg,4217965,2025-08-06T19:32:09,ba103f596f9c04426ae3f8d5601bd70dcc409d361053eb7fbfc375663cfd5ff9
/home/rich/Pictures/pictures-1-001/pictures/20200924_145346_HDR.jpg,20200924_145346_HDR.jpg,.jpg,3229651,2025-08-06T19:32:09,4c6cc49a8cc05483e2770e1978b3fda8381a849f73780e9a7243fb51d7c53c60
/home/rich/Pictures/pictures-1-001/pictures/20200924_145350_HDR.jpg,20200924_145350_HDR.jpg,.jpg,3057936,2025-08-06T19:32:09,b13445e075d973309399bdae5e46e0a586cca16857044637fcb47f7ab958bd6c
/home/rich/Pictures/pictures-1-001/pictures/20200924_145358_HDR.jpg,20200924_145358_HDR.jpg,.jpg,3114531,2025-08-06T19:32:09,a081b9455616713ea7b0407713c694cd91324800477e3caaf623a7334e28c800
/home/rich/Pictures/pictures-1-001/pictures/20200924_145529_HDR.jpg,20200924_145529_HDR.jpg,.jpg,3450756,2025-08-06T19:32:09,82d0316e244b02d2266f6dd322670f154f5412e484e2d88d9001873a361d3582
/home/rich/Pictures/pictures-1-001/pictures/20200924_145534_HDR.jpg,20200924_145534_HDR.jpg,.jpg,3326083,2025-08-06T19:32:09,d9c2639ff28c085d0b4a13d24fc1fc0aab984f942348d5ce635fd2d49bd2b121
/home/rich/Pictures/pictures-1-001/pictures/20200924_145536_HDR.jpg,20200924_145536_HDR.jpg,.jpg,3139924,2025-08-06T19:32:09,e0bb192a084e88297137ff75475e3a220b7398ea56f84d462ee1940dd262cf05
/home/rich/Pictures/pictures-1-001/pictures/20200924_145623_HDR.jpg,20200924_145623_HDR.jpg,.jpg,2759707,2025-08-06T19:32:08,01337f68c2a768acc62ac01deea67b5a7373048489b7bf6c998161d204cc19da
/home/rich/Pictures/pictures-1-001/pictures/20200924_145635_HDR.jpg,20200924_145635_HDR.jpg,.jpg,3021708,2025-08-06T19:32:08,5a6f26111ddf871a43ef119de3091d78f14172049a256aee99d044027e1bed0b
/home/rich/Pictures/pictures-1-001/pictures/20200924_145743_HDR.jpg,20200924_145743_HDR.jpg,.jpg,4448974,2025-08-06T19:32:09,a1b694a0de5a85be8e2da56ff07901a8f773a6c9ca110f6f1cbaaf8a0f4862d5
/home/rich/Pictures/pictures-1-001/pictures/20200924_145746_HDR.jpg,20200924_145746_HDR.jpg,.jpg,4295974,2025-08-06T19:32:09,38cfb19f0dab15338b670a6c08c513c91eb6ebc49e00168a0bcf25c8c622ade8
/home/rich/Pictures/pictures-1-001/pictures/20200924_145747_HDR.jpg,20200924_145747_HDR.jpg,.jpg,3624132,2025-08-06T19:32:08,0945be4e1d4ae8ecf4c79551d4e88fbc3bde7a8375bda301b4affbf013feaf4c
/home/rich/Pictures/pictures-1-001/pictures/20200924_145928_HDR.jpg,20200924_145928_HDR.jpg,.jpg,3728387,2025-08-06T19:32:08,78b4cf13195803e26457201892d8e6d3e22ab400c012283ec9cf2492113be54e
/home/rich/Pictures/pictures-1-001/pictures/20200924_145933_HDR.jpg,20200924_145933_HDR.jpg,.jpg,2807216,2025-08-06T19:32:08,7939aeab59f47fed08a186cb0ca24eb2e6f30842b58e84934e885e93787b7531
/home/rich/Pictures/pictures-1-001/pictures/20200924_145935_HDR.jpg,20200924_145935_HDR.jpg,.jpg,2965125,2025-08-06T19:32:08,9ccc61ae9db2151a453f9678ddb31aef0cce89acb614bd9ac24e6e29d9bc6d2e
/home/rich/Pictures/pictures-1-001/pictures/20200924_145940_HDR.jpg,20200924_145940_HDR.jpg,.jpg,3623683,2025-08-06T19:32:08,4077d3786958582bfd3187b1a4457b11c9fc662e3318d568bdc93471401c78d7
/home/rich/Pictures/pictures-1-001/pictures/20200924_150414_HDR.jpg,20200924_150414_HDR.jpg,.jpg,2403589,2025-08-06T19:32:08,94c2fdedecc0ed5bdb96a7d6deb6f1f089db025bf2470a45db65190c2cca69dd
/home/rich/Pictures/pictures-1-001/pictures/20200924_150415_HDR.jpg,20200924_150415_HDR.jpg,.jpg,2367785,2025-08-06T19:32:08,85c5c645139846e94bfda3494621161ade93c5207bb1463d353b797b34a67179
/home/rich/Pictures/pictures-1-001/pictures/20200924_150422_HDR.jpg,20200924_150422_HDR.jpg,.jpg,2186452,2025-08-06T19:32:08,a9f058f662d6289f5caa55312bc212bf3dff1712543ce7c731ae7d04631f0aa7
/home/rich/Pictures/pictures-1-001/pictures/20200924_150513_HDR.jpg,20200924_150513_HDR.jpg,.jpg,2095574,2025-08-06T19:32:08,d0eba1b43d447d61294aa7a2724d64e64a960e693f3ec4f331504a014f4ffc12
/home/rich/Pictures/pictures-1-001/pictures/20200924_150547_HDR.jpg,20200924_150547_HDR.jpg,.jpg,4385146,2025-08-06T19:32:08,fee966d4769bb3f31f3c8c915de8bb6f05c08db3052822232015865f2dac48b9
/home/rich/Pictures/pictures-1-001/pictures/20200926_165122_HDR.jpg,20200926_165122_HDR.jpg,.jpg,341217,2025-08-06T19:32:08,b19010b3aa7dd76d010d7484b555efed64c9a07465ec227806aec05cc7bad159
/home/rich/Pictures/pictures-1-001/pictures/20200926_165129_HDR.jpg,20200926_165129_HDR.jpg,.jpg,364273,2025-08-06T19:32:08,c04b03bb32a0475782651fd7dfc1d3b12648eb03b05cf43a06f9995d7f74d7b6
/home/rich/Pictures/pictures-1-001/pictures/20200926_165144_HDR.jpg,20200926_165144_HDR.jpg,.jpg,366792,2025-08-06T19:32:07,b4a8feaac188d43e695be296bfe2ed674d9ff510e26ac4ebcf0bbca2009d150f
/home/rich/Pictures/pictures-1-001/pictures/20200926_165152_HDR.jpg,20200926_165152_HDR.jpg,.jpg,441359,2025-08-06T19:32:07,cb3ff3967cf00ddf9454218d4df6f9fb79d719c53dafa98a261e3e93c4238f69
/home/rich/Pictures/pictures-1-001/pictures/20200927_210305_HDR.jpg,20200927_210305_HDR.jpg,.jpg,441905,2025-08-06T19:32:07,9f8b6dc9462984c065e2ae82f46c8c6eaf8887348c524bae588716d5b82d1942
/home/rich/Pictures/pictures-1-001/pictures/20200927_210315_HDR.jpg,20200927_210315_HDR.jpg,.jpg,350242,2025-08-06T19:32:07,096bb5e4916e51e358a91aac2c842d80fc5ea770e6769b1ae2291720d254ecdf
/home/rich/Pictures/pictures-1-001/pictures/20201003_000955.jpg,20201003_000955.jpg,.jpg,462814,2025-08-06T19:32:07,4944acfd1ab82c957007b085f27eb0f28220a33b04f1adfc605f579eafcc158e
/home/rich/Pictures/pictures-1-001/pictures/20201003_001005.jpg,20201003_001005.jpg,.jpg,410086,2025-08-06T19:32:07,12d271c7773bd01cde630d0383ab3b30910e2b32b1afcce41d8b635c677f5fb3
/home/rich/Pictures/pictures-1-001/pictures/20201003_001018.jpg,20201003_001018.jpg,.jpg,506973,2025-08-06T19:32:07,468720d0c8e0e723aa1534676297defe6176b048a70fdcb4a6d4b34b97e8a8b7
/home/rich/Pictures/pictures-1-001/pictures/20201012_225817.jpg,20201012_225817.jpg,.jpg,409339,2025-08-06T19:32:07,98fddc84a4c45807d1299847fe71fc643f06c38a772b0e0305d5d4ea625443c1
/home/rich/Pictures/pictures-1-001/pictures/20201012_225821.jpg,20201012_225821.jpg,.jpg,504492,2025-08-06T19:32:07,b25cdf12bf2912c888fc3e07241684e63744abe24aef074799fb907dc53a2aa1
/home/rich/Pictures/pictures-1-001/pictures/20201012_225828.jpg,20201012_225828.jpg,.jpg,545453,2025-08-06T19:32:07,4494baea8767026537cdd33a17e18aa058cfe69358cffa6c4ecae9e52bfb2801
/home/rich/Pictures/pictures-1-001/pictures/20201012_225830.jpg,20201012_225830.jpg,.jpg,659184,2025-08-06T19:32:07,10c53b02fd463cdc2f412ed75e915270ffa4f6d90b70f97c7b39a5bd70a827f6
/home/rich/Pictures/pictures-1-001/pictures/20201012_225834.jpg,20201012_225834.jpg,.jpg,551433,2025-08-06T19:32:07,dadf409c4b94f9f763a2116c5ee3a771855f997720b17effa624971e9427cdcf
/home/rich/Pictures/pictures-1-001/pictures/20201012_225839.jpg,20201012_225839.jpg,.jpg,445910,2025-08-06T19:32:07,c10f107331e0bf9fc1d536f706adb542b8d2a7f4b11e376f3d57861c619a1641
/home/rich/Pictures/pictures-1-001/pictures/20201012_225842.jpg,20201012_225842.jpg,.jpg,642262,2025-08-06T19:32:07,076dbb778dff9d44b1182307eb75fc8fbbe4b9132adb816c790010966fcd3d59
/home/rich/Pictures/pictures-1-001/pictures/20201012_225845.jpg,20201012_225845.jpg,.jpg,762733,2025-08-06T19:32:07,e5143263eec4a308661fadb6f0e82ec57b44321abce77295d35fcfd3a4207df4
/home/rich/Pictures/pictures-1-001/pictures/20201012_225855.jpg,20201012_225855.jpg,.jpg,610256,2025-08-06T19:32:07,a6af0c4e5d58c8ac522b3751ef984f431c5af01ccfd120fc1da6a17b90ee3743
/home/rich/Pictures/pictures-1-001/pictures/20201012_225859.jpg,20201012_225859.jpg,.jpg,823376,2025-08-06T19:32:07,de49794bc72034675a0a3efeeab995450e500b0e589dc84d5749922148ba1a66
/home/rich/Pictures/pictures-1-001/pictures/20201012_225936.jpg,20201012_225936.jpg,.jpg,806690,2025-08-06T19:32:07,8e797214461729d39c621cd449ac79099434af69e96e5ec69fefe4bf08e925f1
/home/rich/Pictures/pictures-1-001/pictures/20201012_225941.jpg,20201012_225941.jpg,.jpg,497499,2025-08-06T19:32:07,3ea25acc094f99b015844781de92dd45908b92be33f206b1156edc2c5c9d410a
/home/rich/Pictures/pictures-1-001/pictures/20201012_225945.jpg,20201012_225945.jpg,.jpg,672322,2025-08-06T19:32:07,f3183a631fbfd434d939489f394d3aa65fbaa476eee8c2e1537499430388d0b6
/home/rich/Pictures/pictures-1-001/pictures/20201012_225949.jpg,20201012_225949.jpg,.jpg,514693,2025-08-06T19:32:07,2d0beb74eb1656a15729bea04d4182a3146ba548d031fbc612595173ef270389
/home/rich/Pictures/pictures-1-001/pictures/20201018_143506.jpg,20201018_143506.jpg,.jpg,976024,2025-08-06T19:32:15,79fc78b1bd6cec292ad1b57ce630b14aa3c0122d1d53dc524362685416619d30
/home/rich/Pictures/pictures-1-001/pictures/20201018_143509.jpg,20201018_143509.jpg,.jpg,875898,2025-08-06T19:32:15,0bfc34c81f3dd98ac33050555d535370233ae7a06fa1d6626728e623cf62924d
/home/rich/Pictures/pictures-1-001/pictures/20201018_143511.jpg,20201018_143511.jpg,.jpg,967249,2025-08-06T19:32:15,fd0d9a601add0bdbc0207a843a1dc7c93b5a3b47a9a5140689298c2d1e61a78b
/home/rich/Pictures/pictures-1-001/pictures/20201018_143514.jpg,20201018_143514.jpg,.jpg,880447,2025-08-06T19:32:15,cdf8d0486d84e4eb130f5e9711baa3b32b2470f195ca1f861bf228cf4d2f0063
/home/rich/Pictures/pictures-1-001/pictures/20201018_143529.jpg,20201018_143529.jpg,.jpg,1061532,2025-08-06T19:32:15,aa3a57e319c09e4fbb2d97d1e5b33d5f9807feeb81356fb1a745a0d480a9ff89
/home/rich/Pictures/pictures-1-001/pictures/20201018_143533.jpg,20201018_143533.jpg,.jpg,1021675,2025-08-06T19:32:15,86d527e94762cd8d40349fca4cd8c85f7a44693db7e46c061dd2a2aba29d141c
/home/rich/Pictures/pictures-1-001/pictures/20201018_143537.jpg,20201018_143537.jpg,.jpg,1038535,2025-08-06T19:32:15,bcc9e8d8314f1ca4cc0fe1540f3a3dd922ad5b3861ddb4dea0208dd6608340be
/home/rich/Pictures/pictures-1-001/pictures/20201018_143539.jpg,20201018_143539.jpg,.jpg,1037377,2025-08-06T19:32:15,3ea8542d777c4b938d0a0f03bdbba25caf74f977ad315a584feab73567057185
/home/rich/Pictures/pictures-1-001/pictures/20201018_143600.jpg,20201018_143600.jpg,.jpg,2523817,2025-08-06T19:32:15,fc941177ebe1e3f143dcb7e32f9bbc757876771b88e39854921737555ae39a57
/home/rich/Pictures/pictures-1-001/pictures/20201018_143625.jpg,20201018_143625.jpg,.jpg,2443670,2025-08-06T19:32:15,0843664ec0ff28e4f0a62ec6e1c9badf702c4c476af55221eddd6fda8724f9c2
/home/rich/Pictures/pictures-1-001/pictures/20201018_143649.jpg,20201018_143649.jpg,.jpg,1116750,2025-08-06T19:32:15,4c08b2fda411d2b3f45e00635fce78765ecce9baff4ee26abcd6f70e9763b616
/home/rich/Pictures/pictures-1-001/pictures/20201018_143655.jpg,20201018_143655.jpg,.jpg,1112733,2025-08-06T19:32:15,8787a746cf7f7b69e69e6378843dec4957cb31464945c425eb2ef31195b82c89
/home/rich/Pictures/pictures-1-001/pictures/20201018_143704.jpg,20201018_143704.jpg,.jpg,1076144,2025-08-06T19:32:15,f61bd76d31aaf9211f603174a0ce8fba4b84358608145e7d3ce83d570e288f02
/home/rich/Pictures/pictures-1-001/pictures/20201018_143714.jpg,20201018_143714.jpg,.jpg,1037508,2025-08-06T19:32:15,f4182a42736b4467fac252c6834696b3d99973632dd9d6f7e6d21900129db05c
/home/rich/Pictures/pictures-1-001/pictures/20201018_143723.jpg,20201018_143723.jpg,.jpg,1028131,2025-08-06T19:32:15,d308844e2cb2737a625c3b3c56021b33434fbe845c7aab481b1c1a62d19d4641
/home/rich/Pictures/pictures-1-001/pictures/20201018_143725.jpg,20201018_143725.jpg,.jpg,1018888,2025-08-06T19:32:15,a0477de81b95043ea99c29f0b68271ea2a21243000c014c6a70d0b75e9b64e04
/home/rich/Pictures/pictures-1-001/pictures/20201018_143726.jpg,20201018_143726.jpg,.jpg,1061639,2025-08-06T19:32:15,ced335b0f2b1c01fb7a9ad8769a20e1cbcb5b0bfeba7c549b423aaaa0640cd2f
/home/rich/Pictures/pictures-1-001/pictures/20201018_143727.jpg,20201018_143727.jpg,.jpg,1064935,2025-08-06T19:32:15,4b9893161784d51f710b6c463752c7fec2da89deb9075b39c057ea06301fef38
/home/rich/Pictures/pictures-1-001/pictures/20201018_143744.jpg,20201018_143744.jpg,.jpg,1029486,2025-08-06T19:32:15,fd68f50e0f67515f8fcd32f4f107f20e4e760e2d11c69a74c9db07f8426a2436
/home/rich/Pictures/pictures-1-001/pictures/20201018_143746.jpg,20201018_143746.jpg,.jpg,1073043,2025-08-06T19:32:15,3b5873362811fecc941db0b249576509198dfe13cdf0733ea7d3cdd92bd1038e
/home/rich/Pictures/pictures-1-001/pictures/20201018_143747.jpg,20201018_143747.jpg,.jpg,1051706,2025-08-06T19:32:15,8fff665493d29d878f7742021ef7e91c4bde796ad5865795175561c47dd4bc49
/home/rich/Pictures/pictures-1-001/pictures/20201018_143749.jpg,20201018_143749.jpg,.jpg,1066513,2025-08-06T19:32:15,eba1c82403326c499f48d855906904695ebf4823a5d0460d3c013ce5731cccc2
/home/rich/Pictures/pictures-1-001/pictures/20201018_143813.jpg,20201018_143813.jpg,.jpg,1052576,2025-08-06T19:32:15,cd390bb062fa3f8d4381793206b7a5acd964d80878d21288f98fdc22054ca127
/home/rich/Pictures/pictures-1-001/pictures/20201018_143824.jpg,20201018_143824.jpg,.jpg,1085699,2025-08-06T19:32:15,e216bb7075b5e17e807e43d7dd3956445301f92a778b22e480bd05ab200d2df5
/home/rich/Pictures/pictures-1-001/pictures/20201018_143826.jpg,20201018_143826.jpg,.jpg,1104722,2025-08-06T19:32:15,e723484c3abd871789dec8a91edd39847fb6955e6d175bd558eebfd77a72f9d8
/home/rich/Pictures/pictures-1-001/pictures/20201018_143828.jpg,20201018_143828.jpg,.jpg,1095766,2025-08-06T19:32:15,71177e926dc9f042c1155db72ac945f437e1d99fedd9eff0d2cf424acba56790
/home/rich/Pictures/pictures-1-001/pictures/20201018_143901.jpg,20201018_143901.jpg,.jpg,1160784,2025-08-06T19:32:15,cfc76ed7e2dd8f95ec6ed7be3aa2e009b63f07de7d07b23667df625d4f8c77d3
/home/rich/Pictures/pictures-1-001/pictures/20201018_143951.jpg,20201018_143951.jpg,.jpg,994967,2025-08-06T19:32:14,94d644715f6b2c7c5f9bfb9b6291d640041faa0ee87941f1769200d84ce907d2
/home/rich/Pictures/pictures-1-001/pictures/20201018_143953.jpg,20201018_143953.jpg,.jpg,1113094,2025-08-06T19:32:15,cb38b8e3c051a385d7e85f1b3b871640a337a0c10615f4d79f90134d4ad2dd5d
/home/rich/Pictures/pictures-1-001/pictures/20201018_144006.jpg,20201018_144006.jpg,.jpg,1169436,2025-08-06T19:32:15,a7982947bbd52b3b92b0be87118411e08b5ace54facef3d58515c854a372e5ab
/home/rich/Pictures/pictures-1-001/pictures/20201018_144040.jpg,20201018_144040.jpg,.jpg,2306678,2025-08-06T19:32:15,c814c8d99222ad1169d13e49e300ce94fe8afded821a15cb80c8a759e7dbb45e
/home/rich/Pictures/pictures-1-001/pictures/20201018_144041.jpg,20201018_144041.jpg,.jpg,2793561,2025-08-06T19:32:15,68acc6696a0f7a006303ccdf845ffe0444f236f2390466692b1990b86d6b9c64
/home/rich/Pictures/pictures-1-001/pictures/20201018_144043.jpg,20201018_144043.jpg,.jpg,3503469,2025-08-06T19:32:15,b6f720a2c2644d1dd054ce9b217e8a266f60a383c7b588797100e08748ea5ef5
/home/rich/Pictures/pictures-1-001/pictures/20201018_224228.jpg,20201018_224228.jpg,.jpg,604091,2025-08-06T19:32:14,6ad68ab44569cc38a52e0d18a51c955c79f1d78eb7806aaf19f1a1ba03ec3b89
/home/rich/Pictures/pictures-1-001/pictures/20201106_160229.jpg,20201106_160229.jpg,.jpg,708457,2025-08-06T19:32:14,a6e380ac342767090e68bc7bae91c69cc7ce20c64ec9fdf5d477a8d1b6be7b0e
/home/rich/Pictures/pictures-1-001/pictures/20201106_160231.jpg,20201106_160231.jpg,.jpg,674067,2025-08-06T19:32:14,e0fcca81d393aa3d9fe2ef0d3f0afb6cf3ca0301398a2fa184b363f12b12c3af
/home/rich/Pictures/pictures-1-001/pictures/20201106_160236.jpg,20201106_160236.jpg,.jpg,647656,2025-08-06T19:32:14,19ed1b36ca66ef6613cd7a481ceebe0c0d3aea4210352b8bf8e37061dbb08adb
/home/rich/Pictures/pictures-1-001/pictures/20201106_160251.jpg,20201106_160251.jpg,.jpg,788341,2025-08-06T19:32:14,0eb3e0603ffbca1ff84e076f899b8dc5e897425104bc40034e900254eba88c85
/home/rich/Pictures/pictures-1-001/pictures/20201106_160321.jpg,20201106_160321.jpg,.jpg,1740718,2025-08-06T19:32:14,6b952fbe6caebb5a5849eb5b7e28f44bfe288d41ee70ac00fa9e9dc2eac7bb66
/home/rich/Pictures/pictures-1-001/pictures/20201106_160323.jpg,20201106_160323.jpg,.jpg,713996,2025-08-06T19:32:14,23a981c9528683e955e8a7fbc02139175000b0c689940a4693450834b467ebfc
/home/rich/Pictures/pictures-1-001/pictures/20201106_160335.jpg,20201106_160335.jpg,.jpg,1761884,2025-08-06T19:32:14,0beb8aa252c0be7ee4ca1c1f2c766b1273240a43a70f2d3cb554a0e3054df6e7
/home/rich/Pictures/pictures-1-001/pictures/20201106_160350.jpg,20201106_160350.jpg,.jpg,1798314,2025-08-06T19:32:14,d74a08767d3de9d7e3d3a714d5fcfbf08f400c0b117f1efdd0e8c36e342506f2
/home/rich/Pictures/pictures-1-001/pictures/20201106_160354.jpg,20201106_160354.jpg,.jpg,773849,2025-08-06T19:32:14,4e1fbcd90596dd5ddc47f257c4368ca9b90e0c83c879a369907a9ac05c6fd1b5
/home/rich/Pictures/pictures-1-001/pictures/20201106_160356.jpg,20201106_160356.jpg,.jpg,795513,2025-08-06T19:32:14,e6f4f828efb2476eeeb6b2d056322125e3589be1d874f206aff382c706370f77
/home/rich/Pictures/pictures-1-001/pictures/20201106_160412.jpg,20201106_160412.jpg,.jpg,800450,2025-08-06T19:32:14,dd38419fc88a4b39de0c51feb326491d84bbebbb1238e6f4701b8a53452c9ee4
/home/rich/Pictures/pictures-1-001/pictures/20201106_160419.jpg,20201106_160419.jpg,.jpg,1883136,2025-08-06T19:32:14,d87d98dcabab77ca8f37fcd2d261ab1d350e6b7f28015d3ac036ed78408481da
/home/rich/Pictures/pictures-1-001/pictures/20201106_160420.jpg,20201106_160420.jpg,.jpg,814570,2025-08-06T19:32:14,80114a286f48b00f03d6d2d046de0e852b61fc1cdc8e8006e2b18fc4cf9f7b84
/home/rich/Pictures/pictures-1-001/pictures/20201106_160435.jpg,20201106_160435.jpg,.jpg,737955,2025-08-06T19:32:14,49b289618e2537b348b8a8ee6ce3124be58832fe60a46b57fdd0ea759db8c7b0
/home/rich/Pictures/pictures-1-001/pictures/20201106_160437.jpg,20201106_160437.jpg,.jpg,799026,2025-08-06T19:32:14,8e423b7f471d6cb7b7942ff893d7cf1b82c745c68dce9f126de6fb5649458f70
/home/rich/Pictures/pictures-1-001/pictures/20201106_160454.jpg,20201106_160454.jpg,.jpg,1881572,2025-08-06T19:32:14,07f26d7a8365836eed27fc0ace335c7b87ffcd461782326e0246bdd30bc778b8
/home/rich/Pictures/pictures-1-001/pictures/20201106_160457.jpg,20201106_160457.jpg,.jpg,791736,2025-08-06T19:32:14,34c978fc79bd39b86d83726097ffeaba93a154ad6919c9636e9507ea93ad3a98
/home/rich/Pictures/pictures-1-001/pictures/20201106_160458.jpg,20201106_160458.jpg,.jpg,827655,2025-08-06T19:32:14,9a11d8f6301dcabca43858c6356022f06c1c34d1d5f490eb77f726ca14e9d03a
/home/rich/Pictures/pictures-1-001/pictures/20201106_160955.jpg,20201106_160955.jpg,.jpg,1804412,2025-08-06T19:32:13,fd482ef3edef8d044a11f8ffdc06c502371e08539a92291fd3eb098b351a7cbb
/home/rich/Pictures/pictures-1-001/pictures/20201106_161006.jpg,20201106_161006.jpg,.jpg,1796754,2025-08-06T19:32:14,eaf4aba813508a07c5bce3b10f380d43160c6060d94b29c6443bac6198bdaf07
/home/rich/Pictures/pictures-1-001/pictures/20201106_161008.jpg,20201106_161008.jpg,.jpg,728744,2025-08-06T19:32:14,6fec06443eb0fa3b2207acc62930479ff2c456c6485bdf5f3ae7d45e106878a0
/home/rich/Pictures/pictures-1-001/pictures/20201106_161046.jpg,20201106_161046.jpg,.jpg,588702,2025-08-06T19:32:13,6fb85c2e3a23759df001d0315f3cac36d8ec9249a683d0eb5a03f9b0868ba500
/home/rich/Pictures/pictures-1-001/pictures/20201106_161049.jpg,20201106_161049.jpg,.jpg,613305,2025-08-06T19:32:13,09dc3f78151d5f9f67028c4850f89ff1e6395df9fb0248abf26c040f683d124d
/home/rich/Pictures/pictures-1-001/pictures/20201106_161209.jpg,20201106_161209.jpg,.jpg,628861,2025-08-06T19:32:13,2dff35428973f50496c52cb30627dd77455fbfe5e7efe0c690b64af84cb39f05
/home/rich/Pictures/pictures-1-001/pictures/20201106_161212.jpg,20201106_161212.jpg,.jpg,604962,2025-08-06T19:32:13,7c958cb80f6b5d1fc8eae9685107defeb09294c75793b7ce7045da7c98c781ef
/home/rich/Pictures/pictures-1-001/pictures/20201106_161214.jpg,20201106_161214.jpg,.jpg,633557,2025-08-06T19:32:13,5c33e4e30d609fcc1eb34d79c2700e3022554d680c5b4bd3f3dff8e5aa36733b
/home/rich/Pictures/pictures-1-001/pictures/20201106_161216.jpg,20201106_161216.jpg,.jpg,638831,2025-08-06T19:32:13,77836b87c9345e53f14ae4d568976c009b6e8479153b4b2506bbe928b47f6d1d
/home/rich/Pictures/pictures-1-001/pictures/20201106_161217.jpg,20201106_161217.jpg,.jpg,606122,2025-08-06T19:32:13,95b2a7a6ef3fa938784116b6781f8658e5420b17572cfe7801fd9a5e03eba17f
/home/rich/Pictures/pictures-1-001/pictures/20201106_161218.jpg,20201106_161218.jpg,.jpg,616428,2025-08-06T19:32:13,2261ea6bf3912509d47b7521ae667ee850046de60222dbe2882155deee28b38b
/home/rich/Pictures/pictures-1-001/pictures/20210605_180055.jpg,20210605_180055.jpg,.jpg,942049,2025-08-06T19:32:06,cb6626457b5b8cd9ebb8838adff44743951891db7436706eec684284bd1ed96f
/home/rich/Pictures/pictures-1-001/pictures/20210616_143103.jpg,20210616_143103.jpg,.jpg,773246,2025-08-06T19:32:06,755d49ced6e4f7a089cbd6df1625fed4a7492b899ece353033e4a6b4351b2bee
/home/rich/Pictures/pictures-1-001/pictures/20210616_143211.jpg,20210616_143211.jpg,.jpg,861602,2025-08-06T19:32:06,d3516762a5783cd8bc8fdb03e8069a879353cb5c4594fd6632bd99faba27b513
/home/rich/Pictures/pictures-1-001/pictures/20210616_143219.jpg,20210616_143219.jpg,.jpg,650580,2025-08-06T19:32:06,64f42f70ff5301a7572dfdc698458f7afd974961dd9abe7f6a97c467276a98db
/home/rich/Pictures/pictures-1-001/pictures/20210616_143234.jpg,20210616_143234.jpg,.jpg,1767488,2025-08-06T19:32:06,a4ced3c7fc10225ffefb81a627548476f082317b4d7df28eaf2c62c7f5077956
/home/rich/Pictures/pictures-1-001/pictures/20210616_143247.jpg,20210616_143247.jpg,.jpg,819621,2025-08-06T19:32:06,6d67f19b64af614dbf6a89e39da21677e6ff38965e98092f807e164c92a11535
/home/rich/Pictures/pictures-1-001/pictures/20210620_135800.jpg,20210620_135800.jpg,.jpg,1457954,2025-08-06T19:32:06,04e51563cb8fd166ac7b3c26c7248ec35bd61b385b8be23d1923a3234f7650f8
/home/rich/Pictures/pictures-1-001/pictures/20210620_135812.jpg,20210620_135812.jpg,.jpg,1560649,2025-08-06T19:32:06,a36c99ec98b0c04c3433a76f04be0e8ebb484b74b4e54d415388b04dcad200bf
/home/rich/Pictures/pictures-1-001/pictures/20210620_140130.jpg,20210620_140130.jpg,.jpg,938826,2025-08-06T19:32:06,4366677031b7a9ec35cd416705a87eb64a5724238d59c46331f286bd86ec56b2
/home/rich/Pictures/pictures-1-001/pictures/20210620_140138.jpg,20210620_140138.jpg,.jpg,922845,2025-08-06T19:32:06,800885eaeeea4d93a5f18db612080c12895df4c7c23c6f5d06eac16ce529a2e8
/home/rich/Pictures/pictures-1-001/pictures/20210624_162057_HDR.jpg,20210624_162057_HDR.jpg,.jpg,1076752,2025-08-06T19:32:06,f4d88774deb2fdb37d588fc5014e7ae9a7b7f8cd622e4db28186c553e005a518
/home/rich/Pictures/pictures-1-001/pictures/20210624_162104.jpg,20210624_162104.jpg,.jpg,1082870,2025-08-06T19:32:06,2efd634b9eda49703d65165c9995bb99890b285e107deb899394ce1eafcb5e1a
/home/rich/Pictures/pictures-1-001/pictures/20210624_162121_HDR.jpg,20210624_162121_HDR.jpg,.jpg,1088283,2025-08-06T19:32:06,9a02c4fea621d9eb32f50ba00f59b8c2e557a7f62f73bd5e40fb85ac3a564af6
/home/rich/Pictures/pictures-1-001/pictures/20210624_162131.jpg,20210624_162131.jpg,.jpg,1115822,2025-08-06T19:32:06,4d6af92851cb370dc3a885d17ba90fe517db9bdf4eb918570a89f70f77670497
/home/rich/Pictures/pictures-1-001/pictures/20210701_195857.jpg,20210701_195857.jpg,.jpg,1004324,2025-08-06T19:32:06,5c39947dbf3514d50f56a615b48d5bbc31705faf4f1ceabddaa6b1906537a4ca
/home/rich/Pictures/pictures-1-001/pictures/20210701_195859.jpg,20210701_195859.jpg,.jpg,1049277,2025-08-06T19:32:06,c7859afc0d71eda7fb4f0cbdf677d797b2386a5bb25926a710fddcfd7b9519a4
/home/rich/Pictures/pictures-1-001/pictures/20210704_183643.jpg,20210704_183643.jpg,.jpg,884115,2025-08-06T19:32:06,7e8c51296dceeab81d022e94098ae6284b4358cb0818432ece41c7108ff69b48
/home/rich/Pictures/pictures-1-001/pictures/20210704_183737.jpg,20210704_183737.jpg,.jpg,804419,2025-08-06T19:32:06,aead0588b03526cd13163d2490b5696ab127f8006b3305a688c3c791c31f01df
/home/rich/Pictures/pictures-1-001/pictures/20210704_183744.jpg,20210704_183744.jpg,.jpg,795005,2025-08-06T19:32:05,160eecf3b0a478ec9146c5cb18cde16800a4d5b698e88cd143430116dfa0db00
/home/rich/Pictures/pictures-1-001/pictures/20210704_183808.jpg,20210704_183808.jpg,.jpg,890718,2025-08-06T19:32:06,66f528fe6883a72119813e12a09db6e4e2b9ea5f06075a9475bf227a66252f85
/home/rich/Pictures/pictures-1-001/pictures/20210704_183818.jpg,20210704_183818.jpg,.jpg,879434,2025-08-06T19:32:06,77c10b34bf41e7ceb0e82aea0471677bbcbee529708d4e5dc465680041387c61
/home/rich/Pictures/pictures-1-001/pictures/20210704_184001.jpg,20210704_184001.jpg,.jpg,1889399,2025-08-06T19:32:05,1d1b352e384bbb799ef1818610654bee0cf9899fe48e3807d213f6921b0213c7
/home/rich/Pictures/pictures-1-001/pictures/20210704_184023.jpg,20210704_184023.jpg,.jpg,731127,2025-08-06T19:32:05,0ab957b143c5e59710e2f3ecaebd8bbcdeccaf5810dc44480fdb508ce64972a3
/home/rich/Pictures/pictures-1-001/pictures/20210704_185251_HDR.jpg,20210704_185251_HDR.jpg,.jpg,685287,2025-08-06T19:32:05,4fbb143dff8de5aa17e6da88fa3adc924caf1bbcd00b394353fb1b8c33c999fd
/home/rich/Pictures/pictures-1-001/pictures/20210704_185255.jpg,20210704_185255.jpg,.jpg,686642,2025-08-06T19:32:05,c21b8ffa6eddf4c4d1554453a7d1675387157f3c26d401b0f8aeaed475d79f9a
/home/rich/Pictures/pictures-1-001/pictures/20210704_204414.jpg,20210704_204414.jpg,.jpg,3433692,2025-08-06T19:32:06,b9c29edce49d07b5deb2040aca34a81c424c3e71d76103a573e2865df0c01bcc
/home/rich/Pictures/pictures-1-001/pictures/20210704_204421.jpg,20210704_204421.jpg,.jpg,3289256,2025-08-06T19:32:06,a45f3468a96f6945d959c821737562bfffdc7fc7e03bba2fa1aa207d565d7c1a
/home/rich/Pictures/pictures-1-001/pictures/20210704_204440.jpg,20210704_204440.jpg,.jpg,5277340,2025-08-06T19:32:06,10147577085c57bf0ce93ec13f58661a2102082eebd98a08c6d0fb295935cf8a
/home/rich/Pictures/pictures-1-001/pictures/20210704_204445.jpg,20210704_204445.jpg,.jpg,4898223,2025-08-06T19:32:06,295b271fc742bed0fdc147bd622972e48d0fbd09432d818711a53aeaf65489be
/home/rich/Pictures/pictures-1-001/pictures/20210704_204506.jpg,20210704_204506.jpg,.jpg,3784740,2025-08-06T19:32:05,396d07309aa99accc71ee339fc5c5b03dc2c9d37b2e49ea2c991047eb477440a
/home/rich/Pictures/pictures-1-001/pictures/20210704_212558.jpg,20210704_212558.jpg,.jpg,714292,2025-08-06T19:32:05,a7abb6506a49d9bfb1e96ef02b5c0cc8e8b652e428e83c5b3c3dd120c9cf78ae
/home/rich/Pictures/pictures-1-001/pictures/20210704_212600.jpg,20210704_212600.jpg,.jpg,689114,2025-08-06T19:32:05,dfb2398c89b5c2554f244a84dcd5a91970d2a927743e959da066b4678c3684a4
/home/rich/Pictures/pictures-1-001/pictures/20210704_212601.jpg,20210704_212601.jpg,.jpg,728910,2025-08-06T19:32:05,bf55b5330a71611675b36a9d95e677eebaa189bd7b8cc3c36f1d390237a290a5
/home/rich/Pictures/pictures-1-001/pictures/20210704_212700.jpg,20210704_212700.jpg,.jpg,638057,2025-08-06T19:32:05,3ab87a1a8ea00df5b5739fac72952cc6b05a73720f268e56de6ba48cb3eff468
/home/rich/Pictures/pictures-1-001/pictures/20210704_212702.jpg,20210704_212702.jpg,.jpg,666578,2025-08-06T19:32:04,671d3d4d6e7647a86069af33d7cd2f769b99dc0db26252c5eda31935ec5bbff7
/home/rich/Pictures/pictures-1-001/pictures/20210704_212705.jpg,20210704_212705.jpg,.jpg,685787,2025-08-06T19:32:05,eb0048d2dd4c6686ea7f5e5cb81945138d703013e345940149c964157502afc2
/home/rich/Pictures/pictures-1-001/pictures/20210704_212724.jpg,20210704_212724.jpg,.jpg,641136,2025-08-06T19:32:05,8eb9908d7bbab106acd09f00ee120bc7aa77bb039b4fa835c8cbfc7703366656
/home/rich/Pictures/pictures-1-001/pictures/20210704_213031.jpg,20210704_213031.jpg,.jpg,623125,2025-08-06T19:32:05,1b037d9c26cf10e97039e90b9dbdee7e798cbe74b75f2a1547a39988c904230e
/home/rich/Pictures/pictures-1-001/pictures/20210704_213035.jpg,20210704_213035.jpg,.jpg,651669,2025-08-06T19:32:05,eaf5645fe33d1adf2798638e74db408ec4ac39f9e0c6f3dd7c78fbfa2d6f10dd
/home/rich/Pictures/pictures-1-001/pictures/20210704_213037.jpg,20210704_213037.jpg,.jpg,634901,2025-08-06T19:32:05,457f8f82a459f7343f291efde8a7d85672724c8618af2613d79bed7451ddefd2
/home/rich/Pictures/pictures-1-001/pictures/20210704_213039.jpg,20210704_213039.jpg,.jpg,635628,2025-08-06T19:32:05,2eee44f9a9e49a950f1362ccfeda923b78c819b4dfe9d0ee44a2b0b49bd4b87c
/home/rich/Pictures/pictures-1-001/pictures/20210704_213046.jpg,20210704_213046.jpg,.jpg,658379,2025-08-06T19:32:04,3afb52bc500ac4a178e34cffe702c071a70d72c455e546b4f44eda61929c5088
/home/rich/Pictures/pictures-1-001/pictures/20210704_213047.jpg,20210704_213047.jpg,.jpg,626118,2025-08-06T19:32:04,393f97816c64355e181d980646041743b248444e2d1ac6710a5723accd243d4e
/home/rich/Pictures/pictures-1-001/pictures/20210704_213049.jpg,20210704_213049.jpg,.jpg,667417,2025-08-06T19:32:04,b7b7d1d23a237a99a02bf6acb13714d8118b7cefcb429a142e9026a8cec51662
/home/rich/Pictures/pictures-1-001/pictures/20210704_213057.jpg,20210704_213057.jpg,.jpg,656213,2025-08-06T19:32:04,ebaf1ca2e54fddaeeb0808ad6b206d351c18e8e987f18aecdebeee2a83262961
/home/rich/Pictures/pictures-1-001/pictures/20210704_213108.jpg,20210704_213108.jpg,.jpg,620295,2025-08-06T19:32:04,0a048c3787e0a91b4ff4fb80e239073ee896932c535c35d7bbcbb9d735805441
/home/rich/Pictures/pictures-1-001/pictures/20210704_213110.jpg,20210704_213110.jpg,.jpg,690935,2025-08-06T19:32:04,eb7f7548e80d70d4092c988a6993c8900c8b544629823627ea81dc823e213d0f
/home/rich/Pictures/pictures-1-001/pictures/20210721_205753.jpg,20210721_205753.jpg,.jpg,666616,2025-08-06T19:32:04,63f6e939cb011eb09d4fffe6113d76ece0addd2dc65e9f904beb1862d054e31e
/home/rich/Pictures/pictures-1-001/pictures/20210721_205754.jpg,20210721_205754.jpg,.jpg,688444,2025-08-06T19:32:04,9f53670397ef219a764ab163cf4980eeeb8b86b605ab91455c4c5210db7ed612
/home/rich/Pictures/pictures-1-001/pictures/20210721_205756.jpg,20210721_205756.jpg,.jpg,679781,2025-08-06T19:32:04,e27b72f62bbe0876a1982b98132772efe55e631b26b1ba51fec36a0d394a2073
/home/rich/Pictures/pictures-1-001/pictures/20210721_205808.jpg,20210721_205808.jpg,.jpg,671172,2025-08-06T19:32:04,4da88c9e2201e76a74c138dc85dbf12f2b1bd467ed274d6b9dd30de70921e2dd
/home/rich/Pictures/pictures-1-001/pictures/20210721_205809.jpg,20210721_205809.jpg,.jpg,689785,2025-08-06T19:32:04,25318f765d887492b493f7391a8784709b84b561d40f135a4c2b315d332027c0
/home/rich/Pictures/pictures-1-001/pictures/20210721_205811.jpg,20210721_205811.jpg,.jpg,683598,2025-08-06T19:32:04,602ecef97db794a54c4785cd807cb0842a970ec956ddfea6c38a17eb63e91fd3
/home/rich/Pictures/pictures-1-001/pictures/20210721_205812.jpg,20210721_205812.jpg,.jpg,675460,2025-08-06T19:32:04,351b92597e06499effbf0b869b9935e6bd51b85b6b7acdd0c26cc8dc80bb73a7
/home/rich/Pictures/pictures-1-001/pictures/20210820_221536.jpg,20210820_221536.jpg,.jpg,641336,2025-08-06T19:32:04,57019fa932bdcacd00bbc79c0bd1f2a1154d4d238b23ce7dcb67099bf6289102
/home/rich/Pictures/pictures-1-001/pictures/20210822_160409.jpg,20210822_160409.jpg,.jpg,1097670,2025-08-06T19:32:04,374def29e9e10bfe7150cacbd00cf5c756b4da833aa3bafe24b6251817a3d944
/home/rich/Pictures/pictures-1-001/pictures/20210918_124712.jpg,20210918_124712.jpg,.jpg,3594282,2025-08-06T19:32:05,75f03da159caef2c81390fc02f0ffe4e4aae4527ed0acb9d2667ed5d598ea9e3
/home/rich/Pictures/pictures-1-001/pictures/2022-04-14_14-57-48.jpg,2022-04-14_14-57-48.jpg,.jpg,191602,2025-08-06T19:32:02,33b5440ee236f734fa93ea35c6699ffa64ff5cfb97aee1c993101e8ca5d53295
/home/rich/Pictures/pictures-1-001/pictures/2022-04-14_14-59-43.jpg,2022-04-14_14-59-43.jpg,.jpg,136423,2025-08-06T19:32:02,21b38715473f2836902b346da4fdbbce9242b3caaabd7ad5bb4349112a510b60
/home/rich/Pictures/pictures-1-001/pictures/2022-04-19_19-22-41.jpg,2022-04-19_19-22-41.jpg,.jpg,82516,2025-08-06T19:32:02,5b0576b6ba4f707d9316d44196ac187bbe8303acc0f1e1cf05e05269657f0b96
/home/rich/Pictures/pictures-1-001/pictures/2022-04-19_19-22-45.jpg,2022-04-19_19-22-45.jpg,.jpg,114047,2025-08-06T19:32:02,23e188456951b93e71356c0b1bb405a61d6ad1524d91e0e1e9ff3f18c88f748d
/home/rich/Pictures/pictures-1-001/pictures/2022-04-19_19-22-58.jpg,2022-04-19_19-22-58.jpg,.jpg,166789,2025-08-06T19:32:02,817880dfbb3129258a8ecf037e3ed5fe4a4f56e47cae7a295a03c91d98d28d5b
/home/rich/Pictures/pictures-1-001/pictures/2022-04-19_19-22-59.jpg,2022-04-19_19-22-59.jpg,.jpg,114769,2025-08-06T19:32:02,3d2f9a81ff6c578e59eceeabc5d17597c41fbbd90c248b49319faf647f3bdc16
/home/rich/Pictures/pictures-1-001/pictures/2022-04-20_19-09-00.jpg,2022-04-20_19-09-00.jpg,.jpg,49716,2025-08-06T19:32:01,833741080b0b568c522519f801ea18909b63a468aa9737bc32bd178ac5cea358
/home/rich/Pictures/pictures-1-001/pictures/2022-04-20_19-09-22.jpg,2022-04-20_19-09-22.jpg,.jpg,49472,2025-08-06T19:32:02,25843b96603904c985c42f585320274d4b588c11ae3c335ebe2b2ccf3117b796
/home/rich/Pictures/pictures-1-001/pictures/2022-04-20_19-09-23.jpg,2022-04-20_19-09-23.jpg,.jpg,44341,2025-08-06T19:32:01,b88301bbb9645eeb7954c10044cc20fff6ba03b1e5a49264621ec3ac86b8c54b
/home/rich/Pictures/pictures-1-001/pictures/20220718_172453.jpg,20220718_172453.jpg,.jpg,759117,2025-08-06T19:32:02,a4112643beb61a091680fa8968540a6c56e6c51d29f56b8dfeaa903c4d9d7cb2
/home/rich/Pictures/pictures-1-001/pictures/20220718_172457.jpg,20220718_172457.jpg,.jpg,700981,2025-08-06T19:32:02,4fe3fc2ddfaa19ac76a57c0c0f618ab6da05d45e1f3571b8a61680b46c47ad23
/home/rich/Pictures/pictures-1-001/pictures/20220718_172458.jpg,20220718_172458.jpg,.jpg,542210,2025-08-06T19:32:02,13d56cb6455ba71f3a9dd1165b61f1515787dac867d1732b347aa4853403a544
/home/rich/Pictures/pictures-1-001/pictures/20220718_172500.jpg,20220718_172500.jpg,.jpg,738561,2025-08-06T19:32:02,bf5eeff569e289f3e74abe2c79c8904efdf0db0ce6dbbb5863e893cb663c2230
/home/rich/Pictures/pictures-1-001/pictures/20220725_212252.jpg,20220725_212252.jpg,.jpg,467202,2025-08-06T19:32:02,00f88e00b80c3b779c8772fce6a09909a609e55f116dbec382b8dc8075551652
/home/rich/Pictures/pictures-1-001/pictures/20220725_212305.jpg,20220725_212305.jpg,.jpg,514671,2025-08-06T19:32:02,68fd05bbb8441fae07325d5937e322f5291be48e5c2a3006be3aed21651dc009
/home/rich/Pictures/pictures-1-001/pictures/20220725_212310.jpg,20220725_212310.jpg,.jpg,551482,2025-08-06T19:32:02,23d6c8ea96e4f60733412e0294abc5c7f6e6a73d979427c041ea7f0d97b0dcaf
/home/rich/Pictures/pictures-1-001/pictures/20220813_155253.jpg,20220813_155253.jpg,.jpg,584349,2025-08-06T19:32:02,49659d4feaad7c330eba0ff04b9f903eeb9b4ebc05ee36cd18e0dabdafe2fff4
/home/rich/Pictures/pictures-1-001/pictures/20220813_155256.jpg,20220813_155256.jpg,.jpg,5155953,2025-08-06T19:32:02,2af0b09e72aa59cf01f3d81aa080c64dbef1a85561f23b35cf7fe7c0537dc211
/home/rich/Pictures/pictures-1-001/pictures/20220813_155301.jpg,20220813_155301.jpg,.jpg,5118188,2025-08-06T19:32:02,086bf86a1c85958126e8b58fda6edea6cc28c4f240d6690d8ac20b39502291ac
/home/rich/Pictures/pictures-1-001/pictures/20220813_155318.jpg,20220813_155318.jpg,.jpg,601896,2025-08-06T19:32:01,90dcc0491bdd15b6c5d2d668a5f44502c9467cc80a467177831a7dda6b038a9f
/home/rich/Pictures/pictures-1-001/pictures/20220813_155320.jpg,20220813_155320.jpg,.jpg,498393,2025-08-06T19:32:01,67ed307c067b3450f3930a7678192798e15c5b2b5ffb258212b465cac6e1f240
/home/rich/Pictures/pictures-1-001/pictures/20220820_175119.jpg,20220820_175119.jpg,.jpg,6759556,2025-08-06T19:32:01,feaa2e81fc5c36ebab2b689554f3e2f307a9685bafe71914a77ac23470debaa1
/home/rich/Pictures/pictures-1-001/pictures/20220820_175120.jpg,20220820_175120.jpg,.jpg,6563088,2025-08-06T19:32:01,7a32b0dfc49f2e6ec165864b57398fecff9e6435341806ecea3390e878b241e0
/home/rich/Pictures/pictures-1-001/pictures/20220820_175126.jpg,20220820_175126.jpg,.jpg,1202689,2025-08-06T19:32:01,bdadbb39c185ec1a2889d962d577af6b2098b479c7808a5fc4c33aa91e30023e
/home/rich/Pictures/pictures-1-001/pictures/20220820_175133.jpg,20220820_175133.jpg,.jpg,1260573,2025-08-06T19:32:01,70690840f7f893b4e39ca63e9bcb947731ecc5da45f40766f6c4b953fd2864ae
/home/rich/Pictures/pictures-1-001/pictures/20220820_175137.jpg,20220820_175137.jpg,.jpg,648610,2025-08-06T19:32:01,3747b8c1636759359e17680f0df28611664a544df2f5ddd43da685f9b3fc538e
/home/rich/Pictures/pictures-1-001/pictures/20220821_171022.jpg,20220821_171022.jpg,.jpg,2236897,2025-08-06T19:32:01,b47a5cede8a086fccaf2ef7c73dbdff66b0d69de0a179ac124f992792962ea2f
/home/rich/Pictures/pictures-1-001/pictures/20220821_171024.jpg,20220821_171024.jpg,.jpg,2150678,2025-08-06T19:32:01,bd8b7be74f7f4b9ee610ba1cd22bc6ff6446d4c45c5966364c747c4ed1d62958
/home/rich/Pictures/pictures-1-001/pictures/20220821_171025.jpg,20220821_171025.jpg,.jpg,2125955,2025-08-06T19:32:01,151d7527eb3cba064b4ce877366efaf8e2b34e476891829469327f0bb8cd2d71
/home/rich/Pictures/pictures-1-001/pictures/20220902_215332.jpg,20220902_215332.jpg,.jpg,371837,2025-08-06T19:32:01,2c691d32cc41c1ffcf8bd4cc334745992a542e1e11d975d6c3e71f72126b8ec1
/home/rich/Pictures/pictures-1-001/pictures/20220902_215333.jpg,20220902_215333.jpg,.jpg,412814,2025-08-06T19:32:01,4d437c74cf5d5c20084539205506388334338abeb4cbfd59b358bfcae5ba9238
/home/rich/Pictures/pictures-1-001/pictures/20220902_215337.jpg,20220902_215337.jpg,.jpg,647648,2025-08-06T19:32:01,965c22ed5de02cef88e44cc8c6e0e8b5cfb007ca6aaa49f6711705dc8112fd76
/home/rich/Pictures/pictures-1-001/pictures/20220902_215341.jpg,20220902_215341.jpg,.jpg,307173,2025-08-06T19:32:01,8c37529676e80501bb433cd1a3b370035a22ce15fca0c702f416f5635e094e04
/home/rich/Pictures/pictures-1-001/pictures/20220902_215423.jpg,20220902_215423.jpg,.jpg,308751,2025-08-06T19:32:01,e5a388a4151d5bdc74ee249e16ab4c5d68024de86723e103ee933151afb918c8
/home/rich/Pictures/pictures-1-001/pictures/20220902_215426.jpg,20220902_215426.jpg,.jpg,262004,2025-08-06T19:32:01,743e48c43a392b529a071557abd8977cf68d0bdfdf481b6667247cdff7aa0c37
/home/rich/Pictures/pictures-1-001/pictures/20220902_215428.jpg,20220902_215428.jpg,.jpg,340232,2025-08-06T19:32:01,ae2076ff60643c02f03be50fd67f410392ea32bc902b4c808bbf34f89d329a5d
/home/rich/Pictures/pictures-1-001/pictures/20220902_215432.jpg,20220902_215432.jpg,.jpg,320718,2025-08-06T19:32:01,d175d85a4792d131ed5fbb6d2c51b76b9c6e03c9fc8238f8a521deee0d672f20
/home/rich/Pictures/pictures-1-001/pictures/20221028_171226.jpg,20221028_171226.jpg,.jpg,1555574,2025-08-06T19:31:58,862137bc7a3c68e5052b8724e00392ddce0e3be3951a9fc8b23e4316965f4715
/home/rich/Pictures/pictures-1-001/pictures/20221028_171228.jpg,20221028_171228.jpg,.jpg,1762505,2025-08-06T19:31:58,613bbe64f64115efa070441267ba2168acfa85a5d852ad6a14985c87bc9f23ab
/home/rich/Pictures/pictures-1-001/pictures/20221028_171230.jpg,20221028_171230.jpg,.jpg,2008872,2025-08-06T19:32:00,4cb37bba25c145d19aa96c003c8ce96f4c41015342ed999d2501045d17a07562
/home/rich/Pictures/pictures-1-001/pictures/20221028_171233.jpg,20221028_171233.jpg,.jpg,366530,2025-08-06T19:31:58,fd2c108cde76cf600c7610c6a4dd5520e9121ee52d554432e00c17b404ebdd16
/home/rich/Pictures/pictures-1-001/pictures/20221028_171235.jpg,20221028_171235.jpg,.jpg,365362,2025-08-06T19:32:00,6872dc77cd6d0d588d052a54201d4105e5e655eaa98a61c3bcb1e56c889ee817
/home/rich/Pictures/pictures-1-001/pictures/20221028_171236.jpg,20221028_171236.jpg,.jpg,387822,2025-08-06T19:31:58,f1f9c3243f9fd8405a78bce56ae2250a09d698d3270b5fa481ad0919fd498ba6
/home/rich/Pictures/pictures-1-001/pictures/20221028_171259.jpg,20221028_171259.jpg,.jpg,362553,2025-08-06T19:31:58,ddcdaa517d24c2b14b3c5dc17186e856a62956268ea3762ac6d109af117c3322
/home/rich/Pictures/pictures-1-001/pictures/20250610_192934.heic,20250610_192934.heic,.heic,1015341,2025-08-06T19:31:59,91c2ccdfc097c55861fdf8ce62754288a056f40b520241c18151cb6412a69484
/home/rich/Pictures/pictures-1-001/pictures/20250610_192936.heic,20250610_192936.heic,.heic,904528,2025-08-06T19:31:59,716c2c72348c9fb662d566e8602ea014b65cbf9644055db3193b4d732da1fb3c
/home/rich/Pictures/pictures-1-001/pictures/20250610_192938.heic,20250610_192938.heic,.heic,842691,2025-08-06T19:31:59,9e2184d5ee585d9b983e6a76f4d5ae2ca61ec6a8289b8e3889e897fc580b8904
/home/rich/Pictures/pictures-1-001/pictures/20250616_011748.heic,20250616_011748.heic,.heic,1591807,2025-08-06T19:31:59,f1e0fa5eceda3a3438449595fa0888078aec62ee2f6d6595317f0766a90c4fe8
/home/rich/Pictures/pictures-1-001/pictures/20250616_011752.heic,20250616_011752.heic,.heic,1671978,2025-08-06T19:31:59,3c726a9fd63f2ccc81fd20abdcb47684bbe2339826c121da426cfbba3b5100d8
/home/rich/Pictures/pictures-1-001/pictures/20250616_011808.heic,20250616_011808.heic,.heic,1300482,2025-08-06T19:32:00,21badf89bf0c27fc3a3a5e4fe7138c08de99e45aa45817dc760db2b0652e2899
/home/rich/Pictures/pictures-1-001/pictures/20250616_011814.heic,20250616_011814.heic,.heic,2066134,2025-08-06T19:31:59,3b0d228907228a52a711122d137603ba0936f46784b76682329fcd80c82a46b6
/home/rich/Pictures/pictures-1-001/pictures/20250616_011829.jpg,20250616_011829.jpg,.jpg,4657360,2025-08-06T19:31:59,d1efdede71ffc3e80a94a7f6c0b30368118def4ee5d774e3fab58e07d8299142
/home/rich/Pictures/pictures-1-001/pictures/20250616_011833.jpg,20250616_011833.jpg,.jpg,3839471,2025-08-06T19:31:59,7e91ce5fdb103e4731bd28c6205030c381af8b4a890ee131650506a5c00a345c
/home/rich/Pictures/pictures-1-001/pictures/20250616_011841.jpg,20250616_011841.jpg,.jpg,3845589,2025-08-06T19:32:00,d85cf8cbbadf81d0f686f128e90ee48d3e6ea7c913cbde1682bb52d6c7feaa4c
/home/rich/Pictures/pictures-1-001/pictures/20250616_011845.jpg,20250616_011845.jpg,.jpg,4815921,2025-08-06T19:32:00,706bda9d5ac0efc66ecbda32d3414bab8aac3b985f57583462223c57d28fab1a
/home/rich/Pictures/pictures-1-001/pictures/20250621_122106.heic,20250621_122106.heic,.heic,2258200,2025-08-06T19:31:59,6d0a9856ffeeddf6b141cf6cfa2a11d427b10689a942dddc72c82c65cfbf0494
/home/rich/Pictures/pictures-1-001/pictures/20250621_122141.heic,20250621_122141.heic,.heic,1943058,2025-08-06T19:31:59,9c598e607dd9efea9ad5e57d1c33e2f3552ec52d43e43b055813ad5aa7990725
/home/rich/Pictures/pictures-1-001/pictures/20250628_135739.heic,20250628_135739.heic,.heic,1549561,2025-08-06T19:32:00,709f3131a184175e23e25d88f94d8c9247f6e184ea4e9ea5b199e178a37025c3
/home/rich/Pictures/pictures-1-001/pictures/20250628_135945.heic,20250628_135945.heic,.heic,1668665,2025-08-06T19:32:00,1a01707b2f9915d744da6ddd7b3019abcbaeca6eba49b42412d6c69378735ad7
/home/rich/Pictures/pictures-1-001/pictures/COLOR_POP.jpg,COLOR_POP.jpg,.jpg,1216307,2025-08-06T19:31:58,b40d59cf70048dbb4029edfedb1cd2ef25f70ed4a4f471385e3c4b28700adf11
/home/rich/Pictures/pictures-1-001/pictures/FB_IMG_1542252984820.jpg,FB_IMG_1542252984820.jpg,.jpg,133162,2025-08-06T19:32:11,14ce954ee97c826eeb772faeb48d6745201704e1602570ec2db579b926f7d4ca
/home/rich/Pictures/pictures-1-001/pictures/FB_IMG_1542253011424.jpg,FB_IMG_1542253011424.jpg,.jpg,103643,2025-08-06T19:32:11,93b8253481cb1f910a46b0c0d2ddf374dd3fd806bbc2b07c4986f46be338151d
/home/rich/Pictures/pictures-1-001/pictures/FB_IMG_1542253015546.jpg,FB_IMG_1542253015546.jpg,.jpg,106594,2025-08-06T19:32:11,0585d5b980b00ddb948f25201f4808473e7bd65a7ba83bc1c9de6eb1064b0707
/home/rich/Pictures/pictures-1-001/pictures/FB_IMG_1542253027383.jpg,FB_IMG_1542253027383.jpg,.jpg,93758,2025-08-06T19:32:11,ae0ff973b9949e89cadca9b31a46ca827de8fd3dd89d8a4aaa4b8df046e3bc41
/home/rich/Pictures/pictures-1-001/pictures/FB_IMG_1542253032233.jpg,FB_IMG_1542253032233.jpg,.jpg,124175,2025-08-06T19:32:11,04e4f4dc553b91c6f151584212a65d94f4221e9a8c45b2a181ccbea7f0089549
/home/rich/Pictures/pictures-1-001/pictures/FB_IMG_1542253035617.jpg,FB_IMG_1542253035617.jpg,.jpg,149945,2025-08-06T19:32:11,d679cd1484ef454704951125657c49105452dc3063d531dc617d5091f20a0616
/home/rich/Pictures/pictures-1-001/pictures/FB_IMG_1542253040590.jpg,FB_IMG_1542253040590.jpg,.jpg,132204,2025-08-06T19:32:11,f5bbfb0deb04944cd742cbbbb1bfe3c02e74e73f57467d5bba7ae7bc314153d9
/home/rich/Pictures/pictures-1-001/pictures/FB_IMG_1542253044435.jpg,FB_IMG_1542253044435.jpg,.jpg,124406,2025-08-06T19:32:11,1eec1978f171b23133033494e017a67491dfc3ed9aeafcdbeac050506023b2cf
/home/rich/Pictures/pictures-1-001/pictures/FB_IMG_1542253048037.jpg,FB_IMG_1542253048037.jpg,.jpg,127069,2025-08-06T19:32:11,42d5b59c7af0d533637fa949f04a69809e5b79cd3a7316433bd58b91572676f3
/home/rich/Pictures/pictures-1-001/pictures/FB_IMG_1542253053920.jpg,FB_IMG_1542253053920.jpg,.jpg,113067,2025-08-06T19:32:11,bbb08d01c24baffd89ecd8d1a7cc692b8256e233a01e8a962e7ecfc27c8537af
/home/rich/Pictures/pictures-1-001/pictures/FB_IMG_1578205267454.jpg,FB_IMG_1578205267454.jpg,.jpg,48129,2025-08-06T19:32:03,9107f0e7c77bd83a91b542a77d94e94e08d2dcf7c5766a1e5ba38bde538f2343
/home/rich/Pictures/pictures-1-001/pictures/FB_IMG_1578205273285.jpg,FB_IMG_1578205273285.jpg,.jpg,33775,2025-08-06T19:32:03,49598b1e808665b0f10cbf6cefbcda2442bdb44064754b53bb1cdd4fb3b57f45
/home/rich/Pictures/pictures-1-001/pictures/FB_IMG_1579231367274.jpg,FB_IMG_1579231367274.jpg,.jpg,38041,2025-08-06T19:32:03,21eb5db8c3f8394c78c38c1f7835f2b16fc1c5f78dfd7986d86d920e5e227571
/home/rich/Pictures/pictures-1-001/pictures/FB_IMG_1602743360066.jpg,FB_IMG_1602743360066.jpg,.jpg,72574,2025-08-06T19:32:12,10a2cd140d11c6d0b4af6742ebf04e4daeacc71ff9d57c32d1505c12d4459ca5
/home/rich/Pictures/pictures-1-001/pictures/FB_IMG_1602743430419.jpg,FB_IMG_1602743430419.jpg,.jpg,51417,2025-08-06T19:32:12,42a91292abb6138a1efe47a4251b649dd726f4d1fd8aa1ebab50130a799078c7
/home/rich/Pictures/pictures-1-001/pictures/FB_IMG_1602743473581.jpg,FB_IMG_1602743473581.jpg,.jpg,44320,2025-08-06T19:32:12,5c518bf33b090691f2a66237b99619fed2e35baaf065f8f4e148291822b62053
/home/rich/Pictures/pictures-1-001/pictures/FB_IMG_1602743499066.jpg,FB_IMG_1602743499066.jpg,.jpg,83748,2025-08-06T19:32:12,46389f529d70f3b7737dee1a6201a10b4e71fff6947c40592811724b606b0e77
/home/rich/Pictures/pictures-1-001/pictures/FB_IMG_1602743537780.jpg,FB_IMG_1602743537780.jpg,.jpg,29805,2025-08-06T19:32:12,f37f36cd06ed272896f527e41d30f601024638b1e3f13636c51d83685f323ecb
/home/rich/Pictures/pictures-1-001/pictures/FB_IMG_1602743581116.jpg,FB_IMG_1602743581116.jpg,.jpg,42189,2025-08-06T19:32:12,8c4a640d584ccdd87104caa6aa9ccba8ae94998e226c6e8ec2d1530945116726
/home/rich/Pictures/pictures-1-001/pictures/FB_IMG_1602743601917.jpg,FB_IMG_1602743601917.jpg,.jpg,25496,2025-08-06T19:32:12,7b56d1efb7128f1a3e0caa4c0b34c4861fe0a66a5cd41440c4e2d27b3e3111fd
/home/rich/Pictures/pictures-1-001/pictures/FB_IMG_1602743608061.jpg,FB_IMG_1602743608061.jpg,.jpg,36493,2025-08-06T19:32:12,467a3824ddd06e27a6cf9c94ef3aea2044d03fa6471176808f1b35fae7de2754
/home/rich/Pictures/pictures-1-001/pictures/FB_IMG_1602743642761.jpg,FB_IMG_1602743642761.jpg,.jpg,49321,2025-08-06T19:32:12,f3c69bed0aaa89e29772f54d618e78d9d1f33cff5efa61182f584390c38c4f9e
/home/rich/Pictures/pictures-1-001/pictures/FB_IMG_1602743680651.jpg,FB_IMG_1602743680651.jpg,.jpg,68515,2025-08-06T19:32:12,825564e51a450b14eb4fc646876c2ee7f86c14d2c9871bb945e689987b332a71
/home/rich/Pictures/pictures-1-001/pictures/FB_IMG_1602743719469.jpg,FB_IMG_1602743719469.jpg,.jpg,44706,2025-08-06T19:32:12,1d7731d3533b4f9b73b0b44241c5676a2e199a850e2b3b8666cbb5aeab569056
/home/rich/Pictures/pictures-1-001/pictures/FB_IMG_1602743731538.jpg,FB_IMG_1602743731538.jpg,.jpg,62118,2025-08-06T19:32:12,c1be0fcd952b58e37500ce9a35153decfb8d06f31eb8d8712ad2893c14c976f5
/home/rich/Pictures/pictures-1-001/pictures/FB_IMG_1602743778363.jpg,FB_IMG_1602743778363.jpg,.jpg,67550,2025-08-06T19:32:12,311ab1d8e1f0e20a8057c87505ed0213f15c917c5d326affbe8d1bce5610dca6
/home/rich/Pictures/pictures-1-001/pictures/FB_IMG_1602743784379.jpg,FB_IMG_1602743784379.jpg,.jpg,42319,2025-08-06T19:32:12,f629c90f3c2ad9a7cdd4b49607c6f32becf2c7fea6116d26c7279d96ebdb9899
/home/rich/Pictures/pictures-1-001/pictures/FB_IMG_1602743796450.jpg,FB_IMG_1602743796450.jpg,.jpg,50792,2025-08-06T19:32:13,fc3876ca86decbb2d5f677f46480111e958c1c60eac8e0ceb7b263d9c64b4f68
/home/rich/Pictures/pictures-1-001/pictures/FB_IMG_1602743851211.jpg,FB_IMG_1602743851211.jpg,.jpg,54533,2025-08-06T19:32:13,d1afa82e42111b45589b1701aa435b08b62f62abf57605425fe4912ae210bb15
/home/rich/Pictures/pictures-1-001/pictures/FB_IMG_1602743860137.jpg,FB_IMG_1602743860137.jpg,.jpg,67161,2025-08-06T19:32:12,22656a183f272cc409cef4b83c480b205bb87aeb5678394db513bfa51d6e8669
/home/rich/Pictures/pictures-1-001/pictures/FB_IMG_1602743864670.jpg,FB_IMG_1602743864670.jpg,.jpg,60867,2025-08-06T19:32:13,800f12f5fc8802896f5587cb6fad95b98f7ddb553b04c94812602ce702567fda
/home/rich/Pictures/pictures-1-001/pictures/FB_IMG_1602743947641.jpg,FB_IMG_1602743947641.jpg,.jpg,33048,2025-08-06T19:32:13,f6a3d3542086126904ea93921ee0e51a5776fd759d1d90e2587478786783bafa
/home/rich/Pictures/pictures-1-001/pictures/FB_IMG_1602743951107.jpg,FB_IMG_1602743951107.jpg,.jpg,82913,2025-08-06T19:32:13,7b01e9382df9cf2449e157512cb86c4e01cd9a724b68f4397d624edb0498b10e
/home/rich/Pictures/pictures-1-001/pictures/FB_IMG_1602743962424.jpg,FB_IMG_1602743962424.jpg,.jpg,28837,2025-08-06T19:32:13,ab398e8c0356fd26dd15b366bf45084f71664fec3bd2545ed45bd484d81896c5
/home/rich/Pictures/pictures-1-001/pictures/FB_IMG_1602743967533.jpg,FB_IMG_1602743967533.jpg,.jpg,104041,2025-08-06T19:32:13,85e2d0a1d22e7efd47a7ef9f6da1a6af8989a130dd8db9f74c6397df05fcf1e3
/home/rich/Pictures/pictures-1-001/pictures/FB_IMG_1602743982923.jpg,FB_IMG_1602743982923.jpg,.jpg,26548,2025-08-06T19:32:13,304407beef1b966fa6ec4010482b74a1adad73efbc440a754198bc6b90df4c1d
/home/rich/Pictures/pictures-1-001/pictures/FB_IMG_1602744071802.jpg,FB_IMG_1602744071802.jpg,.jpg,37866,2025-08-06T19:32:12,5d1ca0db871efa543975ecceff852af7462f0227c8b503daf9adef6f763a1a3b
/home/rich/Pictures/pictures-1-001/pictures/FB_IMG_1602744079865.jpg,FB_IMG_1602744079865.jpg,.jpg,37754,2025-08-06T19:32:12,8fa0d5cb6e479d0ea09091c74c5b32e26a3a43f2a4002d0c86f049b5b66a0ada
/home/rich/Pictures/pictures-1-001/pictures/FB_IMG_1602744128719.jpg,FB_IMG_1602744128719.jpg,.jpg,74996,2025-08-06T19:32:13,db0129b2bde15e6902397ad25d3519262095a4ee4b51ad85af11590d486ba092
/home/rich/Pictures/pictures-1-001/pictures/FB_IMG_1602744151385.jpg,FB_IMG_1602744151385.jpg,.jpg,56921,2025-08-06T19:32:13,dcebe7759d6b1158795455ac56da31e2a111bbb09ce50570e73fe8246d2cd255
/home/rich/Pictures/pictures-1-001/pictures/FB_IMG_1602744182279.jpg,FB_IMG_1602744182279.jpg,.jpg,37066,2025-08-06T19:32:13,89106392e84dbcf1a08dd196ca1806c10db9ee76b0583414e1da633ce1a7f55c
/home/rich/Pictures/pictures-1-001/pictures/FB_IMG_1635727647632.jpg,FB_IMG_1635727647632.jpg,.jpg,137481,2025-08-06T19:32:04,48779e7922a63b548efabf39c2d67bf15b9467fbfc96dd1d7a28172f1f6adbf2
/home/rich/Pictures/pictures-1-001/pictures/FB_IMG_1635727661300.jpg,FB_IMG_1635727661300.jpg,.jpg,107123,2025-08-06T19:32:04,24a53f1277ff04aac4e55e22d8389e16b1b12029e108b4f9057b7dfbdb546c13
/home/rich/Pictures/pictures-1-001/pictures/FB_IMG_1635727667724.jpg,FB_IMG_1635727667724.jpg,.jpg,154601,2025-08-06T19:32:04,c1c47133b08a1ba0c86909fbf79938270104d5d9cf42ac8e97bea3deb9d01342
/home/rich/Pictures/pictures-1-001/pictures/FB_IMG_1662581873187.jpg,FB_IMG_1662581873187.jpg,.jpg,486485,2025-08-06T19:31:59,ef284301f6d26c95bd83fb240f7dce580a09cee7dc9fd0cad9ade8f2eb57195f
/home/rich/Pictures/pictures-1-001/pictures/FB_IMG_1662581917826.jpg,FB_IMG_1662581917826.jpg,.jpg,295969,2025-08-06T19:31:58,ce19e6e49af889bad3c616d33b4fc2211f0e6198a5fdddbc383e3834a940a418
/home/rich/Pictures/pictures-1-001/pictures/FB_IMG_1662581975184.jpg,FB_IMG_1662581975184.jpg,.jpg,283698,2025-08-06T19:31:58,e979bef93d62d73d0df0c63d3d0c6f69cb9b257bde9c9a47ac6d33683dd8ac3b
/home/rich/Pictures/pictures-1-001/pictures/IMG_20170919_223945.jpg,IMG_20170919_223945.jpg,.jpg,135383,2025-08-06T19:32:12,e31f75a458480a36f7ab7edd04f405e62e83214ff2e1601d829745d1c2c4bbbc
/home/rich/Pictures/pictures-1-001/pictures/IMG_20180401_120429.jpg,IMG_20180401_120429.jpg,.jpg,1129850,2025-08-06T19:32:12,62bbcfb3a6e1a21538c83e1340c6969fad80c7405daca3f7e7d823be435d2e05
/home/rich/Pictures/pictures-1-001/pictures/IMG_20180401_120828.jpg,IMG_20180401_120828.jpg,.jpg,1433400,2025-08-06T19:32:12,212156c43ed34397f564d6f47b9aae1d5815d35828dc383a856d2c18c5a076c1
/home/rich/Pictures/pictures-1-001/pictures/IMG_20180418_234835.jpg,IMG_20180418_234835.jpg,.jpg,1187390,2025-08-06T19:32:12,73cb6b0f9910203b88a7b36900435a1f875b02dfecbc72e6c6d15afd7d0e400b
/home/rich/Pictures/pictures-1-001/pictures/IMG_20180418_234844.jpg,IMG_20180418_234844.jpg,.jpg,942398,2025-08-06T19:32:12,1ccb90da646cfdbd72442fb65096d1d3d342e52b8070370235eae07be7067fc9
/home/rich/Pictures/pictures-1-001/pictures/IMG_20180418_234857.jpg,IMG_20180418_234857.jpg,.jpg,1059087,2025-08-06T19:32:12,9869dac0ba5f4b8ffd6befc66b73344964bf0fcd4b6aaf8ec0291bf9022218ba
/home/rich/Pictures/pictures-1-001/pictures/IMG_20180418_234904.jpg,IMG_20180418_234904.jpg,.jpg,875245,2025-08-06T19:32:12,91f866636c792ca79d8be9b6c8379b86548a2a6eedca35a0cf63ca2bee706d78
/home/rich/Pictures/pictures-1-001/pictures/IMG_20180418_234917.jpg,IMG_20180418_234917.jpg,.jpg,1232694,2025-08-06T19:32:12,dd5ad5e4bdaed2b6d52b56f639b859514702d4e456ee373b7d6d9dece7542c8c
/home/rich/Pictures/pictures-1-001/pictures/IMG_20180418_234926.jpg,IMG_20180418_234926.jpg,.jpg,942197,2025-08-06T19:32:12,82c572800de35806d55f1addf5f03d5a026ab73ede352ba6dcee2b0e4023bc31
/home/rich/Pictures/pictures-1-001/pictures/IMG_20191219_160734.jpg,IMG_20191219_160734.jpg,.jpg,827388,2025-08-06T19:32:03,fefe84f15c604f4acc334293acf3661ea621b82228bdb45acb8b63c122471064
/home/rich/Pictures/pictures-1-001/pictures/IMG_20191219_160739.jpg,IMG_20191219_160739.jpg,.jpg,671865,2025-08-06T19:32:03,59d67010f7d564f6bc07045636a66cbc35d1ef2a0c017186f35ebc042aad5c8e
/home/rich/Pictures/pictures-1-001/pictures/IMG_20191226_094022.jpg,IMG_20191226_094022.jpg,.jpg,818807,2025-08-06T19:32:03,35621ebefa602a814a76cfdf1131ded1e77ea467022bc3fd97a067fc784833eb
/home/rich/Pictures/pictures-1-001/pictures/IMG_20191226_094039.jpg,IMG_20191226_094039.jpg,.jpg,1057628,2025-08-06T19:32:03,33a919091d19e246e7e6a5ff2e3effb6555102fc7e3d8b60c096de2aae9b3705
/home/rich/Pictures/pictures-1-001/pictures/IMG_20191226_094100.jpg,IMG_20191226_094100.jpg,.jpg,664777,2025-08-06T19:32:03,fc502b395fab30604ccebb4eafb50c41cfb05dfc6e6fd60546972b7a55718306
/home/rich/Pictures/pictures-1-001/pictures/IMG_20200115_030718.jpg,IMG_20200115_030718.jpg,.jpg,79124,2025-08-06T19:32:03,98d30278c7609fb470bfac994d19af06cc737f57f7cc13bd43e832e06772e2ee
/home/rich/Pictures/pictures-1-001/pictures/IMG_20200115_030729.jpg,IMG_20200115_030729.jpg,.jpg,63860,2025-08-06T19:32:03,3dd7ad0212a29f6601b7b18a309af8b77edf352c105f124a9585d32105edb6bd
/home/rich/Pictures/pictures-1-001/pictures/IMG_20200120_155254.jpg,IMG_20200120_155254.jpg,.jpg,96960,2025-08-06T19:32:02,b02dea2137f1744730afae6df8d4a29eb09074a09d3dad7221461bb0058cc0c6
/home/rich/Pictures/pictures-1-001/pictures/IMG_20200123_193232.jpg,IMG_20200123_193232.jpg,.jpg,125799,2025-08-06T19:32:03,3ddad20a76b4f2391aae7c999d3121e9e94d6444b02a72297ed649abe23697f5
/home/rich/Pictures/pictures-1-001/pictures/IMG_20200123_193251.jpg,IMG_20200123_193251.jpg,.jpg,325010,2025-08-06T19:32:02,aa394f2a6e3a48cdc31afc9c30a15531edd5dc6ded25193ae8b27688cdd7ffa0
/home/rich/Pictures/pictures-1-001/pictures/IMG_20200123_210725.jpg,IMG_20200123_210725.jpg,.jpg,154011,2025-08-06T19:32:02,4eaffc73d38dff66390202573bd361d93db27d13a094eea2668b3d7dd3bd7df7
/home/rich/Pictures/pictures-1-001/pictures/IMG_20200123_210901.jpg,IMG_20200123_210901.jpg,.jpg,109626,2025-08-06T19:32:02,582a1ec6e0445e9dbb76d4f07981b7500d3a3bd1e648951fb7e529cc1a0611e6
/home/rich/Pictures/pictures-1-001/pictures/IMG_20200123_211123.jpg,IMG_20200123_211123.jpg,.jpg,70753,2025-08-06T19:32:03,629691161ebd4e075e6b8953517148a917fff81a2047afe844910cf2b2c3d635
/home/rich/Pictures/pictures-1-001/pictures/IMG_20200123_211252.jpg,IMG_20200123_211252.jpg,.jpg,76961,2025-08-06T19:32:02,e311a85d2d20602124fc9e24635ca9f42e3f428dd8337633d9fd14e010e62f40
/home/rich/Pictures/pictures-1-001/pictures/IMG_20200125_121605.jpg,IMG_20200125_121605.jpg,.jpg,632638,2025-08-06T19:32:02,ee0ce7604817e9608aa6412a7ca32bad1eab7626db66134e4c1eafdaddc205da
/home/rich/Pictures/pictures-1-001/pictures/IMG_20200125_121617.jpg,IMG_20200125_121617.jpg,.jpg,771923,2025-08-06T19:32:02,af79e0a5c81ef40ba2a2562abda849f85588cf1f224ca0540b242debca02a99b
/home/rich/Pictures/pictures-1-001/pictures/IMG_20200125_121621.jpg,IMG_20200125_121621.jpg,.jpg,1128149,2025-08-06T19:32:02,17a0d0735fc13e5bf3bc30636c6dac78f33ddca9210b1c6a1ce22834af669147
/home/rich/Pictures/pictures-1-001/pictures/IMG_20200128_134844.jpg,IMG_20200128_134844.jpg,.jpg,125474,2025-08-06T19:32:02,5b041b0f6041f7960b9313d6c9b159e1451bef92eb47b26a37d527ed3e2b3ee0
/home/rich/Pictures/pictures-1-001/pictures/IMG_20200130_205326.jpg,IMG_20200130_205326.jpg,.jpg,426641,2025-08-06T19:32:02,83e959054b484c8c1a3002eb8d12d004f248590159484dddbf77e9c8c57e8604
/home/rich/Pictures/pictures-1-001/pictures/IMG_20200205_030946.jpg,IMG_20200205_030946.jpg,.jpg,99536,2025-08-06T19:32:02,ec4001f5e8d951040a950662eb96cdaf9dbaea50930afde8f356fc3154b0e5b1
/home/rich/Pictures/pictures-1-001/pictures/IMG_20200205_031008.jpg,IMG_20200205_031008.jpg,.jpg,99773,2025-08-06T19:32:02,947a1fd8ec1eda534e7ff8aa1ddca4da9bc77bce918d06fe63fa85cfad29775e
/home/rich/Pictures/pictures-1-001/pictures/IMG_20200205_031134.jpg,IMG_20200205_031134.jpg,.jpg,88573,2025-08-06T19:32:02,78edc26d24a85b43a597afaed370ac669ce9e559bce517357a24b97e756ccb60
/home/rich/Pictures/pictures-1-001/pictures/IMG_20200205_031330.jpg,IMG_20200205_031330.jpg,.jpg,92103,2025-08-06T19:32:02,3b1b03038cea8a33ce61aa320280af5979f45e898c4fcfbea373ba804d49814a
/home/rich/Pictures/pictures-1-001/pictures/IMG_20200206_152340.jpg,IMG_20200206_152340.jpg,.jpg,120668,2025-08-06T19:32:02,f93892040f37ed1b8d59482053ad846a3722fe05228effac2ec68c404c281df6
/home/rich/Pictures/pictures-1-001/pictures/IMG_20200206_152404.jpg,IMG_20200206_152404.jpg,.jpg,98212,2025-08-06T19:32:02,2dd6700309e543406ae27aac400f5b53fef967f84d385dce1e7845ee5687e1bb
/home/rich/Pictures/pictures-1-001/pictures/IMG_20200207_034756.jpg,IMG_20200207_034756.jpg,.jpg,88626,2025-08-06T19:32:02,4486607704360e61ebb7098043a8bfff79fa3dd332376fc6ba3d381072192f54
/home/rich/Pictures/pictures-1-001/pictures/IMG_20200220_194948.jpg,IMG_20200220_194948.jpg,.jpg,450323,2025-08-06T19:32:02,1613b71c2f2b7ba2cf6a8feb1b174e51fa9ad2941130f0ad731b89be5eed6d45
/home/rich/Pictures/pictures-1-001/pictures/IMG_20200220_194956.jpg,IMG_20200220_194956.jpg,.jpg,858589,2025-08-06T19:32:02,f38dce573eb01a8adbccd49ff1b4f65e411bf5afda6273821d424674b5432932
/home/rich/Pictures/pictures-1-001/pictures/IMG_20200221_230252.jpg,IMG_20200221_230252.jpg,.jpg,569386,2025-08-06T19:32:02,94f16c33114febc965b10d68bc47231866d8295f67a05d33d15fabb27d829bf1
/home/rich/Pictures/pictures-1-001/pictures/IMG_20200303_123654.jpg,IMG_20200303_123654.jpg,.jpg,147362,2025-08-06T19:32:02,0e46c8acfd76fe4c7a0b98ada76e663d0b64bc901cc936c16b484f496115f296
/home/rich/Pictures/pictures-1-001/pictures/IMG_20240612_140136941_HDR.jpg,IMG_20240612_140136941_HDR.jpg,.jpg,1983846,2025-08-06T19:31:58,c695f817d5e5803fa469d9fe86f502fdb5270b2b64cfababb0f3a1ba6a299c7e
/home/rich/Pictures/pictures-1-001/pictures/IMG_20240921_145058668.jpg,IMG_20240921_145058668.jpg,.jpg,1407795,2025-08-06T19:31:58,a7e14598c0edab59af1ab3a86d46b71afa78dff376b674abacb927707d9c97bc
/home/rich/Pictures/pictures-1-001/pictures/IMG_20240921_145102396.jpg,IMG_20240921_145102396.jpg,.jpg,1421090,2025-08-06T19:31:58,2c7c6f22e4ea31da67a8716c9deaf39f0b0d570530c140e93fad1ea2737426de
/home/rich/Pictures/pictures-1-001/pictures/IMG_20240921_145108087.jpg,IMG_20240921_145108087.jpg,.jpg,1435781,2025-08-06T19:31:58,85b9c302c8bd54deb5dd3de01beb3a44dc550393332589feb502193fcfb79895
/home/rich/Pictures/pictures-1-001/pictures/IMG_20241012_125513391.jpg,IMG_20241012_125513391.jpg,.jpg,1628026,2025-08-06T19:31:58,d10fc9e35b77e79f603475f908c8d915595e76179f41c9b19bac263be75a1ccd
/home/rich/Pictures/pictures-1-001/pictures/IMG_20241205_235957431.jpg,IMG_20241205_235957431.jpg,.jpg,1390227,2025-08-06T19:31:59,aca8417b13a064b1577da8bdb9f6f3112205b3848fabc92c464c7993e794a51a
/home/rich/Pictures/pictures-1-001/pictures/IMG_20250121_102427775.jpg,IMG_20250121_102427775.jpg,.jpg,1457659,2025-08-06T19:32:00,c4292cf53ea8c572a406c99a40475e1c24573237482e4f765e5132953ed4d366
/home/rich/Pictures/pictures-1-001/pictures/IMG_20250121_102431470.jpg,IMG_20250121_102431470.jpg,.jpg,1390182,2025-08-06T19:31:59,db13177e9f720c8f6c7f853a65ef1463f1c8a8fa2bbec8669b4ea440296aee39
/home/rich/Pictures/pictures-1-001/pictures/IMG_20250127_233150695.jpg,IMG_20250127_233150695.jpg,.jpg,1210562,2025-08-06T19:32:00,c8f9880231c5dfb84c3093feb8ba01356ac02bf18fbefb3c887e8d9a2bc7a74b
/home/rich/Pictures/pictures-1-001/pictures/IMG_20250614_145614795.jpg,IMG_20250614_145614795.jpg,.jpg,2240152,2025-08-06T19:32:00,1f1e216d7328eca6449e754680698c138ea60f77f30055452f8712a8dff99a02
/home/rich/Pictures/pictures-1-001/pictures/IMG_20250614_145619125.jpg,IMG_20250614_145619125.jpg,.jpg,2127097,2025-08-06T19:32:00,14819edee0bf00a333f2f3a4fe5e5f6ea9d33825f89b4f22e65ccbd683cf7597
/home/rich/Pictures/pictures-1-001/pictures/IMG_20250614_145629863.jpg,IMG_20250614_145629863.jpg,.jpg,1689898,2025-08-06T19:31:59,4a3ede542231ee1c1fdae8633b2ac6ba06b4489fa98b82bbb3b77a5ee3833cfe
/home/rich/Pictures/pictures-1-001/pictures/IMG_20250614_185122079_PORTRAIT.jpg,IMG_20250614_185122079_PORTRAIT.jpg,.jpg,3541241,2025-08-06T19:31:59,04cc2a44a5f647434df6533aa3720fbd6c37d76d4cc4ebf92da855369a1b1f89
/home/rich/Pictures/pictures-1-001/pictures/IMG_20250614_185135380.jpg,IMG_20250614_185135380.jpg,.jpg,2085962,2025-08-06T19:31:59,9c43037aedc59efef9f1d7ef19fa471513662ade56f13ec542d8d2630004c05a
/home/rich/Pictures/pictures-1-001/pictures/IMG_20250614_185141438.jpg,IMG_20250614_185141438.jpg,.jpg,2294971,2025-08-06T19:31:59,082d316705104ab3266943aa456f50159c7592942b2e7ccb5f97871c54728f99
/home/rich/Pictures/pictures-1-001/pictures/IMG_20250614_185143819_BURST000_COVER.jpg,IMG_20250614_185143819_BURST000_COVER.jpg,.jpg,2305727,2025-08-06T19:32:00,9fd1a894c1af36ba15cda9c2e9962d2c07c543e99c2a4c6e8fcd0fafac6f55a3
/home/rich/Pictures/pictures-1-001/pictures/IMG_20250614_185144648_BURST000_COVER.jpg,IMG_20250614_185144648_BURST000_COVER.jpg,.jpg,4038655,2025-08-06T19:32:00,a5df987dd52e7746beff51659a78da63cfe482dbac1484223cef6538266cc2ef
/home/rich/Pictures/pictures-1-001/pictures/IMG_20250614_185157604.jpg,IMG_20250614_185157604.jpg,.jpg,2331266,2025-08-06T19:31:59,17dad897da22cbbf18e5698b2c6a193e5ae377efc19b7eafed62804fc2c473c8
/home/rich/Pictures/pictures-1-001/pictures/IMG_20250614_185232988_MP.jpg,IMG_20250614_185232988_MP.jpg,.jpg,2686346,2025-08-06T19:31:59,afd326a7f00185982cab89a1efc00eab2bc292687eef54767ec2bf734ff11d4f
/home/rich/Pictures/pictures-1-001/pictures/IMG_20250614_185240788.jpg,IMG_20250614_185240788.jpg,.jpg,1828345,2025-08-06T19:32:00,4b948f7868b0fac1c3ed339bb79533321f31acc31adb9ffa4b17b8f948f1dff2
/home/rich/Pictures/pictures-1-001/pictures/IMG_20250614_185336326.jpg,IMG_20250614_185336326.jpg,.jpg,2578264,2025-08-06T19:31:58,9ba7f036f84ea1a4770a9dea5f8e40286adcf418feec7ff5874cf75fb38b6ef9
/home/rich/Pictures/pictures-1-001/pictures/IMG_20250614_185525536_PORTRAIT.jpg,IMG_20250614_185525536_PORTRAIT.jpg,.jpg,3122351,2025-08-06T19:31:59,7680e1a6948bbf5fa70287a14d1c2d3c54a0fc54d667abb072de0933c5f06b07
/home/rich/Pictures/pictures-1-001/pictures/IMG_20250614_185531800_PORTRAIT.jpg,IMG_20250614_185531800_PORTRAIT.jpg,.jpg,3079001,2025-08-06T19:32:00,0812ea8575f3f1dfcd5f6174b6bed4f28877526052ffc5086f2fcc1e33e97cc3
/home/rich/Pictures/pictures-1-001/pictures/IMG_20250614_185536612_PORTRAIT.jpg,IMG_20250614_185536612_PORTRAIT.jpg,.jpg,2711028,2025-08-06T19:32:00,d4a29b9832588c31c5155ed7a94165796e65fcc1b3fd0ceec3f83e278a5a5a9c
/home/rich/Pictures/pictures-1-001/pictures/ProfilePhoto.jpg,ProfilePhoto.jpg,.jpg,41513,2025-08-06T19:32:10,65b99845da6523d5f89aa27227e6de1d0985ef3100ba8c53d493b641a1d4eda0
/home/rich/Pictures/pictures-1-001/pictures/received_361328765877921.jpeg,received_361328765877921.jpeg,.jpeg,182726,2025-08-06T19:32:02,df57ee5a7290a2ef06eb7142a82605f4a611afb88c0d6e17392b920345f158d2
